Well_ID,Depth_m,Permeability_mD,API_Gravity,Init_Press_psi,CSS_Cycle,Steam_Temp_C,Steam_Quality_pct,Steam_Vol_bbl,Soak_Days,Prod_Temp_C,Oil_Viscosity_cP,VFD_SPM,Stroke_Len_in,PPRL_lbs,MPRL_lbs,Oil_Rate_bpd,Failure_Rod_Float,Failure_Pump_Unset
BGH-138,1279.7,1417.8,15.6,1114.8,4,261.1,74.0,13010.2,5,92.4,1918.0,3.1,64,15836.1,5151.7,534.4,0,0
BGH-128,1176.7,1403.7,15.1,1148.9,2,266.8,78.4,12578.2,11,173.1,187.5,7.0,54,15117.8,4745.2,1021.4,0,1
BGH-114,1204.9,1287.1,14.8,1100.8,4,313.8,80.6,16795.4,13,142.5,407.2,4.2,74,15288.5,4861.0,1240.5,0,0
BGH-142,1256.0,1770.4,14.9,1079.8,4,270.2,78.8,15209.9,12,123.8,693.6,3.2,64,16141.3,4745.8,545.4,0,0
BGH-107,1166.2,1342.4,15.5,1030.5,4,307.3,80.3,14045.4,8,61.8,6208.2,4.9,86,15198.4,4806.7,1288.8,0,0
BGH-120,1248.2,1598.1,16.0,989.8,5,270.0,73.8,16205.1,9,61.8,6208.2,6.7,100,15705.3,4782.5,1348.2,1,0
BGH-138,1096.9,1367.7,15.5,1098.4,1,315.8,82.5,19234.6,7,48.1,11294.1,4.8,100,15865.9,5134.7,1766.4,1,0
BGH-118,1227.5,1404.6,15.4,1130.8,5,314.0,76.7,15515.9,6,161.3,249.6,4.2,100,15202.8,5210.2,1246.8,0,0
BGH-122,1278.6,1477.2,14.1,1058.4,2,253.0,84.8,15582.7,7,124.2,685.4,5.5,74,14772.5,4721.1,1043.1,0,0
BGH-110,1171.0,1609.0,16.2,1152.8,5,303.9,70.3,14956.9,11,139.1,447.0,5.6,64,15499.7,4624.6,1228.7,0,0
BGH-110,1255.9,1448.2,15.5,1065.6,5,261.9,75.7,14215.6,12,42.9,14367.8,6.4,54,15530.3,4704.1,1010.1,1,0
BGH-123,1291.7,1272.2,15.2,1154.2,3,265.1,72.7,16638.2,6,175.8,176.0,6.6,64,15065.0,4860.0,1589.9,0,0
BGH-135,1187.3,1503.8,15.7,1061.0,2,282.2,78.3,14614.8,13,156.5,281.7,6.2,86,16479.3,4923.8,1052.8,0,0
BGH-139,1183.1,1346.7,14.8,966.9,2,290.3,73.6,15999.8,8,69.7,4493.1,3.0,100,15371.0,4749.2,807.6,0,0
BGH-123,1155.1,1808.8,15.2,1131.3,2,272.8,81.1,18001.2,6,65.5,5325.8,3.0,64,15785.3,5440.1,810.9,1,0
BGH-102,1174.5,1448.0,15.6,1053.9,5,290.3,83.2,16489.5,11,65.7,5282.4,7.4,64,15010.4,4771.7,1725.9,1,1
BGH-121,1159.2,1366.4,15.0,1022.9,2,261.9,73.2,12452.6,6,82.6,2733.1,4.2,54,15298.8,4924.4,715.1,0,0
BGH-101,1155.0,1895.0,14.2,1124.1,3,251.6,72.4,12335.6,11,113.5,950.9,4.3,86,16117.1,4953.1,517.7,0,0
BGH-123,1259.9,1647.8,14.1,1055.5,4,290.0,83.1,17506.6,12,100.5,1451.4,6.3,100,15894.8,4652.2,1583.1,0,0
BGH-143,1160.5,1320.6,15.9,1029.4,5,286.2,75.4,14775.6,13,80.8,2923.1,5.6,54,16393.8,5063.9,899.7,0,0
BGH-129,1212.9,1341.8,15.5,1165.6,4,298.3,76.5,15521.7,5,125.7,655.6,5.1,100,15230.8,5256.2,1320.8,0,0
BGH-137,1201.9,1594.8,15.4,1089.8,4,295.5,73.3,13416.3,6,59.5,6840.7,3.5,54,15346.2,4771.2,853.2,1,0
BGH-101,1274.9,1508.7,14.6,1028.2,5,312.8,76.4,16232.1,6,80.9,2912.1,3.4,54,15377.2,5107.8,1007.1,0,0
BGH-120,1174.8,1678.0,15.5,1076.8,5,282.2,73.5,18775.7,11,91.3,1993.9,6.2,100,15879.1,4779.5,1467.3,0,0
BGH-132,1219.1,1367.5,15.2,1206.6,2,250.6,80.0,15303.2,10,103.8,1300.1,3.6,86,15640.0,4784.5,505.0,0,0
BGH-111,1239.6,1640.2,15.0,1105.6,3,294.1,77.5,16295.7,13,149.9,334.1,5.0,74,15328.9,4867.5,1127.5,0,0
BGH-121,1274.5,1052.3,15.4,1067.9,5,297.3,81.8,17490.9,7,68.0,4810.8,6.3,74,15966.5,4884.1,1820.4,0,0
BGH-143,1174.1,1469.1,15.7,1125.1,4,286.5,74.7,18360.3,12,112.0,997.0,7.2,64,16146.2,4907.9,1746.3,0,0
BGH-124,1169.1,1376.6,16.9,1077.3,5,298.3,77.6,13641.5,9,122.9,712.6,6.9,64,15877.5,4998.3,1287.1,0,0
BGH-148,1146.9,1409.0,16.0,1074.5,3,272.7,73.9,15827.3,9,46.5,12152.2,6.9,86,15507.7,4771.5,1311.0,1,0
BGH-126,1311.8,1479.4,16.2,1067.2,1,260.4,84.0,17550.3,9,125.1,667.4,4.6,74,15384.1,4886.2,1063.2,0,0
BGH-141,1269.2,1727.7,16.4,1142.7,4,296.5,77.8,18108.2,12,63.9,5688.5,7.2,64,14907.0,5142.5,2082.7,1,0
BGH-127,1197.9,1269.2,14.9,1109.7,1,267.2,72.6,14152.6,11,49.1,10792.8,6.1,74,15515.9,4675.0,1054.1,1,0
BGH-115,1296.6,1062.4,15.2,1171.1,1,281.9,74.1,13659.7,11,172.8,188.9,7.0,74,15734.1,4941.6,1392.5,0,0
BGH-114,1194.9,1292.4,14.8,1115.3,3,284.4,71.2,14690.0,8,175.2,178.5,3.4,74,15842.2,4698.2,699.2,0,0
BGH-146,1236.2,1704.5,15.0,1176.4,5,283.4,70.4,14358.5,10,153.2,306.6,3.2,64,15008.5,5075.9,667.2,0,0
BGH-143,1200.5,1171.0,15.2,1132.5,1,291.9,77.9,14442.7,5,82.6,2733.1,4.9,64,15189.2,4885.1,1239.4,0,0
BGH-102,1219.9,1385.6,14.9,1087.0,2,252.1,75.1,15823.9,10,53.7,8790.0,6.7,86,16551.6,4700.8,979.9,0,0
BGH-136,1214.6,1667.9,15.7,1093.2,5,319.3,84.5,13918.4,9,135.8,490.1,4.8,54,16043.0,4625.2,1138.1,0,0
BGH-106,1178.8,1488.3,15.8,1191.4,4,300.1,72.6,18118.3,5,101.6,1398.8,7.0,64,15557.7,4891.5,1997.3,0,0
BGH-120,1254.6,1725.7,14.5,1165.2,5,279.8,81.9,14190.7,5,57.1,7580.4,4.1,100,15785.3,4898.2,774.4,0,0
BGH-108,1235.8,1093.0,15.3,1177.3,3,263.4,74.7,13797.7,7,109.3,1086.7,3.2,54,14932.8,5039.8,602.9,0,0
BGH-138,1251.4,1435.7,15.3,1049.6,3,255.6,73.4,12660.3,8,44.8,13146.1,6.4,74,15812.0,4653.1,1077.0,1,0
BGH-117,1216.0,1767.4,14.3,1006.2,4,297.1,84.5,17514.5,5,167.3,215.4,5.8,86,15451.3,5185.0,1887.0,0,0
BGH-103,1154.7,1274.6,14.9,1057.8,4,272.2,82.0,12413.2,11,76.2,3481.6,5.0,100,15199.5,4730.9,633.1,0,0
BGH-124,1285.5,1707.0,16.2,1108.3,4,266.1,79.5,15914.7,6,132.8,533.5,6.8,100,16058.0,4629.3,1222.4,0,0
BGH-113,1186.9,1452.9,16.2,1067.7,3,276.6,80.5,16389.1,8,83.6,2633.8,6.7,54,15576.0,4988.0,1369.7,0,0
BGH-149,1218.2,1586.8,14.2,1101.4,5,291.5,84.9,9167.1,13,112.8,972.1,4.5,86,16387.9,4802.1,538.5,0,0
BGH-108,1231.8,1752.9,15.9,1077.4,1,297.0,78.9,12382.6,12,116.5,865.9,6.8,54,15364.5,5182.3,1284.9,0,0
BGH-125,1217.9,1586.0,14.3,1011.8,1,295.2,71.5,14244.3,6,65.9,5239.3,4.6,64,14523.2,4636.9,1233.2,0,0
BGH-101,1245.8,1381.8,15.2,1121.4,2,310.4,71.0,18789.1,13,175.7,176.4,5.8,74,15537.7,4863.9,1880.0,0,0
BGH-119,1253.7,1612.4,15.4,1101.5,3,265.3,80.0,14244.8,5,148.5,346.7,3.9,86,15780.0,5191.1,764.2,0,0
BGH-127,1188.8,1367.6,16.1,1166.5,4,294.6,79.9,13993.1,10,171.5,194.8,4.2,64,15257.6,4938.5,929.4,0,0
BGH-146,1281.3,1554.7,15.4,1108.0,5,257.1,81.2,13500.3,7,165.3,226.2,5.0,74,15862.9,4694.1,790.4,0,0
BGH-106,1186.7,1249.6,14.7,1139.1,3,288.4,71.6,13469.1,5,123.7,695.7,4.4,74,15818.5,4928.5,917.4,0,0
BGH-143,1216.8,1505.8,14.6,1059.0,2,290.9,84.2,13729.7,12,169.1,206.3,3.6,64,15167.8,4915.9,783.7,0,0
BGH-107,1180.6,1737.9,15.6,1117.4,1,265.1,78.3,13655.8,10,52.4,9309.5,5.2,86,16979.7,5081.5,816.2,1,0
BGH-146,1166.3,1440.2,15.0,1140.4,5,277.4,79.7,13570.3,8,67.4,4929.0,5.3,100,15495.4,5224.5,922.1,0,0
BGH-134,1252.2,1718.7,15.2,1127.8,1,307.9,70.5,13568.0,7,46.3,12264.6,3.7,54,16237.0,4898.3,946.0,1,0
BGH-113,1356.1,2118.7,16.3,1088.7,5,260.4,84.4,14237.7,6,85.5,2456.2,3.8,86,15974.5,4851.3,624.7,0,0
BGH-116,1181.9,1494.2,15.8,1117.5,4,280.4,78.4,16901.6,9,94.4,1788.4,3.1,100,16153.3,4854.0,773.2,0,0
BGH-135,1260.8,1622.8,16.8,1131.1,5,315.3,78.5,12757.7,12,78.0,3249.6,3.1,100,15631.3,5000.0,742.5,0,0
BGH-149,1183.7,1595.4,14.7,1160.1,4,285.3,84.2,13706.1,12,156.0,285.3,4.6,100,15737.1,5005.1,853.2,0,0
BGH-139,1199.5,1545.0,14.9,1071.9,3,300.8,83.9,13960.6,7,89.9,2095.5,3.7,54,14936.7,5000.5,903.6,0,0
BGH-103,1287.9,1657.6,15.6,1044.2,1,307.9,73.3,14999.9,13,79.3,3093.0,7.1,54,15391.6,4611.9,1875.0,0,0
BGH-101,1146.3,1450.4,17.0,1058.4,5,264.3,84.0,13474.3,9,116.0,879.4,3.9,54,15009.1,4690.8,645.6,0,0
BGH-105,1133.1,1367.5,14.9,1107.3,5,265.3,81.0,19150.8,11,59.7,6782.9,3.3,100,15689.8,5158.8,620.8,0,0
BGH-141,1195.6,1194.7,15.5,1100.2,2,303.1,70.3,16166.4,13,152.3,313.8,4.8,64,15997.0,4656.1,1313.0,0,0
BGH-103,1233.2,1431.4,16.6,1131.4,1,302.7,73.6,16948.8,11,50.4,10178.5,3.9,54,15420.0,4843.2,1248.0,1,0
BGH-128,1223.2,1680.3,15.5,1141.5,3,254.2,76.2,15477.2,7,178.2,166.5,3.3,100,15780.9,5287.4,556.4,0,0
BGH-117,1218.0,1312.0,16.3,1005.7,4,272.6,78.7,17808.7,6,148.1,350.4,6.4,86,16296.8,4886.6,1612.1,0,0
BGH-125,1201.7,1549.3,17.1,1075.9,3,277.9,80.5,12713.7,11,67.8,4849.8,5.5,100,15263.5,4913.6,1057.9,0,0
BGH-143,1239.3,1475.4,15.7,1110.6,2,308.0,73.2,13885.1,12,40.8,15870.5,3.3,54,15647.9,4856.9,798.3,1,0
BGH-133,1054.3,1375.9,15.9,1155.8,3,279.5,82.6,13366.9,8,154.2,298.8,5.1,54,16209.2,4971.5,934.7,0,0
BGH-109,1162.5,1129.4,16.1,1097.3,4,314.8,82.7,14657.2,5,139.0,448.2,3.2,54,15715.0,5142.8,897.4,0,0
BGH-135,1195.3,1772.6,14.8,1168.3,1,319.8,79.5,18167.4,10,142.1,411.6,4.6,64,16114.2,5008.5,1598.9,0,0
BGH-113,1235.2,1603.4,14.3,1127.6,2,304.7,83.8,19398.7,13,148.0,351.3,4.6,74,16028.4,4880.7,1628.4,0,0
BGH-130,1274.5,2033.1,15.6,1119.0,5,296.6,82.2,16909.3,8,50.4,10178.5,6.7,64,15137.9,4813.3,1941.0,1,0
BGH-147,1155.7,1715.9,15.0,1094.5,5,277.4,73.3,14804.1,7,90.2,2073.2,6.3,86,15515.0,4853.4,1258.1,0,0
BGH-114,1272.9,1768.1,16.3,1098.8,1,254.7,82.0,17240.1,10,56.2,7881.0,7.0,54,16391.6,4855.1,1119.1,1,0
BGH-107,1177.4,1150.1,15.8,1116.5,3,290.1,84.3,17966.3,10,160.8,252.8,3.6,74,15459.3,4492.4,866.2,0,0
BGH-113,1193.5,1146.6,16.3,1090.2,5,275.3,72.1,17353.0,8,127.3,625.5,5.4,86,14504.7,4966.6,1269.7,0,0
BGH-122,1229.1,1508.5,14.5,1155.6,2,274.6,84.7,14732.7,11,86.3,2385.6,3.1,100,14188.7,5096.7,556.7,0,0
BGH-139,1189.8,1270.4,16.3,1144.0,4,298.1,70.4,14785.9,6,48.9,10891.0,6.7,74,14548.1,4843.2,1817.7,1,0
BGH-120,1255.5,1363.7,13.7,1159.9,3,282.5,77.8,13683.5,5,83.5,2643.5,4.6,64,15905.0,4779.8,1026.8,0,0
BGH-115,1179.8,2005.3,14.6,1048.0,4,302.6,81.6,14509.6,10,85.5,2456.2,3.3,54,15496.2,4760.3,775.6,0,0
BGH-144,1180.5,1738.0,16.0,1046.4,3,277.9,81.9,13401.4,7,142.1,411.6,4.5,74,15377.0,4503.7,796.6,0,0
BGH-117,1252.6,1312.9,15.1,1124.4,2,260.6,81.0,14871.2,7,129.3,590.0,4.3,86,15250.6,4893.0,761.6,0,0
BGH-146,1161.8,1026.8,15.2,1096.0,4,282.3,77.9,14953.7,5,164.2,232.3,6.4,64,16047.1,4928.6,1447.9,0,0
BGH-123,1212.4,1296.0,15.6,1112.9,2,316.6,79.8,13272.8,6,106.1,1205.4,3.6,86,15615.8,5107.6,914.2,0,0
BGH-125,1117.0,1388.6,16.6,1044.1,4,306.1,80.5,20370.8,7,56.7,7712.4,5.5,86,14665.2,5414.5,2143.6,1,0
BGH-124,1291.0,1435.7,14.0,1027.1,3,264.4,77.4,15592.2,5,139.9,437.2,6.6,54,15264.2,4870.8,1384.4,0,0
BGH-144,1260.3,1244.2,16.5,1111.6,2,277.4,78.9,17584.9,12,146.5,365.6,6.3,74,15541.9,5067.3,1446.3,0,0
BGH-140,1337.5,1726.0,16.5,1062.0,3,314.9,82.7,17401.2,10,118.6,811.7,7.2,86,15307.6,4564.5,2397.1,0,0
BGH-128,1266.9,1357.7,15.1,1135.7,3,258.7,74.7,18886.0,13,147.9,352.2,3.0,64,15253.9,4825.0,630.0,0,0
BGH-114,1143.5,1629.7,14.9,1069.2,4,267.8,77.8,13186.0,5,109.1,1093.7,4.6,86,15261.6,5088.5,736.1,0,0
BGH-144,1233.4,1510.8,15.4,1055.6,4,268.4,70.1,13909.5,8,113.2,959.9,4.7,86,15200.5,4908.8,766.7,0,0
BGH-100,1154.1,1687.7,14.9,986.7,2,290.0,80.3,11371.9,8,99.9,1481.1,3.1,64,15479.7,5166.7,566.2,0,0
BGH-124,1278.9,1452.4,15.8,1162.4,5,278.8,72.9,11764.8,9,43.6,13903.3,6.7,100,15981.6,5055.0,963.6,1,0
BGH-106,1144.9,1315.0,15.9,1134.9,1,255.6,77.2,12980.5,6,55.1,8267.1,6.1,86,14770.5,5187.9,946.0,1,0
BGH-108,1142.5,1380.3,14.3,1025.2,4,294.0,73.2,14696.3,5,44.4,13393.2,5.4,64,15210.2,5040.9,1188.6,1,0
BGH-123,1119.5,1383.1,14.8,1000.1,3,256.9,70.4,14811.7,13,129.1,593.5,4.8,54,14818.8,4818.2,669.2,0,0
BGH-100,1175.6,1912.9,14.6,1070.1,1,292.4,77.2,21350.1,9,84.0,2595.2,7.0,74,16415.0,5048.8,2444.7,0,0
BGH-143,1165.5,1515.3,15.7,1147.4,2,285.5,76.4,16006.5,12,111.2,1022.6,4.2,64,15466.6,4707.7,890.8,0,0
BGH-107,1136.9,1500.9,16.2,1073.6,1,284.6,76.4,16940.5,7,167.1,216.5,4.5,64,15196.3,5347.0,1329.6,0,0
BGH-123,1299.5,1676.4,14.6,1089.6,1,254.7,73.1,15284.1,8,74.9,3661.0,7.3,74,16140.6,4717.3,1316.8,0,0
BGH-110,1226.5,1500.0,16.2,1149.5,5,294.7,84.2,12374.5,8,97.5,1607.0,3.3,64,15870.4,4931.6,623.1,0,0
BGH-116,1220.6,1724.3,14.8,1050.6,5,280.2,70.1,15593.4,10,145.8,372.5,6.5,100,14855.5,4899.5,1228.1,0,0
BGH-107,1279.5,1425.6,16.1,1065.9,1,278.8,83.4,11771.6,8,72.0,4100.9,6.2,54,15289.3,4994.2,958.6,0,0
BGH-134,1212.8,1405.3,15.3,1111.0,5,291.8,81.1,14639.1,9,50.8,9997.5,7.1,100,15765.8,5094.1,1444.2,0,0
BGH-134,1162.6,1303.9,15.1,1086.0,5,292.4,72.6,16296.0,9,80.6,2945.1,3.4,86,14751.3,4774.3,818.8,0,0
BGH-132,1115.0,1870.0,16.4,1056.1,1,251.1,77.1,13825.5,12,62.6,6004.1,7.4,54,15784.7,4539.5,1011.6,0,0
BGH-104,1159.7,1486.0,16.9,1135.4,4,258.8,84.8,15385.8,13,170.2,200.9,3.1,86,14619.6,4727.2,430.6,0,0
BGH-141,1275.3,1265.2,13.9,1125.9,5,266.6,79.7,13796.0,12,153.1,307.4,4.5,74,15110.4,4924.8,738.2,0,0
BGH-138,1137.2,1539.4,16.0,1141.6,1,297.5,71.9,12789.1,9,128.7,600.4,3.4,64,14863.8,5079.5,811.8,0,0
BGH-140,1217.7,1370.0,15.6,1092.3,4,290.4,76.9,15975.7,10,162.0,245.3,3.2,64,16152.9,5054.8,719.0,0,0
BGH-127,1251.7,1422.1,16.0,1012.0,5,303.0,77.0,17089.1,8,152.5,312.2,7.3,54,15944.8,4942.6,2169.6,0,0
BGH-106,1214.3,1562.2,14.3,1100.5,1,301.8,82.0,17084.1,6,66.1,5196.7,6.2,64,14805.3,4965.8,2026.6,0,0
BGH-108,1219.9,1804.2,14.6,1041.4,5,309.7,83.7,14517.6,9,165.0,227.8,5.3,64,15171.9,5130.6,1375.6,0,0
BGH-107,1232.8,1520.3,15.0,998.7,4,276.4,71.2,10648.4,5,115.5,893.2,3.5,86,15536.4,5094.5,517.2,0,0
BGH-111,1219.0,1357.8,15.7,1086.3,1,274.2,74.7,15176.6,5,153.0,308.2,5.4,100,15225.2,4593.3,1074.6,0,0
BGH-133,1280.5,1399.0,14.9,1105.1,4,308.2,74.5,17538.7,5,165.5,225.1,4.4,64,15010.0,5022.8,1474.6,0,0
BGH-132,1148.0,1631.3,15.2,1179.9,3,266.6,84.9,12370.5,8,84.5,2547.9,4.2,86,16363.5,5011.4,597.2,0,0
BGH-147,1212.0,1108.3,16.2,1039.7,2,282.3,78.4,18561.8,9,55.4,8159.7,5.8,100,15013.4,4730.5,1491.8,1,0
BGH-122,1109.1,1291.5,17.1,1133.9,3,263.6,83.2,10882.1,8,71.9,4117.1,6.6,64,16900.3,4988.5,826.8,0,0
BGH-123,1096.3,1542.5,16.1,1020.1,5,314.0,76.4,15794.0,10,99.8,1486.1,5.0,54,14804.9,4904.1,1387.1,0,0
BGH-136,1195.9,1158.7,16.2,1163.5,4,278.5,80.8,16659.5,6,154.5,296.5,5.2,54,14515.5,5032.8,1182.9,0,0
BGH-134,1227.2,1437.5,15.4,1065.0,1,264.9,74.3,17936.4,9,160.5,254.7,5.9,54,16601.9,4584.0,1187.7,0,0
BGH-143,1281.5,1404.3,14.8,1083.3,4,298.4,83.7,15918.0,10,41.0,15720.0,3.6,74,15538.7,4707.4,794.1,1,0
BGH-139,1321.0,1675.5,15.2,1083.9,5,267.1,76.8,14349.5,9,111.5,1012.9,6.7,54,15759.4,5033.4,1154.2,0,1
BGH-121,1266.0,1449.9,15.5,1137.9,1,316.0,82.1,15336.2,10,98.4,1558.4,6.8,64,15726.4,5055.4,1995.3,0,0
BGH-126,1236.4,1737.3,14.6,1027.5,3,275.7,73.8,13635.3,12,71.1,4249.5,5.4,64,14933.9,4450.9,910.1,0,0
BGH-134,1208.0,1515.8,16.2,1091.1,4,296.5,80.4,11020.6,6,56.8,7679.2,3.8,54,15087.8,4891.7,652.0,1,0
BGH-100,1123.4,1855.3,16.7,1067.9,2,274.2,76.1,14516.0,11,87.3,2300.6,5.3,54,16056.8,4402.8,1054.9,0,0
BGH-134,1192.7,1222.5,15.6,1209.9,5,306.5,70.5,15982.3,10,172.0,192.5,3.5,86,14931.4,5344.8,1068.9,0,0
BGH-136,1264.5,1823.4,16.4,1045.8,5,312.8,76.2,17051.5,12,85.2,2483.3,6.4,100,15170.4,4789.5,2004.8,0,0
BGH-146,1244.9,1417.8,16.5,970.9,4,305.2,78.3,14028.4,13,112.6,978.2,4.4,54,15955.2,4864.9,1072.2,0,0
BGH-113,1135.7,1794.8,14.7,1184.7,3,309.4,72.3,17954.3,12,138.4,455.7,4.4,86,15387.7,4772.0,1257.9,0,0
BGH-102,1230.7,1737.0,14.1,1124.6,3,257.1,72.8,14664.1,9,90.9,2022.3,7.3,64,16242.9,4719.8,1099.1,0,0
BGH-100,1226.4,929.6,15.1,1060.6,2,314.7,77.0,15957.1,8,176.0,175.2,4.9,54,14672.8,4806.2,1496.0,0,0
BGH-104,1217.5,1595.8,15.6,1098.4,2,293.7,75.1,16491.9,7,174.7,180.6,6.6,86,15636.7,5111.9,1694.5,0,0
BGH-125,1198.6,1699.5,14.5,1060.0,4,310.8,76.6,15106.8,13,75.2,3618.7,5.9,86,16245.3,4856.3,1431.4,0,0
BGH-113,1233.3,1765.7,16.6,1002.2,1,297.9,76.9,14818.8,11,109.6,1076.3,4.4,100,14487.9,4808.7,1103.3,0,0
BGH-138,1234.9,1264.7,17.1,1091.8,3,264.1,72.1,18114.3,5,82.1,2784.4,3.6,64,14919.0,5005.0,864.1,0,0
BGH-126,1167.9,1618.1,15.6,1091.4,1,292.7,72.7,11602.0,7,79.9,3023.7,6.6,100,16192.5,4493.1,1295.7,0,0
BGH-108,1222.8,1539.0,14.7,1117.0,1,256.4,82.7,15084.8,7,45.2,12904.2,6.4,100,15999.4,4714.2,1148.0,1,0
BGH-114,1190.5,1586.3,15.9,1051.4,4,298.7,72.4,11331.1,10,125.3,663.4,3.8,100,14951.6,4882.7,687.8,0,0
BGH-114,1125.6,1699.8,14.7,1061.3,2,278.6,80.0,11405.0,6,110.4,1049.0,4.1,64,15374.3,4688.0,685.0,0,0
BGH-125,1171.9,1731.3,16.4,1081.2,1,260.6,76.3,14893.8,8,47.2,11768.0,6.4,54,15670.3,4944.0,1114.4,1,0
BGH-141,1121.8,1368.9,15.3,1051.0,4,318.5,84.5,13948.2,6,79.0,3128.4,7.4,100,14457.4,4871.0,1974.8,0,1
BGH-112,1249.0,1553.1,16.1,1156.8,2,313.1,71.0,19157.9,9,167.2,215.9,6.8,74,15570.8,5006.5,2459.5,0,0
BGH-131,1217.8,1508.2,16.2,1142.5,1,312.5,82.5,14493.2,8,73.5,3866.2,6.1,64,14698.8,5013.8,1691.5,0,0
BGH-138,1182.2,1452.1,15.9,1074.2,1,305.2,77.4,17270.3,8,60.3,6612.7,7.1,86,15692.9,5176.1,2346.0,1,0
BGH-148,1271.0,1471.2,16.9,1126.7,2,298.4,70.1,15103.3,8,108.5,1115.0,4.3,86,14577.1,4731.4,1121.7,0,0
BGH-131,1203.4,1539.2,15.6,1038.1,2,295.9,74.0,12596.8,8,178.0,167.3,3.0,64,15701.3,5137.1,629.5,0,0
BGH-103,1128.4,1379.6,15.1,1076.9,5,257.4,76.1,11474.7,9,73.9,3806.3,4.4,86,15550.9,4773.9,554.4,0,0
BGH-129,1178.0,1676.6,13.8,1173.2,5,313.0,74.7,12272.5,6,134.1,514.1,7.4,64,14995.7,4903.2,1698.6,0,1
BGH-136,1281.6,1753.9,13.7,1132.3,4,311.7,75.4,15655.8,10,146.6,364.6,7.0,54,14968.2,4979.9,2062.6,0,0
BGH-122,1166.5,1335.9,16.0,1114.5,4,302.3,83.8,18194.2,5,73.3,3896.6,3.2,64,14901.7,5165.1,1113.9,0,0
BGH-138,1213.8,1763.7,15.4,1082.1,3,314.9,75.4,13172.7,6,142.0,412.8,5.3,54,15364.6,4933.5,1335.8,0,0
BGH-144,1237.2,1336.3,14.8,1097.9,5,288.7,76.3,16675.7,7,91.5,1979.8,3.4,64,15234.4,5111.7,744.7,0,0
BGH-114,1229.5,1679.6,14.6,1026.6,2,281.3,81.4,14636.6,6,128.5,603.9,6.6,100,15795.1,5157.5,1434.0,0,0
BGH-142,1322.5,1763.3,16.1,1083.8,5,317.8,81.9,12870.3,7,128.7,600.4,4.7,74,15469.9,4850.9,1121.6,0,0
BGH-128,1141.2,1481.1,14.7,1118.8,4,282.5,71.3,15709.2,12,115.0,907.2,7.1,54,16373.3,4761.1,1302.0,0,0
BGH-135,1146.2,1337.9,16.8,1098.7,4,294.9,80.6,18182.9,7,52.6,9227.3,3.2,74,16329.5,4781.8,1017.8,1,0
BGH-112,1142.0,1382.3,17.4,1098.7,4,276.1,77.2,14849.1,5,156.9,278.8,6.3,86,15535.0,4762.8,1346.7,0,0
BGH-131,1185.2,1572.4,14.8,1067.3,2,294.5,72.0,16659.1,12,84.9,2510.8,4.8,54,15477.7,4933.6,1015.6,0,0
BGH-106,1255.0,1892.9,16.0,1054.6,1,300.4,74.0,15617.3,12,66.1,5196.7,4.2,86,15566.5,4895.7,1097.5,1,0
BGH-121,1148.4,1161.5,15.9,1050.0,4,293.7,70.7,15620.7,11,45.7,12608.9,5.3,100,15174.3,4849.3,1159.0,1,0
BGH-127,1255.7,1520.0,14.7,1087.4,5,286.0,75.4,13393.8,8,122.7,716.9,5.2,100,14822.7,4959.0,1048.9,0,0
BGH-101,1201.8,1482.4,14.7,1136.7,1,271.0,73.8,15981.6,9,134.9,502.6,4.6,54,15142.1,4847.8,928.2,0,0
BGH-141,1144.6,1408.7,15.4,1057.1,5,295.1,75.7,12076.5,10,42.3,14780.0,5.9,54,15571.5,4601.8,1079.6,1,0
BGH-144,1112.4,1483.8,14.6,1102.0,4,313.6,78.7,15722.7,10,111.7,1006.5,6.0,74,15599.5,4728.8,1756.7,0,0
BGH-105,1123.6,1391.6,16.4,1100.8,2,250.5,81.0,17745.1,11,71.7,4149.7,3.3,86,16541.8,4970.8,535.8,0,0
BGH-127,1166.7,1748.6,15.3,1146.5,1,259.4,79.1,18607.9,8,130.3,573.2,5.7,74,14957.7,4905.0,1175.5,0,0
BGH-127,1191.5,1768.5,14.6,1100.7,1,258.4,80.2,12915.5,12,64.4,5572.2,6.2,54,15865.1,4684.9,1012.8,0,0
BGH-143,1267.3,1517.6,15.4,1025.6,4,314.6,83.0,15883.5,6,136.7,477.8,3.3,74,15091.3,4821.4,1002.8,0,0
BGH-143,1240.0,1471.8,15.9,1206.2,4,296.4,83.1,13589.4,13,94.1,1807.1,6.0,54,16180.1,4737.4,1182.3,0,0
BGH-119,1158.1,1401.4,14.9,1148.6,4,316.6,82.9,15281.0,10,171.1,196.6,6.6,64,14903.3,4832.4,1929.6,0,0
BGH-129,1220.4,1518.1,13.9,1124.2,3,290.8,72.3,18844.3,5,59.3,6899.1,6.7,86,15893.8,5070.8,2376.2,1,1
BGH-110,1282.6,1869.6,15.6,1071.2,2,282.3,73.8,16755.5,5,87.7,2267.6,3.2,100,14986.0,5263.7,940.1,0,0
BGH-127,1293.7,1479.3,14.5,1084.1,2,305.5,77.5,13695.1,12,55.9,7984.3,6.1,100,16043.1,4931.3,1298.6,1,0
BGH-124,1184.3,1332.1,14.9,1028.9,4,261.3,75.4,13582.4,11,169.5,204.3,6.6,74,15907.1,5112.7,933.8,0,0
BGH-138,1247.9,1420.4,15.9,1083.3,3,276.7,72.0,15033.9,7,162.8,240.5,4.8,100,15933.1,4822.5,980.9,0,0
BGH-132,1269.5,1650.7,15.0,1108.8,4,282.6,74.3,15170.0,12,76.1,3495.0,5.4,64,15712.4,4961.5,1207.0,0,0
BGH-100,1124.6,1356.5,15.4,1098.7,4,270.9,84.6,15265.8,12,132.4,539.6,4.2,64,15008.9,4848.8,764.8,0,0
BGH-126,1174.4,1493.3,16.7,1187.6,2,276.0,75.2,12021.6,11,154.4,297.2,4.4,74,14522.6,5025.1,621.3,0,0
BGH-112,1311.0,1594.6,15.2,1133.5,3,255.5,76.3,18998.2,9,117.7,834.4,5.3,100,16626.9,4994.9,912.1,0,0
BGH-140,1184.9,1371.6,17.1,1148.7,2,263.9,70.1,19195.8,12,114.2,930.2,3.7,100,15285.8,4800.2,895.3,0,0
BGH-102,1053.6,1147.1,16.1,1127.0,4,273.5,80.8,15958.7,9,73.9,3806.3,4.7,54,16194.7,5106.2,932.5,0,0
BGH-138,1194.0,1285.7,14.8,1108.1,5,305.7,76.2,13259.7,5,53.0,9065.5,4.4,74,15321.4,4823.1,1061.4,1,0
BGH-105,1256.2,1328.2,15.1,1122.7,1,262.8,71.5,13746.1,12,165.6,224.5,4.1,54,16044.9,4665.6,621.8,0,0
BGH-107,1200.3,1454.2,14.5,1000.8,4,274.3,84.5,13116.1,11,166.1,221.8,5.2,64,15202.7,5077.7,766.9,0,0
BGH-126,1235.8,1508.9,16.0,1087.0,3,254.5,81.7,12935.7,11,128.6,602.1,6.8,74,16105.0,4862.1,875.5,0,0
BGH-108,1246.9,1664.7,16.6,1030.1,5,289.0,80.9,13731.9,6,87.5,2284.1,4.1,54,16937.2,4956.2,904.2,0,0
BGH-136,1182.3,1254.5,15.2,1041.0,3,292.8,84.4,15844.6,7,88.9,2171.8,6.0,64,15059.4,4953.0,1548.3,0,0
BGH-132,1174.0,1635.7,14.0,1159.7,4,310.6,76.1,15256.9,7,141.6,417.3,4.1,100,15626.0,4870.9,1196.8,0,0
BGH-141,1207.7,1425.8,15.8,1046.2,4,307.3,80.8,18048.4,10,165.6,224.5,3.6,74,15276.8,5061.8,1169.3,0,0
BGH-143,1208.9,1142.9,14.8,1033.8,1,270.0,73.1,11953.5,10,164.2,232.3,7.2,54,15987.4,4591.1,1182.2,0,0
BGH-123,1202.7,1502.7,14.9,1119.5,3,259.6,80.5,13238.3,7,149.2,340.3,5.8,86,15772.1,5238.3,900.5,0,0
BGH-114,1204.8,1763.3,15.7,1096.6,5,260.9,70.2,10999.8,9,129.9,579.8,3.5,100,14606.5,4723.4,399.1,0,0
BGH-131,1162.6,1676.6,16.5,1122.3,1,317.8,71.9,15289.4,13,51.8,9561.0,5.8,54,15718.8,4678.4,1590.2,0,0
BGH-131,1237.5,1484.7,16.1,1187.8,3,297.1,76.4,18201.3,11,62.6,6004.1,3.8,54,15524.4,5061.2,1160.5,0,0
BGH-123,1230.0,1725.2,15.8,1128.6,4,253.0,70.2,14055.1,13,165.8,223.4,7.0,74,16950.4,4581.9,903.2,0,0
BGH-140,1133.2,1538.4,15.4,1022.5,1,259.6,76.9,17730.9,6,124.9,671.3,4.1,86,14885.6,5080.6,897.1,0,0
BGH-148,1180.5,1696.2,14.4,1146.6,4,284.0,77.8,16387.5,5,41.3,15497.2,6.6,100,15850.5,5002.6,1509.9,1,0
BGH-148,1204.7,1167.7,15.8,1089.0,2,264.5,79.3,16733.6,6,54.2,8599.0,3.9,100,14828.6,4692.0,923.1,1,0
BGH-111,1173.3,1250.1,16.1,1108.4,2,306.3,71.5,16171.8,10,132.9,532.0,5.5,74,15970.8,4887.8,1596.9,0,0
BGH-138,1231.9,1645.8,15.0,1017.3,1,290.1,72.7,18606.4,11,40.7,15946.4,7.1,74,15965.9,5187.3,2329.9,1,1
BGH-101,1196.7,1807.9,15.2,1125.2,1,292.9,79.2,14599.6,12,62.5,6029.2,4.3,74,15354.0,4806.7,839.3,1,0
BGH-102,1208.5,1583.5,16.4,1034.9,3,282.4,79.9,16373.6,10,116.8,857.9,3.4,86,14697.5,4779.8,784.1,0,0
BGH-148,1180.0,1400.5,15.2,1126.7,5,267.9,70.4,18691.0,10,136.9,475.2,5.5,74,15831.1,4810.5,1021.5,0,0
BGH-136,1100.3,1329.9,15.3,1063.9,5,291.3,78.1,12953.4,7,131.3,556.9,3.8,86,15661.7,5025.3,708.6,0,0
BGH-148,1097.5,1436.9,15.4,1136.1,2,300.2,81.8,14569.7,13,71.4,4199.3,6.3,86,16148.5,4784.4,1432.7,0,0
BGH-116,1229.5,1742.7,16.0,1035.2,2,276.0,71.0,16149.6,6,139.7,439.6,5.7,64,14906.2,4735.6,1396.1,0,0
BGH-148,1213.3,1431.5,15.7,1022.0,2,285.3,76.2,13282.6,9,73.2,3911.9,4.6,74,14947.4,5048.7,930.9,0,0
BGH-101,1221.9,1709.6,15.7,1072.9,4,308.8,74.9,13198.6,7,85.6,2447.3,6.2,74,14990.1,5283.4,1461.3,0,0
BGH-101,1206.7,1630.5,16.7,1113.3,5,260.4,83.7,19059.9,5,144.5,385.7,4.1,100,15449.2,4886.4,851.3,0,0
BGH-127,1210.7,1842.8,15.2,1042.7,1,288.2,72.8,13375.9,6,130.9,563.4,7.1,74,15408.7,4737.6,1418.2,0,0
BGH-122,1248.5,1540.1,14.7,1110.2,2,274.4,74.8,14267.2,10,158.9,265.1,4.6,86,15979.5,4838.2,817.3,0,0
BGH-136,1222.2,1490.1,16.3,1143.7,3,299.2,83.5,15431.8,5,132.1,544.3,6.4,74,15830.3,4585.0,1698.9,0,0
BGH-131,1252.0,1719.5,15.7,1033.8,1,251.3,75.0,15857.4,6,119.6,787.3,4.2,54,15883.6,4891.6,840.9,0,0
BGH-132,1208.6,1312.9,15.0,1110.3,1,296.9,78.0,13909.5,9,53.1,9025.5,6.2,100,16170.8,4997.2,1444.5,1,0
BGH-100,1185.0,1411.2,15.2,1127.0,1,257.2,70.5,14584.2,5,91.5,1979.8,3.1,54,14632.0,4798.0,551.1,0,0
BGH-118,1209.7,1164.0,14.5,1090.4,5,254.5,84.8,12996.4,8,77.1,3363.3,4.3,86,15581.1,4551.0,569.1,0,0
BGH-101,1158.2,1249.1,15.7,1095.9,2,300.7,82.4,13892.5,9,74.2,3762.0,3.4,54,15321.7,5128.6,901.4,0,0
BGH-143,1181.0,1884.7,14.3,1029.6,3,294.8,79.5,16390.7,9,176.2,174.4,5.0,86,15000.7,4611.9,1436.9,0,0
BGH-125,1208.9,1638.5,16.0,1121.9,4,312.6,70.9,16812.9,9,95.0,1751.5,5.0,100,15365.6,4878.4,1608.4,0,0
BGH-131,1208.2,1225.9,15.1,1103.1,3,286.4,71.1,17036.3,13,164.9,228.4,4.6,64,15781.8,5196.3,946.5,0,0
BGH-105,1194.7,1739.0,14.4,1107.5,3,287.1,78.2,14990.3,13,128.4,605.7,7.4,54,15542.6,4912.4,1518.9,0,0
BGH-131,1130.6,1359.3,16.4,1203.2,3,299.5,74.3,14606.6,9,151.3,322.1,4.1,100,15390.9,4537.8,993.7,0,0
BGH-103,1231.8,1628.2,17.3,1089.7,4,272.6,79.3,12384.5,10,110.4,1049.0,6.6,64,15773.0,4571.2,852.6,0,0
BGH-110,1241.7,1625.2,15.8,1116.1,3,252.6,79.0,14288.2,12,120.8,759.1,5.0,86,16175.4,4662.4,614.3,0,0
BGH-116,1282.2,1833.0,15.3,1164.4,3,266.1,82.6,15346.9,11,109.0,1097.2,4.5,86,16016.8,4659.3,838.1,0,0
BGH-137,1222.1,1392.5,14.7,1097.6,2,266.7,74.2,17176.2,10,67.3,4949.0,3.9,64,15728.8,4627.1,838.0,0,0
BGH-123,1200.1,1352.0,15.7,1064.2,2,273.5,78.7,11133.7,8,141.1,423.0,5.9,100,16366.5,4665.1,922.6,0,0
BGH-104,1149.3,962.2,16.0,1119.9,2,316.0,81.7,14326.3,7,79.3,3093.0,4.5,64,14064.3,5053.9,1233.5,0,0
BGH-133,1274.6,1475.6,15.5,1065.7,1,306.3,77.4,10468.4,8,43.4,14034.3,6.7,54,15377.9,5057.8,1203.1,1,0
BGH-105,1212.4,1645.1,16.2,1160.0,3,315.5,82.5,11792.6,7,130.4,571.5,7.4,64,15025.5,4550.2,1644.4,0,1
BGH-121,1209.7,1672.4,16.7,1125.7,5,319.9,72.0,17634.9,12,64.8,5481.1,4.0,74,16119.7,5355.6,1230.3,0,0
BGH-110,1187.3,1750.5,14.5,1056.9,5,280.4,81.0,12396.5,10,171.7,193.8,3.6,54,14768.9,5100.9,603.1,0,0
BGH-147,1184.1,1558.0,15.7,1037.6,5,265.9,84.1,15216.1,10,173.6,185.3,4.4,100,16311.0,5234.5,733.8,0,0
BGH-115,1234.4,1601.0,14.0,1107.8,4,289.2,75.0,17052.4,5,168.1,211.3,5.1,54,15290.2,4687.0,1481.6,0,0
BGH-132,1148.9,1513.6,14.8,1112.8,2,311.7,75.5,14063.9,9,91.8,1958.9,4.4,86,14982.5,4682.2,1184.0,0,0
BGH-108,1281.3,1641.5,16.1,1037.8,2,282.6,71.3,12551.8,12,42.2,14850.0,7.4,86,16068.2,4987.9,1120.0,1,0
BGH-105,1270.4,1313.2,15.5,1139.3,2,285.4,79.6,15238.3,6,170.0,201.9,6.5,86,16591.8,4971.1,1566.4,0,0
BGH-115,1182.3,1218.3,14.2,1133.3,4,259.4,78.3,18119.7,7,99.9,1481.1,7.3,54,15544.1,4875.9,1465.9,0,0
BGH-128,1156.8,1334.3,16.3,1117.1,3,279.4,70.6,16985.5,13,175.3,178.1,4.7,86,15729.0,4815.2,933.3,0,0
BGH-102,1099.2,1542.7,15.1,1137.9,1,277.1,81.3,14503.2,8,174.9,179.8,4.4,100,15620.5,4866.0,952.9,0,0
BGH-119,1137.4,1239.9,16.2,1050.5,2,274.6,82.4,13886.0,9,159.4,261.8,4.8,100,14935.7,5084.5,1096.3,0,0
BGH-135,1236.5,1373.4,15.9,1053.4,3,312.1,83.6,17312.8,11,81.2,2879.6,5.4,54,15153.0,4775.4,1586.4,0,0
BGH-118,1215.8,1379.7,14.8,1087.0,5,254.2,78.2,12077.1,9,93.9,1819.8,6.3,64,15647.7,4512.2,778.5,0,0
BGH-125,1224.7,1656.4,16.2,1068.3,1,318.1,76.8,16874.0,6,159.2,263.1,7.0,64,15600.9,4954.5,2259.9,0,0
BGH-102,1107.7,1632.0,15.8,1125.1,5,250.6,83.1,13939.0,11,84.4,2557.3,5.1,100,15284.3,5072.3,540.6,0,0
BGH-118,1180.2,1514.1,15.6,1140.3,3,316.2,76.0,12025.7,10,63.7,5735.8,4.3,54,15365.7,4631.3,954.1,0,0
BGH-119,1268.4,1590.2,15.1,1064.8,3,288.4,79.8,11467.0,13,118.0,826.8,4.4,100,14891.3,4899.4,705.3,0,0
BGH-131,1195.2,1594.2,14.6,1056.6,5,299.2,79.2,18270.2,6,171.1,196.6,6.1,86,15428.0,4461.4,1922.6,0,0
BGH-106,1136.4,1427.3,15.2,1142.7,1,263.1,75.6,14597.7,6,137.4,468.6,5.6,86,14986.1,5117.8,1218.9,0,0
BGH-140,1194.4,1391.5,15.1,1050.9,5,295.8,71.3,13211.5,12,119.8,782.5,5.2,100,16195.7,4713.9,1000.5,0,0
BGH-132,1161.4,1807.3,16.2,1085.7,5,311.7,70.3,14912.6,5,53.6,8828.7,3.9,86,15438.2,4941.6,1112.7,1,0
BGH-139,1216.7,1002.2,14.2,1049.5,5,259.8,76.4,13855.5,12,126.1,647.9,6.9,74,15603.2,4810.8,986.3,0,0
BGH-138,1201.0,1351.7,16.7,1070.4,1,258.9,77.2,13923.3,9,178.6,165.0,6.5,74,16662.6,4854.3,1076.1,0,0
BGH-117,1227.2,1459.2,16.7,1024.7,4,271.3,82.3,14007.5,5,59.6,6811.7,3.6,74,14640.7,5024.2,670.3,0,0
BGH-139,1139.1,1612.0,15.0,1164.1,1,261.3,76.2,15016.6,5,112.6,978.2,4.7,64,15531.1,5202.1,913.0,0,0
BGH-100,1177.6,1727.1,16.6,1150.6,5,257.7,74.2,16514.8,10,162.8,240.5,5.4,64,15994.0,4779.5,929.0,0,0
BGH-110,1254.5,1871.3,14.7,1059.6,2,297.5,76.9,11942.2,6,143.7,394.1,5.0,54,15249.9,4874.7,1110.6,0,0
BGH-127,1132.3,1481.7,16.4,1123.2,2,265.0,73.6,17700.9,6,137.6,466.0,4.8,64,15493.1,4661.4,1077.8,0,0
BGH-124,1149.8,1495.1,14.8,1028.2,3,296.7,71.4,13110.0,5,138.3,457.0,6.2,100,15136.2,4545.1,1555.1,0,0
BGH-149,1210.0,1572.5,16.3,1131.1,4,310.3,71.7,15512.4,5,90.3,2065.9,3.2,54,14816.6,4833.1,949.7,0,0
BGH-122,1214.3,1393.8,14.4,1055.8,3,295.6,74.8,14883.7,8,81.1,2890.4,5.1,54,15868.2,4999.5,1333.3,0,0
BGH-130,1175.6,1263.2,16.4,1160.9,3,258.4,70.2,13386.2,9,153.3,305.8,4.2,100,15668.1,4828.4,568.9,0,0
BGH-129,1186.1,1480.7,16.5,1125.5,2,290.2,73.3,17270.6,8,153.4,305.0,3.4,74,15484.4,5195.2,907.6,0,0
BGH-141,1226.7,1649.1,14.3,1081.7,1,277.6,81.8,13411.7,10,161.4,249.0,5.1,64,15818.7,4896.4,1061.6,0,0
BGH-134,1242.5,1451.4,16.9,1079.6,3,274.0,73.5,17837.6,12,167.9,212.3,3.8,54,15123.8,5198.4,883.4,0,0
BGH-106,1146.5,1582.7,16.3,1107.2,3,272.3,71.7,16336.0,6,111.6,1009.7,4.2,74,15166.0,4923.1,835.0,0,0
BGH-115,1218.2,1126.2,13.9,1053.8,4,315.1,84.2,13501.0,5,110.2,1055.8,5.3,86,15045.6,4806.5,1369.0,0,0
BGH-125,1275.6,1503.7,15.1,1156.2,2,302.0,79.3,12603.1,6,151.8,317.9,7.4,74,15603.1,4622.8,1784.4,0,0
BGH-147,1194.2,1419.3,16.3,1115.3,1,259.4,70.9,17130.4,10,131.0,561.7,6.1,74,16836.6,4359.3,1102.3,0,0
BGH-148,1146.0,1245.0,16.1,1148.2,4,283.3,70.9,12717.8,8,138.3,457.0,4.3,64,15443.9,4779.8,830.7,0,0
BGH-101,1143.7,1631.4,15.6,977.5,1,272.3,79.2,14733.7,11,151.4,321.3,4.7,86,14023.7,5028.7,894.3,0,0
BGH-100,1192.0,1869.1,16.2,1100.8,1,318.5,78.1,16393.6,6,164.6,230.1,4.8,54,15514.3,4837.7,1505.5,0,0
BGH-147,1251.8,1698.0,14.8,1112.4,3,318.5,71.0,15927.1,5,87.3,2300.6,3.7,100,15474.2,4749.8,1127.5,0,0
BGH-111,1198.0,1710.7,15.5,1099.8,4,272.4,73.4,14594.3,9,92.6,1904.5,3.7,54,15997.6,4876.7,593.8,0,0
BGH-104,1209.5,1642.5,14.8,1101.1,3,274.6,83.9,13540.7,13,53.2,8985.8,3.7,64,16092.4,4893.9,618.3,1,0
BGH-136,1150.2,1629.3,15.6,1083.9,5,292.0,78.6,16444.2,10,121.0,754.5,5.3,54,17036.9,4782.8,1149.8,0,0
BGH-131,1249.2,1140.1,16.3,1212.9,1,283.6,76.6,11238.1,10,45.0,13024.5,6.0,64,15603.2,4982.2,956.9,1,0
BGH-108,1142.7,1474.4,16.1,1112.2,4,264.9,73.8,15519.1,5,105.2,1241.5,5.7,64,15912.0,4800.0,954.2,0,0
BGH-140,1174.8,1601.7,15.7,1106.1,2,296.2,72.0,12406.6,5,116.0,879.4,7.4,54,15817.0,5177.5,1570.3,0,0
BGH-134,1231.5,1606.3,16.3,1146.8,3,273.4,76.0,13245.5,8,80.1,3001.0,3.6,100,15200.1,4824.1,690.4,0,0
BGH-118,1098.0,1754.3,16.4,1072.0,5,295.8,83.8,15736.7,6,122.7,716.9,7.4,100,15559.2,4724.0,1910.1,0,0
BGH-147,1208.7,1293.5,16.9,1035.6,5,276.9,70.7,13500.7,7,44.3,13455.8,5.1,54,15233.5,4820.3,886.5,1,0
BGH-115,1148.0,1621.5,16.4,1145.4,5,299.0,84.9,17314.6,10,45.2,12904.2,4.0,86,15213.2,5078.8,999.9,1,0
BGH-102,1200.8,1287.0,16.0,1083.3,3,296.7,73.1,16412.9,5,155.2,291.2,7.2,74,15539.4,4983.4,2119.1,0,0
BGH-119,1182.4,1457.7,16.2,1168.0,2,285.6,76.1,13605.0,6,90.4,2058.5,5.1,100,15730.1,4794.8,1091.0,0,0
BGH-123,1305.3,1487.6,15.7,1164.9,4,299.3,70.7,14549.5,8,57.8,7355.6,4.6,64,15571.0,4725.3,1280.5,0,0
BGH-132,1180.3,1672.5,15.3,983.9,1,282.3,78.8,12792.8,10,113.1,962.9,4.0,100,14849.1,4651.5,747.4,0,0
BGH-123,1292.1,1649.0,16.2,1103.6,2,258.1,77.3,15946.0,7,147.8,353.2,4.2,86,14845.8,4662.1,813.8,0,0
BGH-110,1229.3,1524.1,16.1,1153.8,3,262.7,80.0,18136.3,13,70.2,4404.3,7.4,54,15883.6,5086.4,1322.7,0,0
BGH-148,1159.9,1069.6,15.7,1012.2,4,267.2,78.1,12609.8,8,127.2,627.3,4.4,86,16343.1,4732.5,659.7,0,0
BGH-107,1216.5,1589.0,15.3,1118.3,1,254.4,76.0,15376.8,11,51.9,9518.5,7.4,74,16210.2,4637.8,1249.5,1,0
BGH-135,1184.8,1446.5,15.3,1132.9,4,299.8,81.1,15646.9,9,47.2,11768.0,4.5,100,15516.2,5054.9,1074.4,1,0
BGH-137,1212.1,1778.4,15.2,1097.3,1,275.7,70.4,12499.9,10,114.4,924.4,4.0,64,15789.1,4916.4,712.6,0,0
BGH-139,1164.3,1730.7,16.5,1097.6,1,256.5,78.1,12983.2,13,115.7,887.7,3.8,64,14931.0,5097.1,514.6,0,0
BGH-119,1284.5,1312.4,16.4,1159.9,5,307.4,71.7,11383.3,13,129.2,591.7,4.9,86,15917.2,5147.8,741.4,0,0
BGH-134,1246.3,1616.4,16.4,1025.3,3,297.9,76.5,16121.7,10,141.7,416.2,4.1,54,15066.8,5153.0,1127.3,0,0
BGH-147,1201.6,1620.4,14.7,1141.6,2,281.7,81.9,14280.6,6,176.6,172.8,6.1,74,14771.3,4785.3,1384.9,0,0
BGH-124,1286.5,1605.8,15.2,1123.0,5,267.3,72.1,13548.7,13,112.3,987.5,4.1,54,15495.7,4368.4,580.5,0,0
BGH-134,1203.7,1579.9,15.3,1165.1,5,260.6,84.0,19128.6,6,85.2,2483.3,6.8,100,16484.2,4486.8,1390.2,0,0
BGH-124,1254.9,1626.0,15.0,1052.6,4,282.1,83.3,11396.0,6,151.3,322.1,6.8,86,15683.7,4897.0,1343.8,0,0
BGH-128,1201.9,1800.3,17.0,1173.8,1,312.0,76.2,17570.0,6,77.9,3262.0,4.3,86,15277.9,5152.6,1445.5,0,0
BGH-117,1219.7,1389.7,15.8,1030.6,1,263.2,70.1,10691.9,11,101.5,1403.5,6.4,64,15666.5,4602.9,627.2,0,0
BGH-145,1195.9,1318.8,15.8,1083.5,4,289.8,81.8,13958.5,8,51.0,9908.4,6.9,100,15581.8,4950.7,1505.7,1,0
BGH-117,1204.8,1656.5,15.1,1041.8,3,317.3,83.2,11602.9,12,43.5,13968.6,5.7,64,16541.5,4825.1,1221.7,1,0
BGH-101,1208.5,1123.3,16.2,1136.2,1,294.6,72.6,13360.0,12,174.8,180.2,4.6,54,15872.1,5228.2,875.9,0,0
BGH-134,1166.5,1630.8,17.3,1061.9,5,280.8,83.7,13918.2,5,157.0,278.1,5.0,86,15549.9,4780.6,974.2,0,0
BGH-115,1179.9,1595.4,15.6,1156.7,5,300.1,83.7,13580.5,5,137.4,468.6,6.5,86,15092.2,5049.0,1518.5,0,0
BGH-140,1189.2,1030.9,15.3,1015.6,1,307.7,77.1,15500.1,8,97.3,1618.0,4.3,74,14347.7,4902.8,1234.3,0,0
BGH-135,1211.5,1372.7,15.4,1077.7,1,291.3,82.0,16755.4,6,64.3,5595.2,4.5,54,14766.7,4982.9,1320.5,0,0
BGH-132,1198.5,1815.2,15.2,1189.3,3,311.0,76.7,14773.7,7,61.9,6182.3,3.7,100,15119.7,4841.2,1045.8,1,0
BGH-103,1258.7,1208.6,15.5,1062.0,1,286.0,78.5,15646.8,6,75.0,3646.8,4.8,74,14945.4,4980.1,1235.3,0,0
BGH-132,1242.4,1542.5,15.0,1153.0,3,308.1,74.8,18122.0,13,116.9,855.3,3.4,86,14574.5,4528.1,965.7,0,0
BGH-113,1190.2,1299.0,14.8,1134.8,5,316.6,72.4,13604.0,10,140.0,436.0,4.4,100,15269.7,4669.5,1130.1,0,0
BGH-120,1269.1,1358.2,15.5,1034.6,3,285.1,81.2,16807.7,11,132.4,539.6,4.7,64,14860.1,4690.0,968.9,0,0
BGH-147,1293.7,1883.3,15.6,1110.6,1,292.4,70.0,20051.2,10,79.2,3104.8,4.1,54,15564.8,5050.0,1365.6,0,0
BGH-119,1097.8,1524.7,15.3,1176.4,2,292.7,78.7,18628.3,5,173.7,184.9,3.5,64,15711.6,4871.9,1164.3,0,0
BGH-107,1246.6,1603.4,16.7,1079.5,1,304.7,83.0,18258.6,9,143.3,398.4,5.3,86,16264.5,4464.6,1770.2,0,0
BGH-106,1165.4,1477.5,15.8,1065.5,2,307.6,73.3,16456.2,7,117.6,837.0,6.9,74,15016.5,4892.9,2123.7,0,0
BGH-102,1240.0,1197.0,16.1,1116.4,5,251.9,75.0,17302.3,12,125.6,657.5,4.5,64,15535.2,4526.3,616.3,0,0
BGH-116,1261.9,1263.0,16.1,1089.3,4,301.3,78.8,14032.3,11,98.7,1542.5,4.1,86,14869.7,5091.9,877.9,0,0
BGH-132,1156.2,1735.7,15.6,1025.2,5,304.9,73.7,14837.3,13,74.7,3689.5,4.3,64,15922.7,5012.9,921.1,0,0
BGH-147,1107.4,1530.6,15.7,1088.9,5,299.0,82.7,14604.8,5,89.8,2103.0,6.9,54,15197.8,4578.0,1607.2,0,0
BGH-111,1241.8,1345.9,14.8,1075.7,5,300.0,75.5,13673.3,6,146.1,369.5,5.4,64,15279.1,4976.2,1147.7,0,0
BGH-121,1206.8,1495.6,16.0,1093.3,3,252.9,78.7,15293.2,6,42.0,14991.2,3.6,54,15436.2,5235.1,671.1,1,0
BGH-121,1116.6,1632.3,15.2,979.8,5,280.9,73.4,13950.6,5,56.3,7847.0,6.2,54,15099.1,4606.6,1306.6,1,0
BGH-145,1326.5,1590.9,15.0,1118.2,4,307.3,70.6,15124.5,12,46.4,12208.2,3.7,100,15920.7,4960.7,1070.7,0,0
BGH-129,1231.2,1346.0,16.5,1018.3,1,315.4,72.6,12238.5,8,45.7,12608.9,3.3,74,14640.9,4996.3,772.7,1,0
BGH-137,1233.5,1184.9,14.4,1137.3,2,266.1,70.7,13933.1,11,159.8,259.2,4.2,64,15582.8,4773.9,722.2,0,0
BGH-137,1268.3,1418.6,16.9,1153.6,5,290.5,77.0,17631.3,5,138.5,454.5,3.8,86,14865.5,4988.6,1049.0,0,0
BGH-144,1171.0,1721.8,16.8,1000.7,2,306.3,78.8,15389.9,12,106.4,1193.6,5.7,100,15191.1,4798.6,1678.4,0,0
BGH-107,1206.5,1670.9,15.3,1164.8,5,302.7,70.7,17669.4,12,53.7,8790.0,5.2,74,15521.8,4622.8,1399.9,1,0
BGH-126,1134.0,1582.1,16.9,1094.2,3,293.3,71.4,13788.8,7,108.8,1104.3,6.3,100,15063.8,5007.1,1525.8,0,0
BGH-126,1169.6,1465.8,14.8,1153.8,2,251.3,77.3,14503.4,13,106.3,1197.5,5.3,64,14065.5,4724.3,734.4,0,0
BGH-133,1219.3,1396.7,16.3,1146.6,5,300.7,82.0,15429.9,9,64.2,5618.4,4.9,64,15954.8,4668.1,1373.8,1,0
BGH-120,1116.7,1469.5,15.5,1027.7,5,304.1,79.4,14610.6,9,100.7,1441.7,5.4,64,14548.8,4986.8,1261.7,0,0
BGH-129,1168.2,1656.4,14.1,1057.3,4,300.6,71.6,12211.4,9,95.8,1703.7,5.0,74,15165.6,4961.9,1087.1,0,0
BGH-132,1153.6,1702.0,15.0,1180.7,4,303.6,83.3,16133.7,5,126.2,646.0,3.2,100,15274.3,5254.2,942.1,0,0
BGH-127,1207.1,1447.6,15.4,1038.0,4,280.2,83.8,13028.8,6,128.9,596.9,6.1,86,15666.4,4962.1,1067.3,0,0
BGH-146,1228.7,2007.2,16.1,1118.0,3,319.6,74.9,14979.2,5,46.3,12264.6,7.3,100,15633.7,4801.7,2092.1,1,0
BGH-132,1237.1,1518.5,15.1,1062.2,2,304.0,79.2,10739.0,6,92.4,1918.0,4.9,74,15330.9,5042.9,860.8,0,0
BGH-104,1249.9,1430.6,15.3,1054.8,3,290.5,77.4,13702.8,13,127.6,620.0,4.9,54,15555.0,4700.0,1006.7,0,0
BGH-147,1268.6,1795.1,15.9,1099.1,1,315.4,84.1,14747.5,13,110.4,1049.0,3.2,54,15438.3,5242.3,902.9,0,0
BGH-118,1230.4,1092.3,15.9,1209.6,5,313.6,77.6,16122.6,9,159.9,258.5,7.0,54,16226.6,4772.9,2159.3,0,0
BGH-103,1294.4,1596.0,15.4,1138.4,5,307.0,84.4,12529.1,8,132.2,542.7,7.2,86,15377.8,4532.2,1465.2,0,1
BGH-134,1206.0,1485.4,15.3,1047.3,5,289.5,73.0,13217.6,6,62.8,5954.2,6.7,74,16325.8,4740.7,1278.5,1,0
BGH-148,1191.3,1789.6,16.3,1109.8,4,286.9,75.2,18528.6,10,49.9,10409.9,3.5,74,15271.2,4812.4,826.5,1,0
BGH-116,1230.4,1621.0,15.3,1007.0,5,273.0,81.7,18930.4,13,129.9,579.8,7.1,54,16236.3,4994.9,1511.3,0,0
BGH-143,1189.2,1527.8,14.5,987.3,4,267.6,81.8,16029.4,12,43.7,13838.4,3.1,74,15562.0,4704.4,522.5,1,0
BGH-127,1292.6,1632.5,15.2,1108.5,1,285.9,81.0,17559.3,8,122.0,732.1,5.0,74,15015.6,4803.0,1307.1,0,0
BGH-129,1256.5,1288.9,15.9,1135.7,3,290.4,82.9,14210.2,10,171.6,194.3,5.3,64,14768.7,4904.5,1159.3,0,0
BGH-128,1237.5,1693.4,15.4,1178.1,3,267.1,80.5,16306.6,13,120.6,763.7,6.8,86,16068.0,4827.6,1318.5,0,0
BGH-145,1206.6,1231.1,15.1,1118.6,3,314.6,79.5,16206.1,8,94.3,1794.6,6.4,74,14925.5,5216.6,1984.4,0,0
BGH-105,1179.6,1571.7,14.5,1100.3,4,289.0,76.9,13116.8,13,130.1,576.5,6.6,54,15272.7,4973.2,1118.0,0,0
BGH-134,1235.1,1507.1,15.4,1083.1,2,286.9,77.0,15393.0,12,104.2,1283.0,6.9,100,15496.8,4702.9,1644.1,0,0
BGH-140,1143.6,1147.4,15.7,1126.4,2,280.5,76.1,14409.3,7,116.4,868.6,5.1,100,16063.0,5025.6,1071.8,0,0
BGH-136,1276.7,1513.8,14.7,1039.2,1,254.1,79.3,15735.7,13,171.8,193.4,6.5,86,16664.3,4730.8,1004.7,0,0
BGH-123,1191.1,1556.4,15.3,1066.1,2,311.8,76.1,13929.8,9,94.1,1807.1,3.3,74,14564.4,5299.6,879.5,0,0
BGH-128,1215.3,1369.0,14.6,1040.9,1,272.2,72.2,12090.3,5,174.6,181.0,5.0,64,14158.4,4842.4,843.9,0,0
BGH-148,1154.5,1297.5,15.4,1073.8,5,295.0,71.6,15034.5,12,166.7,218.6,3.1,74,15221.5,5090.8,710.1,0,0
BGH-145,1236.1,1598.4,16.9,1063.8,3,292.5,83.9,16661.2,9,67.4,4929.0,7.1,54,15386.9,5072.7,1727.8,0,1
BGH-130,1177.3,1572.5,15.6,1060.4,4,290.9,70.4,16661.5,9,49.7,10504.2,7.3,74,16587.5,4784.2,1735.9,1,0
BGH-134,1232.5,1545.4,14.2,1068.0,1,286.8,71.6,11447.6,6,54.1,8636.8,3.4,100,15695.8,4906.8,596.4,1,0
BGH-132,1237.9,1501.8,15.8,1110.5,4,262.7,76.7,15364.9,13,42.6,14572.3,5.4,100,15335.0,4763.5,893.8,1,0
BGH-120,1167.6,1386.7,16.5,1163.4,4,269.6,73.9,16377.1,10,53.2,8985.8,4.5,86,14844.6,5022.2,953.4,1,0
BGH-131,1143.8,1954.4,14.4,1114.4,3,286.7,76.1,15274.1,7,135.6,492.8,4.5,54,15675.0,5406.8,1044.1,0,0
BGH-122,1276.6,1440.3,14.7,1071.3,5,305.3,71.8,16729.3,11,50.0,10363.2,5.0,86,15134.8,5026.0,1384.1,1,0
BGH-132,1190.4,1327.0,15.7,1121.9,5,280.2,72.0,12178.9,6,84.7,2529.2,3.6,74,14954.2,4993.6,624.9,0,0
BGH-102,1211.2,1510.9,15.4,1105.5,2,264.3,82.0,12710.0,11,158.3,269.1,3.8,64,15635.9,4744.9,565.6,0,0
BGH-117,1224.3,1463.8,16.5,1108.5,5,256.2,81.4,16178.7,6,43.3,14100.3,5.6,86,15330.8,5042.6,884.2,1,0
BGH-124,1137.3,1435.7,15.4,1098.8,3,296.4,71.6,14303.4,9,154.0,300.3,3.1,100,15417.9,4975.4,686.4,0,0
BGH-141,1223.1,1874.9,16.2,1186.3,4,279.6,80.0,17346.0,13,79.5,3069.7,5.7,54,15873.2,5329.1,1269.2,0,0
BGH-130,1205.0,1274.1,16.7,1104.9,1,258.8,79.1,15613.6,13,56.5,7779.4,4.4,74,14891.1,5232.7,800.7,1,0
BGH-102,1167.8,1507.5,14.8,1071.9,1,297.2,80.7,13209.2,10,137.5,467.3,6.7,54,15758.8,4912.9,1599.4,0,0
BGH-139,1142.2,1287.5,16.1,1061.1,5,264.5,77.1,13108.4,7,128.1,611.0,5.7,54,15732.1,4916.5,857.2,0,0
BGH-145,1230.3,1391.8,15.2,1145.1,2,285.6,74.0,11246.5,8,162.8,240.5,6.2,54,14560.1,4882.9,1129.5,0,0
BGH-123,1256.4,1847.2,13.7,1040.7,1,271.4,80.0,16375.0,8,142.9,402.8,3.5,100,15541.4,4716.9,695.5,0,0
BGH-149,1208.9,1556.3,15.9,1167.8,2,315.2,75.6,14766.5,13,152.5,312.2,4.2,64,15047.9,5079.3,991.8,0,0
BGH-131,1128.3,1553.9,16.0,1004.2,1,266.0,73.3,16832.7,8,79.5,3069.7,7.5,86,15791.1,4763.9,1462.3,0,0
BGH-146,1147.1,1312.1,14.3,1161.3,2,279.4,76.1,15515.5,8,64.8,5481.1,5.0,100,15740.6,5340.4,1362.6,0,0
BGH-121,1178.4,1415.1,15.1,1139.9,2,317.2,81.4,15229.0,9,145.1,379.5,4.6,64,15158.0,4941.6,1340.3,0,0
BGH-122,1278.2,1864.6,15.0,1078.0,4,272.3,77.1,16630.8,10,153.0,308.2,6.9,74,16786.4,4557.1,1214.7,0,1
BGH-101,1187.7,1599.9,16.1,1062.5,3,295.1,74.5,14804.2,12,178.7,164.6,3.1,86,14058.8,5026.6,678.2,0,0
BGH-126,1176.6,1432.1,14.3,1161.6,1,272.2,82.5,14335.3,5,97.8,1590.6,5.4,64,15639.0,5056.1,1101.7,0,0
BGH-141,1116.3,1588.1,15.6,1190.0,5,257.7,83.2,14999.8,9,92.1,1938.3,3.9,74,15109.7,5005.1,657.8,0,0
BGH-101,1167.2,1553.5,13.6,1069.3,3,293.9,76.5,16683.5,13,148.7,344.8,4.7,86,15125.0,4970.0,1192.9,0,0
BGH-125,1138.4,1332.1,15.8,1129.0,4,314.1,75.6,13116.3,8,87.7,2267.6,3.9,74,14793.0,4911.9,952.6,0,0
BGH-116,1149.8,1426.2,15.6,1149.0,4,281.7,79.2,16849.4,12,170.3,200.4,3.2,100,15671.3,4982.3,713.5,0,0
BGH-139,1206.0,1950.9,15.1,1130.1,4,293.8,70.9,15126.7,13,160.2,256.6,4.9,74,14832.2,4936.2,1103.5,0,0
BGH-132,1179.9,1578.4,16.6,1102.7,5,292.6,80.4,14231.8,5,100.1,1471.1,6.6,54,16497.7,4632.3,1319.2,0,0
BGH-108,1285.0,1186.2,13.4,1080.5,1,279.1,81.7,15366.5,12,145.1,379.5,7.3,100,16161.9,5242.7,1575.5,0,0
BGH-142,1253.9,1602.0,15.5,1113.9,1,293.0,76.0,17352.8,12,145.6,374.5,5.8,74,15212.9,4950.6,1564.4,0,0
BGH-147,1169.6,1760.6,16.5,995.7,2,268.2,72.6,17337.9,9,54.4,8524.0,4.7,100,15392.2,4882.1,932.0,1,0
BGH-138,1154.2,1319.1,15.6,1167.0,2,276.5,70.4,15784.2,6,166.4,220.2,6.5,86,16122.8,5197.7,1432.3,0,0
BGH-128,1269.1,1408.6,16.6,1014.7,2,281.0,79.6,16252.0,11,110.7,1039.0,5.3,54,15662.7,4608.9,1202.5,0,0
BGH-141,1283.0,1790.8,15.1,1058.1,5,310.5,74.0,15086.5,9,155.7,287.5,4.7,54,16045.4,5368.9,1258.7,0,0
BGH-125,1090.3,1507.0,15.4,1083.1,3,274.4,77.0,13830.4,9,84.8,2520.0,3.8,74,15342.0,4754.0,670.6,0,0
BGH-134,1204.6,1471.4,16.5,1050.1,1,294.5,75.8,15889.8,10,165.4,225.6,6.6,86,16101.1,5166.9,1691.5,0,0
BGH-149,1187.4,1232.8,16.2,1043.6,2,264.9,72.6,14102.4,12,94.5,1782.2,5.3,100,16048.7,4665.4,844.2,0,0
BGH-124,1232.5,1714.1,17.4,1170.5,5,267.7,77.6,12947.0,5,41.5,15350.7,7.3,74,16341.1,4621.1,1037.8,1,1
BGH-123,1297.1,1462.3,15.6,1189.8,5,295.4,76.9,14155.3,7,166.8,218.0,6.6,64,15481.6,5009.4,1668.3,0,1
BGH-112,1175.8,1065.8,15.7,1177.4,2,303.4,79.4,11715.8,11,52.8,9146.0,4.9,74,15683.2,4955.4,958.9,1,0
BGH-106,1097.0,1185.5,15.1,1141.8,4,282.3,73.8,12523.0,13,84.7,2529.2,6.3,64,15501.6,4668.1,1022.0,0,0
BGH-135,1229.0,1387.7,15.3,1223.2,4,273.5,73.2,19058.2,6,173.0,188.0,5.0,54,15128.5,4731.6,1428.7,0,0
BGH-144,1269.5,1285.4,16.4,1086.7,4,313.7,82.2,17251.9,8,173.1,187.5,3.4,74,15352.5,4867.3,1122.3,0,0
BGH-119,1184.8,1316.8,15.5,1081.9,2,259.5,80.5,14519.7,8,120.3,770.7,5.3,74,16003.5,5086.6,917.9,0,0
BGH-100,1164.7,1968.9,14.9,1100.6,5,300.4,81.6,16044.3,11,128.5,603.9,6.9,54,15697.8,4921.6,1677.4,0,0
BGH-107,1178.1,1641.5,15.2,1171.5,5,298.3,71.8,13099.0,9,102.8,1343.9,6.8,100,14973.1,4981.2,1388.9,0,0
BGH-145,1242.5,984.5,15.4,1129.3,1,298.3,73.4,16323.2,9,81.0,2901.2,5.6,74,15391.5,4785.7,1425.3,0,0
BGH-115,1177.3,1437.1,14.9,1186.4,4,315.5,78.6,15522.4,11,86.0,2411.8,4.7,86,15552.2,5010.7,1222.0,0,0
BGH-113,1216.4,1482.1,15.1,1103.3,2,301.0,82.9,13590.1,6,134.2,512.7,3.0,54,16024.8,4675.6,768.3,0,0
BGH-111,1201.4,1204.6,14.7,1025.1,1,271.1,83.4,14353.4,12,145.3,377.5,4.4,100,15988.3,4719.3,761.5,0,0
BGH-122,1196.2,1606.9,15.2,1066.3,5,274.7,82.5,14214.6,10,150.8,326.3,7.5,54,16611.6,4980.8,1132.1,0,0
BGH-114,1235.1,1091.7,16.4,1151.2,1,277.4,70.7,16700.0,9,150.5,328.9,6.3,54,14495.5,4931.9,1523.3,0,0
BGH-127,1176.1,1719.4,15.5,1075.3,4,252.2,82.3,14837.3,5,52.8,9146.0,6.2,100,16709.5,5201.5,1057.4,0,0
BGH-133,1178.5,1788.3,17.5,1104.8,3,313.9,83.5,11843.7,6,109.2,1090.2,6.4,100,15742.6,5029.1,1450.2,0,0
BGH-101,1239.9,1970.5,14.9,1112.3,4,255.1,70.9,14102.2,10,48.1,11294.1,5.8,100,15259.7,4580.0,846.4,1,0
BGH-131,1150.7,1185.1,15.9,1190.4,4,299.0,76.2,13435.3,10,116.9,855.3,5.6,86,14934.8,5051.1,1138.2,0,0
BGH-122,1156.0,1225.8,15.7,1144.0,2,301.1,78.0,12044.1,13,101.8,1389.5,5.0,64,15113.1,4646.7,1014.4,0,0
BGH-121,1137.0,1638.5,16.0,1134.2,3,309.1,73.5,13477.6,10,164.3,231.8,5.0,54,14984.1,5055.9,1235.0,0,0
BGH-124,1242.5,1736.5,15.0,1107.9,3,288.7,77.8,10683.0,5,89.1,2156.3,6.9,74,15813.4,4815.6,1129.4,0,0
BGH-121,1194.7,1661.8,15.2,1058.5,3,300.8,83.3,13138.4,11,56.4,7813.1,4.8,64,15141.1,4765.8,956.5,1,0
BGH-121,1134.3,1715.9,15.8,1112.1,5,271.2,83.0,15392.2,7,60.0,6697.2,6.8,74,15909.1,4849.1,1376.6,1,0
BGH-148,1242.7,1775.4,15.1,1208.8,1,302.2,84.1,15907.5,12,146.6,364.6,6.8,74,15506.8,4645.6,1884.5,0,1
BGH-141,1172.2,1540.5,14.1,1125.7,5,274.0,77.3,16006.9,10,126.6,638.4,6.5,74,16309.7,4775.5,1258.6,0,0
BGH-105,1156.4,1457.5,16.5,1072.4,3,313.2,76.2,16914.7,7,54.2,8599.0,3.2,86,15206.0,4535.0,1035.6,1,0
BGH-114,1190.2,1226.4,16.2,1079.1,2,261.4,80.0,17375.2,7,51.8,9561.0,3.7,86,14612.7,5130.5,819.3,1,0
BGH-142,1273.9,1440.4,15.2,1170.9,4,272.1,76.3,12950.9,12,138.1,459.6,4.4,64,15054.6,4939.8,625.7,0,0
BGH-136,1180.3,1471.0,15.7,1073.4,4,284.9,70.6,12246.7,10,50.2,10270.3,6.8,100,16032.8,4820.3,1132.0,1,0
BGH-132,1228.8,1310.1,16.3,1090.0,5,304.3,80.8,15085.2,6,155.1,291.9,6.9,86,16300.7,4988.1,1929.9,0,1
BGH-107,1236.4,1492.4,16.6,1042.9,5,302.4,74.2,16093.2,7,138.9,449.5,3.2,54,15493.3,4717.1,876.3,0,0
BGH-143,1222.2,1287.5,15.6,1086.1,2,264.8,70.7,13329.3,10,51.4,9733.0,4.5,64,16647.0,4828.8,666.0,1,0
BGH-143,1263.6,1722.7,15.0,1123.7,4,260.1,70.3,15529.3,11,51.9,9518.5,6.8,54,15061.0,4910.3,1022.3,1,0
BGH-104,1164.6,1585.2,16.7,1085.2,5,271.3,84.0,18645.1,8,178.1,166.9,4.1,74,15584.3,4729.3,924.7,0,0
BGH-138,1147.8,1408.1,15.6,1101.2,1,283.9,73.8,12327.5,12,92.4,1918.0,7.4,54,15182.9,5046.1,1064.9,0,0
BGH-103,1146.9,1537.8,15.4,1042.4,5,287.7,76.7,15011.8,7,91.9,1952.0,5.2,86,15786.9,4861.3,1295.3,0,0
BGH-105,1192.8,1279.0,15.7,1072.1,5,280.0,84.3,17077.5,10,153.8,301.9,7.2,54,16517.4,4466.9,1533.8,0,0
BGH-144,1152.6,1299.3,16.4,1206.6,3,296.4,77.0,14604.4,11,172.6,189.8,4.9,74,14736.7,4956.9,1151.1,0,0
BGH-131,1207.4,1373.2,15.5,1093.3,1,279.9,71.2,15825.7,12,178.0,167.3,4.5,74,16002.1,4844.9,1016.4,0,0
BGH-129,1203.8,1461.6,16.3,1118.1,1,316.2,78.3,16820.2,8,145.5,375.5,4.6,86,16298.2,5326.1,1480.3,0,0
BGH-146,1250.9,1528.2,15.3,1059.9,2,268.3,71.3,14396.6,9,92.7,1897.9,7.0,64,15496.4,4758.2,1134.9,0,0
BGH-134,1214.6,1529.0,16.0,1102.6,3,293.9,71.4,12877.7,10,51.7,9603.7,4.5,100,16335.8,5074.4,830.6,1,0
BGH-139,1179.2,1236.2,14.7,1086.5,1,292.8,82.8,14798.3,5,148.8,343.9,6.0,64,15135.9,4809.9,1440.6,0,0
BGH-115,1220.5,1483.9,16.4,1155.0,3,269.7,74.3,12810.6,13,118.2,821.7,5.1,100,15723.4,4554.0,798.7,0,0
BGH-112,1148.5,1336.4,15.0,1152.6,3,278.8,80.2,13899.2,7,99.4,1506.3,7.2,86,17152.3,4888.6,1263.6,0,0
BGH-149,1198.1,818.2,15.9,1157.9,4,275.6,77.6,15883.9,6,166.9,217.5,3.7,86,15183.1,4978.6,761.3,0,0
BGH-141,1216.0,2115.1,14.3,1104.0,1,262.1,73.3,15362.3,11,55.6,8089.0,4.9,86,15431.2,5070.7,959.3,1,0
BGH-129,1206.5,1340.3,15.5,1202.0,4,283.4,77.8,16995.7,8,109.0,1097.2,3.6,74,15392.7,4574.1,793.9,0,0
BGH-118,1220.8,1351.4,15.7,1140.2,5,277.1,71.0,15464.0,8,41.6,15278.0,5.6,64,15443.7,4969.3,1123.7,1,0
BGH-116,1167.8,1230.7,15.0,1028.5,5,262.5,75.2,13440.6,13,105.6,1225.3,4.8,100,16617.6,4946.2,665.6,0,0
BGH-118,1257.6,1288.5,15.4,1177.1,4,281.5,77.8,13006.6,11,47.9,11397.5,3.3,64,15462.7,4993.0,553.6,0,0
BGH-127,1291.1,1462.3,15.7,1099.7,5,279.5,73.4,16255.6,13,56.6,7745.8,6.8,100,16792.5,4324.2,1312.3,0,0
BGH-125,1119.9,1770.4,16.0,1156.9,4,259.2,79.9,15480.4,5,56.5,7779.4,4.7,54,16079.8,5088.4,886.9,1,0
BGH-136,1139.2,1461.1,15.6,1047.4,2,259.2,70.8,14615.8,7,130.9,563.4,5.2,64,15000.0,4669.5,1034.5,0,0
BGH-125,1202.2,1435.3,16.6,1096.4,3,295.3,77.3,15677.6,10,144.4,386.8,4.8,54,15954.2,5082.9,1103.9,0,0
BGH-122,1187.2,1740.1,16.4,1137.5,2,299.5,80.7,13591.5,5,121.7,738.7,5.2,86,15369.6,5258.2,1281.1,0,0
BGH-108,1294.8,1395.1,15.5,1112.2,1,315.9,76.4,10109.0,9,174.7,180.6,3.1,74,15278.3,5112.1,599.6,0,0
BGH-111,1211.0,1504.2,14.4,1092.5,2,256.1,83.1,17085.5,8,92.5,1911.2,6.7,74,16856.3,4869.4,1264.9,0,0
BGH-100,1269.6,1315.7,15.1,977.1,2,258.3,79.5,16297.9,8,80.0,3012.3,4.5,64,15370.2,4841.5,806.5,0,0
BGH-100,1097.5,1837.0,13.7,1063.0,5,253.6,84.4,14826.1,11,161.6,247.8,6.3,54,15918.1,4841.9,935.9,0,0
BGH-146,1240.7,1709.7,15.4,1051.1,4,287.3,74.3,13202.7,9,71.3,4215.9,3.3,54,16236.1,4714.0,530.3,0,0
BGH-133,1164.2,1469.4,16.6,1006.9,1,293.6,84.1,14573.0,11,174.9,179.8,5.4,100,15396.3,4992.8,1363.1,0,0
BGH-131,1163.4,1420.1,16.1,1064.5,5,278.2,79.1,11540.7,5,41.7,15205.7,7.1,64,15841.0,4830.0,1277.6,1,0
BGH-147,1187.6,1493.6,15.6,1192.9,1,305.9,81.2,15229.0,13,175.8,176.0,4.8,64,15268.3,4684.1,1246.7,0,0
BGH-124,1128.8,1472.3,14.9,1157.9,3,298.1,83.5,11128.2,12,46.0,12435.4,3.9,54,15276.5,4723.9,610.4,1,0
BGH-139,1222.1,1190.6,15.6,1058.2,4,319.0,78.3,15213.2,11,164.8,228.9,3.4,54,14949.7,4939.4,985.2,0,0
BGH-144,1209.5,1716.5,17.2,1070.6,5,259.7,82.9,13589.2,6,113.9,939.0,6.9,74,15240.8,4557.5,1084.4,0,0
BGH-100,1213.3,1454.6,16.7,1070.7,2,254.1,78.1,14704.8,10,179.0,163.4,4.1,64,15352.1,4875.2,551.6,0,0
BGH-115,1244.4,1879.7,15.4,1137.8,3,269.2,79.0,12721.6,8,50.3,10224.3,7.4,74,16049.7,5073.5,1188.6,1,0
BGH-138,1275.7,1584.4,14.3,1120.2,2,251.3,76.7,18016.4,7,117.5,839.6,4.1,86,15001.9,4941.1,937.0,0,0
BGH-104,1181.8,995.8,17.3,1064.4,1,315.3,72.2,15721.0,12,175.7,176.4,5.2,86,15288.2,4880.7,1564.1,0,0
BGH-121,1223.9,1243.7,14.9,1070.2,3,271.3,78.3,13623.0,8,113.2,959.9,5.1,54,16088.8,4729.9,926.4,0,0
BGH-128,1214.6,1070.8,15.9,1154.1,5,288.7,84.7,14641.0,7,128.1,611.0,3.3,100,15361.8,5018.1,736.1,0,0
BGH-102,1218.9,1241.2,14.3,1176.2,2,272.3,81.8,18212.2,9,137.4,468.6,5.4,54,16733.0,4579.9,1287.8,0,0
BGH-111,1219.6,1173.3,15.2,1055.2,2,267.2,81.2,13100.5,13,103.6,1308.7,6.0,64,16104.8,4821.7,896.3,0,0
BGH-125,1279.5,1550.5,14.2,1094.1,1,260.7,79.6,12775.4,7,127.9,614.6,6.3,54,14834.8,4873.7,994.9,0,0
BGH-115,1177.0,1436.8,14.6,1106.4,1,272.4,75.2,12689.8,13,121.8,736.5,5.4,74,15156.3,4743.1,855.8,0,0
BGH-136,1123.7,1648.1,14.8,1090.5,4,293.1,72.5,13637.4,8,166.2,221.3,6.7,54,14520.3,4909.8,1264.4,0,0
BGH-121,1165.1,1492.4,15.9,1156.5,4,318.0,73.4,17990.1,8,46.4,12208.2,6.4,74,15455.0,5277.0,1969.3,1,0
BGH-128,1237.9,1451.9,15.4,1092.4,1,289.1,70.1,13880.3,6,79.3,3093.0,3.9,86,16055.8,5028.7,873.1,0,0
BGH-113,1201.2,1900.6,17.7,1195.4,4,287.3,80.1,14165.9,12,173.1,187.5,4.8,74,15611.5,5138.3,987.4,0,0
BGH-127,1176.6,1544.6,16.4,1160.0,2,252.5,82.2,15403.3,8,164.6,230.1,3.6,64,15113.6,5074.7,626.3,0,0
BGH-104,1146.2,1483.9,16.4,1065.7,1,308.8,74.0,14937.7,7,103.8,1300.1,3.6,54,16104.7,5240.2,1028.9,0,0
BGH-146,1211.1,1329.3,15.9,1103.3,3,253.1,71.4,16939.0,7,126.8,634.7,6.2,64,15427.0,4734.2,1138.7,0,0
BGH-148,1232.2,1264.8,15.7,1051.2,1,313.4,75.0,16642.6,5,78.8,3152.2,5.4,74,15775.5,4514.7,1719.5,0,0
BGH-129,1215.3,1654.1,16.5,1080.4,5,287.7,74.4,15654.6,12,66.3,5154.4,5.7,74,15219.1,4820.6,1292.0,1,0
BGH-145,1187.3,1642.1,13.6,1143.5,5,261.8,76.8,14540.4,9,104.9,1253.8,6.3,74,16029.7,4645.4,1067.7,0,0
BGH-104,1207.3,1814.3,15.0,1112.3,1,281.6,74.0,16919.6,9,89.5,2125.7,4.2,74,15213.7,4804.9,1000.9,0,0
BGH-111,1207.0,1595.8,14.4,1205.6,3,319.6,75.1,13425.6,8,121.7,738.7,4.8,74,14800.7,4772.4,1233.0,0,0
BGH-115,1209.5,1421.4,14.0,1038.9,1,271.4,83.6,13297.5,9,50.9,9952.9,5.7,54,14862.7,4965.3,975.9,1,0
BGH-125,1140.8,1602.2,14.9,1098.4,3,268.9,75.0,14184.1,9,176.4,173.6,3.4,100,15621.2,5209.5,658.5,0,0
BGH-125,1209.9,1483.9,14.6,1074.7,2,258.3,81.8,17323.5,13,178.1,166.9,6.7,64,16337.0,5053.9,1294.4,0,0
BGH-147,1178.0,1673.1,16.5,1084.2,2,291.8,79.4,13326.2,10,137.7,464.7,4.5,86,15702.3,4896.5,965.7,0,0
BGH-120,1252.0,1766.9,15.6,1102.1,3,256.2,75.1,13799.2,13,115.1,904.4,6.0,86,15898.7,4455.2,844.6,0,0
BGH-138,1206.6,1466.3,13.9,1066.2,4,303.6,82.3,15347.9,12,83.3,2663.1,7.5,64,14878.5,4706.8,1867.6,0,0
BGH-135,1241.8,1851.5,15.8,1147.9,2,314.3,78.9,14886.7,7,153.9,301.1,5.1,54,15451.6,4630.9,1452.6,0,0
BGH-132,1184.9,1737.7,14.7,1187.6,5,315.2,70.1,14241.1,6,135.9,488.7,4.0,64,15382.1,4924.7,1089.9,0,0
BGH-129,1186.7,1503.5,15.5,983.2,1,257.6,71.0,15934.1,10,62.8,5954.2,4.0,74,16465.2,5060.5,835.7,1,0
BGH-136,1274.7,1634.1,15.8,1169.6,4,289.1,81.3,14053.8,6,167.5,214.4,3.3,100,15076.1,5360.5,751.3,0,0
BGH-122,1221.8,1561.1,14.9,1225.8,5,256.8,76.7,17112.1,7,155.2,291.2,6.5,64,15739.2,4831.0,1160.2,0,0
BGH-109,1164.3,1504.4,15.7,1109.5,1,290.0,76.1,15474.8,7,173.0,188.0,4.3,54,15521.7,4484.0,1063.0,0,0
BGH-104,1244.8,1882.6,15.8,1069.5,5,307.0,72.2,17033.0,5,141.6,417.3,3.8,74,15277.8,4624.9,1174.7,0,0
BGH-135,1173.3,1603.5,15.4,1071.4,4,287.6,72.4,13418.7,9,125.9,651.7,6.2,64,15662.3,4821.7,1090.9,0,0
BGH-133,1211.3,1331.8,14.9,1084.6,3,311.0,82.0,14703.5,12,98.6,1547.8,4.4,64,14818.2,5298.2,1065.8,0,0
BGH-130,1291.8,1294.4,15.5,1121.5,1,306.1,82.4,11205.2,13,170.6,199.0,5.7,74,15707.3,5108.2,1094.3,0,0
BGH-109,1128.4,1302.6,15.4,1078.6,5,269.4,78.4,17674.2,11,161.2,250.2,4.9,54,15569.4,4522.0,978.2,0,0
BGH-118,1191.2,1597.9,15.8,1096.0,5,294.1,74.4,19587.8,9,46.3,12264.6,4.5,100,14850.1,4596.1,1183.7,1,0
BGH-131,1220.4,1431.7,15.3,1052.2,4,250.5,84.0,14423.7,12,43.7,13838.4,5.2,100,15566.2,4339.9,681.6,1,0
BGH-100,1238.2,1566.7,14.5,1077.2,4,277.7,79.4,15745.5,13,92.7,1897.9,4.4,74,14889.6,5035.8,927.9,0,0
BGH-104,1137.9,1687.3,15.4,1079.4,4,266.7,81.9,15226.5,13,153.5,304.2,6.9,86,15912.2,4681.6,1144.5,0,0
BGH-144,1123.2,1905.7,15.8,1098.2,3,315.6,70.0,12415.9,13,178.2,166.5,3.3,54,15980.1,4813.3,762.0,0,0
BGH-103,1254.5,1436.3,15.6,1027.2,2,278.4,76.8,17494.9,6,61.1,6393.4,3.1,86,14933.7,5134.3,829.7,0,0
BGH-115,1164.0,1218.3,15.4,1083.5,5,295.8,83.1,14450.8,7,123.2,706.2,4.8,86,15465.4,4695.2,982.5,0,0
BGH-123,1161.9,1858.5,15.1,1089.3,3,301.2,75.1,10903.4,6,93.3,1858.3,3.8,86,15358.7,4737.0,674.8,0,0
BGH-115,1277.5,1208.6,15.1,1109.2,5,304.1,80.9,13568.2,9,175.8,176.0,6.3,54,16231.8,4927.3,1474.6,0,0
BGH-101,1203.5,1200.7,15.2,1169.9,3,301.5,79.9,12211.2,7,157.9,271.9,4.6,86,15365.5,4891.3,1047.3,0,0
BGH-148,1203.8,1853.3,16.4,1094.9,1,270.2,72.3,15244.4,13,157.4,275.3,4.2,74,14885.0,5083.6,833.3,0,0
BGH-127,1191.0,1713.2,14.7,1039.1,2,298.0,81.6,15232.4,6,105.6,1225.3,4.6,64,16631.6,4714.9,1340.6,0,0
BGH-131,1138.8,1597.0,15.6,1106.6,5,288.4,71.7,17372.3,9,98.1,1574.4,4.0,74,15956.2,4966.8,944.6,0,0
BGH-126,1233.8,1490.0,14.5,1064.6,4,291.8,80.9,18659.6,9,78.3,3212.6,4.3,64,14207.2,4826.3,1294.1,0,0
BGH-119,1220.5,1452.2,16.1,1063.3,2,250.1,84.9,18822.9,9,47.9,11397.5,5.6,100,15897.7,4810.1,1166.5,1,0
BGH-123,1208.4,1369.8,15.1,1085.2,5,268.1,84.4,12949.3,5,161.1,250.9,6.9,86,16273.5,4813.0,1252.6,0,0
BGH-111,1194.2,1443.4,14.8,1074.0,1,315.1,82.0,16238.5,11,153.8,301.9,4.7,100,15390.3,4821.0,1460.2,0,0
BGH-149,1185.4,1490.5,15.7,1046.7,5,270.3,78.0,16593.7,6,180.0,159.7,4.4,100,15733.1,5058.2,886.1,0,0
BGH-134,1245.6,1225.1,13.5,1075.7,5,280.7,80.1,13953.0,6,179.5,161.6,6.5,54,15686.1,4888.2,1256.7,0,0
BGH-132,1192.9,1336.0,14.5,1122.8,5,263.1,80.9,15574.2,13,117.8,831.9,3.1,86,15238.5,4649.9,479.8,0,0
BGH-132,1196.8,1077.6,15.8,1102.0,2,259.7,70.1,15798.6,5,147.7,354.1,4.4,100,14931.1,4928.3,816.5,0,0
BGH-142,1226.5,1515.6,16.3,1050.4,5,264.6,71.5,14029.8,13,172.3,191.1,5.0,64,15483.3,4779.8,762.8,0,0
BGH-136,1210.4,1515.6,15.9,1057.0,4,288.8,79.0,17563.9,10,159.0,264.4,5.7,64,14435.0,4782.1,1408.1,0,0
BGH-111,1282.1,1855.7,15.6,1106.2,3,314.3,70.1,15470.2,9,74.6,3703.9,3.7,54,16183.7,5072.7,1095.1,0,0
BGH-102,1111.9,1575.1,17.4,1050.6,4,272.8,83.6,14656.7,9,103.1,1330.6,4.9,100,15543.2,4837.2,993.8,0,0
BGH-100,1215.0,1388.8,15.9,1055.2,1,272.6,77.3,12552.9,9,58.1,7261.6,5.5,100,14977.4,4900.2,912.0,1,0
BGH-132,1164.7,1459.9,14.7,1071.4,2,289.5,73.9,17302.7,10,173.6,185.3,5.3,100,15610.3,5007.7,1229.8,0,0
BGH-139,1152.9,1597.4,16.3,1051.4,3,275.0,75.9,15149.9,11,124.9,671.3,5.6,54,16309.3,4858.7,1054.8,0,0
BGH-109,1177.1,1545.5,15.0,1105.0,2,313.7,82.8,15156.6,13,72.0,4100.9,6.0,86,15814.0,4434.8,1739.9,0,0
BGH-142,1202.7,1615.7,14.9,1084.6,2,276.4,83.9,13307.7,6,134.0,515.6,4.7,100,14917.8,5113.0,1001.8,0,0
BGH-143,1205.0,1575.4,14.4,1170.2,5,284.3,71.7,16787.6,8,126.5,640.3,3.3,100,15178.8,4540.2,761.0,0,0
BGH-128,1124.1,1449.5,15.2,1041.9,4,287.3,81.7,12730.5,9,90.1,2080.6,3.3,74,15774.9,4705.5,609.1,0,0
BGH-112,1172.9,1392.8,14.5,1157.5,3,304.7,78.7,10583.9,10,55.9,7984.3,6.9,64,15244.8,4798.8,1244.1,1,0
BGH-111,1214.1,1382.1,15.9,1111.9,5,289.5,78.8,13582.5,11,134.0,515.6,6.0,86,15876.3,4852.1,1065.3,0,0
BGH-130,1156.2,1314.9,15.4,1174.6,3,266.7,81.7,15694.0,7,112.8,972.1,6.4,86,15600.2,4494.5,1097.7,0,0
BGH-145,1144.3,1283.6,14.4,1167.8,4,258.7,73.3,15676.8,7,148.1,350.4,7.2,86,15893.2,4854.7,1305.4,0,0
BGH-101,1087.2,1867.7,15.4,1078.6,5,315.6,78.0,15281.0,13,112.8,972.1,6.4,100,16154.6,5067.3,1608.5,0,0
BGH-149,1166.8,1524.9,16.3,1029.6,3,306.1,74.8,14655.8,13,159.3,262.4,6.1,74,15232.7,4842.7,1487.5,0,0
BGH-134,1142.5,1468.9,16.8,1092.6,5,251.6,71.4,15317.2,6,117.3,844.8,6.0,86,15002.9,4759.6,986.8,0,0
BGH-122,1150.8,1400.8,14.1,1001.2,2,307.5,71.6,20720.6,8,118.5,814.2,4.2,54,16461.0,5168.1,1665.0,0,0
BGH-116,1186.4,1585.8,14.9,1133.0,1,291.3,72.0,15499.6,8,162.7,241.1,7.3,54,15534.2,4762.3,1796.9,0,0
BGH-125,1170.0,1740.7,14.5,1107.6,3,286.3,79.2,14155.2,9,96.5,1663.1,5.4,64,15761.6,4388.5,1041.9,0,0
BGH-107,1141.7,1644.7,15.8,1070.1,4,250.9,71.6,14790.6,6,58.8,7047.6,4.0,74,16603.5,4940.8,646.6,1,0
BGH-128,1094.2,1684.3,14.4,1077.5,3,304.7,78.6,14585.2,8,44.0,13645.5,3.9,86,15588.0,4828.7,1067.9,1,0
BGH-125,1215.1,1382.7,16.3,1048.9,1,263.9,78.8,15138.6,7,145.7,373.5,6.7,74,15773.6,4698.1,1251.7,0,1
BGH-109,1237.6,1499.2,16.5,1098.4,3,301.0,83.6,13177.0,10,126.8,634.7,4.1,54,15364.0,5253.8,961.9,0,0
BGH-125,1180.2,1385.3,16.2,1050.4,3,251.1,79.4,16597.9,8,138.6,453.2,3.2,86,16437.1,4707.2,544.4,0,0
BGH-133,1186.7,1521.4,14.9,1098.1,3,305.7,84.8,15593.7,5,69.8,4475.2,4.9,100,15850.5,4789.0,1400.3,0,0
BGH-140,1200.1,1754.5,15.0,1117.7,4,251.6,70.5,13421.8,7,59.1,6958.1,6.7,54,15824.6,4593.5,850.8,1,0
BGH-106,1278.9,1587.9,15.1,1132.5,1,266.5,80.6,17039.5,12,42.0,14991.2,4.9,64,16058.0,5010.2,1024.0,1,0
BGH-103,1121.6,1825.3,16.4,1122.3,1,268.8,70.4,11194.7,7,89.1,2156.3,6.6,86,15431.3,5046.6,1021.0,0,0
BGH-149,1179.3,1442.3,14.1,1085.1,4,261.0,80.9,19305.1,11,122.6,719.0,6.7,64,16079.7,4941.4,1379.9,0,0
BGH-144,1113.9,1338.6,15.8,1122.2,3,283.7,75.8,18770.4,6,94.9,1757.6,6.9,74,16086.6,4887.9,1821.6,0,0
BGH-110,1218.1,1602.4,14.8,1106.8,3,269.9,79.2,18450.3,9,101.2,1417.7,5.7,64,15469.0,4905.4,1090.2,0,0
BGH-128,1192.8,1523.8,15.2,1106.3,1,319.5,74.6,14006.9,11,166.6,219.1,6.1,64,15247.7,5007.2,1634.7,0,0
BGH-135,1210.1,1564.5,16.1,1048.7,3,290.6,72.4,15481.3,5,88.8,2179.6,4.2,100,15082.9,5151.2,1176.5,0,0
BGH-124,1207.7,1534.6,14.3,1037.6,2,289.7,80.9,13756.4,5,112.0,997.0,3.4,64,14731.6,5365.8,708.7,0,0
BGH-120,1249.5,1403.1,15.3,1112.9,3,265.5,83.6,15861.4,12,149.7,335.9,5.4,100,15798.0,4934.4,908.0,0,0
BGH-135,1226.9,1539.1,15.4,1124.3,3,278.6,72.8,15036.7,6,95.5,1721.4,3.0,64,15223.9,4820.3,786.8,0,0
BGH-109,1241.5,1694.7,15.5,1068.9,5,258.7,83.8,14079.5,8,127.1,629.1,5.1,100,15841.2,4435.9,788.5,0,0
BGH-136,1146.7,1715.2,15.4,1158.7,1,303.4,72.1,14058.2,7,160.7,253.4,3.5,54,15471.4,5139.3,941.4,0,0
BGH-108,1259.7,1402.1,15.9,1210.7,1,273.2,81.0,15165.0,9,172.9,188.4,3.5,100,15086.6,5177.4,812.0,0,0
BGH-123,1163.9,1546.2,15.1,1187.7,2,302.6,84.4,20872.4,6,60.6,6529.5,6.9,54,15984.5,4773.9,2624.9,1,0
BGH-134,1166.8,1795.4,15.8,1086.7,2,276.0,72.2,17611.1,10,169.7,203.3,5.9,54,15624.2,4911.0,1636.3,0,0
BGH-148,1213.5,1406.4,15.8,1078.3,2,319.2,76.5,15171.3,12,108.9,1100.7,5.9,86,14780.0,5049.7,1550.4,0,0
BGH-134,1215.1,1370.1,15.7,1139.3,1,262.0,75.1,14637.6,9,76.2,3481.6,4.8,54,15744.1,4573.6,880.5,0,0
BGH-147,1146.4,1658.9,15.9,1133.9,5,250.1,75.8,16246.0,11,104.3,1278.8,4.9,86,15480.1,4428.4,723.5,0,0
BGH-135,1191.3,1623.8,15.7,1044.3,5,291.6,81.3,13774.1,9,177.2,170.4,4.4,100,14145.6,4809.8,815.3,0,0
BGH-117,1274.4,1332.6,15.4,1087.9,4,316.7,79.9,14543.9,10,109.0,1097.2,5.0,74,16323.2,4760.0,1300.1,0,0
BGH-148,1126.6,1220.1,14.5,1133.1,1,295.3,84.5,11096.9,13,86.0,2411.8,5.6,86,14617.2,5187.3,926.6,0,0
BGH-138,1274.3,1542.3,16.6,1055.2,4,256.0,72.8,15181.7,5,128.7,600.4,3.8,74,15098.7,4900.6,580.8,0,0
BGH-131,1187.9,1416.3,16.9,1062.8,3,287.8,78.1,15232.6,13,73.6,3851.1,4.2,100,15380.4,5075.1,783.4,0,0
BGH-123,1083.1,1163.2,15.2,1070.3,2,313.7,76.7,13912.4,7,50.6,10087.5,5.2,86,15479.5,4497.9,1384.1,1,0
BGH-122,1131.7,1362.6,15.9,1080.0,4,250.5,83.8,15902.8,7,58.0,7292.8,4.7,100,15817.9,4812.4,727.1,1,0
BGH-131,1151.8,1620.5,15.1,1021.5,4,261.7,70.2,15248.9,8,57.9,7324.2,6.7,74,15769.0,4717.6,1086.5,1,0
BGH-136,1168.8,1469.7,14.9,1134.6,1,307.0,84.8,13936.4,12,61.3,6339.8,6.7,100,14715.7,4931.7,1765.1,1,0
BGH-111,1194.8,1813.2,15.5,1063.3,2,312.6,77.2,16646.1,5,59.4,6869.8,4.5,74,15572.5,5086.6,1433.2,1,0
BGH-148,1064.8,1082.6,17.7,1110.1,2,299.5,79.4,14640.6,8,129.7,583.2,5.0,54,14890.1,4842.9,1308.8,0,0
BGH-112,1209.3,1767.6,16.8,1104.8,5,319.4,75.4,12905.0,11,65.5,5325.8,7.4,74,15878.1,5084.5,1756.5,1,1
BGH-122,1147.2,1431.2,16.7,1049.4,4,256.3,82.8,11477.4,7,88.4,2211.1,6.7,74,16248.6,4797.5,810.0,0,0
BGH-124,1269.5,1402.3,15.9,1011.7,5,288.2,78.4,17870.8,11,165.6,224.5,4.0,54,15520.3,4764.7,868.6,0,0
BGH-134,1186.5,1189.8,14.8,1104.5,4,297.9,79.9,15251.8,9,106.4,1193.6,4.3,86,14875.1,4863.3,1037.2,0,0
BGH-140,1247.1,1593.0,16.3,1078.2,1,299.2,79.7,15167.0,13,133.5,523.0,3.4,64,15096.1,4484.4,798.3,0,0
BGH-129,1255.5,1134.6,13.2,1122.8,1,305.5,75.5,14912.4,12,64.1,5641.6,6.1,86,16397.7,5126.2,1709.9,0,0
BGH-116,1254.2,1663.6,15.8,1140.6,3,314.2,71.1,17436.1,7,66.9,5030.0,4.4,64,15271.4,4911.7,1467.8,0,0
BGH-148,1171.7,1197.3,16.4,998.1,4,275.3,82.1,15285.2,8,45.7,12608.9,5.4,54,14870.9,4974.7,1024.9,1,0
BGH-119,1171.0,1228.9,15.6,1088.4,4,253.0,74.3,18096.1,11,63.7,5735.8,6.5,86,16453.5,5017.5,1030.3,1,0
BGH-147,1188.8,1261.8,16.8,1152.1,2,275.4,82.7,15291.6,6,79.0,3128.4,6.8,100,15403.4,4490.1,1402.6,0,0
BGH-124,1231.8,1356.8,14.4,1171.9,2,297.0,79.1,9650.6,10,64.8,5481.1,4.5,100,16009.0,4403.0,701.6,1,0
BGH-121,1174.5,1688.4,16.8,1008.4,5,264.9,75.3,17533.8,13,52.4,9309.5,4.1,86,14387.5,5184.3,780.5,1,0
BGH-112,1194.0,1800.8,15.4,1157.6,3,306.7,78.9,15630.5,13,56.9,7646.1,6.8,100,15714.8,4698.7,1902.5,1,0
BGH-118,1213.7,1377.5,16.7,1049.5,1,265.4,79.7,13986.2,10,104.5,1270.4,4.7,54,16705.4,4858.6,650.0,0,0
BGH-148,1154.8,1490.7,16.3,1135.3,4,250.7,80.6,14486.6,10,68.9,4639.5,6.7,100,16326.4,4712.9,1035.5,0,0
BGH-135,1151.6,1598.0,16.7,1072.6,5,285.6,82.3,14384.5,10,91.0,2015.2,3.7,100,15760.6,4931.4,707.4,0,0
BGH-111,1192.1,1434.1,16.3,1137.3,3,300.9,72.4,12516.9,10,110.5,1045.7,7.1,64,15304.9,5066.4,1338.4,0,1
BGH-140,1198.7,1590.2,16.1,1081.9,2,274.5,84.2,16754.4,7,136.7,477.8,5.2,64,15047.6,4662.9,1212.8,0,0
BGH-118,1221.7,1499.2,16.6,1028.1,3,302.4,76.2,14108.3,8,45.5,12726.1,3.8,74,15102.1,5273.8,888.1,1,0
BGH-111,1233.6,1449.3,15.5,1070.9,5,280.7,82.9,13263.7,10,151.9,317.1,5.4,54,15840.7,4824.2,1032.5,0,0
BGH-108,1145.0,1216.0,16.0,1127.0,1,262.0,73.3,23597.7,5,127.9,614.6,6.9,100,15695.3,5166.4,2059.3,0,0
BGH-106,1159.4,1529.8,15.5,1078.9,2,256.3,70.4,12693.9,5,51.4,9733.0,4.8,54,14844.7,4409.4,681.8,1,0
BGH-127,1151.5,1691.7,15.0,1046.3,2,299.7,78.6,14824.4,11,162.3,243.5,3.8,54,15640.9,4777.5,1075.1,0,0
BGH-113,1270.6,1344.3,15.9,1036.4,1,277.0,74.9,10399.0,5,168.9,207.3,5.6,64,15558.4,4648.8,923.4,0,0
BGH-130,1194.0,1106.3,15.7,1059.5,2,313.9,84.8,17508.6,9,48.6,11040.2,6.8,100,15730.4,4634.5,2267.8,1,0
BGH-118,1200.8,1436.1,16.5,1059.1,5,287.8,71.6,14435.1,12,78.8,3152.2,3.5,74,15162.7,5182.5,759.7,0,0
BGH-146,1202.9,1802.0,15.3,1128.7,2,274.4,70.7,16633.8,10,152.9,309.0,3.2,86,15367.6,4737.0,765.1,0,0
BGH-115,1164.2,1742.4,14.9,1080.2,4,274.4,70.7,13113.5,7,144.8,382.6,3.3,74,15677.5,5121.3,543.0,0,0
BGH-104,1278.2,1383.9,16.5,1085.1,3,259.2,73.3,11768.7,6,65.8,5260.8,4.0,64,15322.0,5039.7,520.9,1,0
BGH-134,1220.6,1591.1,15.6,1091.0,5,291.6,78.7,13508.0,6,69.3,4565.6,3.0,74,14826.5,5167.3,635.2,0,0
BGH-111,1202.0,1622.7,14.9,1127.0,1,290.8,77.6,17691.0,8,91.9,1952.0,4.9,64,14758.6,4568.3,1420.3,0,0
BGH-124,1144.7,1798.1,16.6,1131.9,5,306.0,75.3,16154.4,13,107.8,1140.5,6.1,64,15595.3,5006.0,1447.7,0,0
BGH-120,1141.9,1189.9,16.2,1073.7,4,264.1,71.3,11767.1,13,126.6,638.4,6.2,54,16006.5,5075.0,744.2,0,0
BGH-135,1184.6,1286.2,17.0,1086.8,2,270.4,73.5,10160.9,5,91.6,1972.8,5.9,100,15980.9,5090.8,952.1,0,0
BGH-122,1165.0,1098.0,15.2,1132.1,2,256.8,72.8,14357.6,9,104.8,1257.9,4.3,86,15904.3,4879.9,740.0,0,0
BGH-115,1146.6,1364.3,15.1,1065.2,5,270.7,81.2,17184.7,13,144.6,384.7,6.3,64,15851.3,4484.0,1188.8,0,0
BGH-138,1181.5,1713.3,14.6,1072.6,2,280.0,81.7,13483.0,8,45.1,12964.2,5.6,64,15693.2,4891.9,1064.9,1,0
BGH-144,1189.2,1388.1,15.0,1132.0,2,317.5,81.7,17152.6,11,75.3,3604.7,6.9,54,16403.2,5006.7,2264.4,0,0
BGH-141,1207.1,1238.4,15.2,1071.3,4,295.7,84.5,15253.9,10,139.9,437.2,5.2,86,15806.2,4804.0,1275.9,0,0
BGH-138,1174.8,1545.3,16.0,1112.4,1,304.8,83.3,18505.5,8,165.3,226.2,3.8,64,15425.9,4923.1,1345.4,0,0
BGH-113,1149.6,1550.5,14.8,1021.0,3,272.8,77.5,13642.6,11,111.6,1009.7,5.9,100,15231.4,5048.9,984.0,0,0
BGH-130,1151.4,1296.6,15.0,1129.2,5,260.1,76.2,14879.9,11,114.5,921.5,3.7,100,15271.6,4940.5,595.8,0,0
BGH-104,1260.6,1398.8,16.9,1090.0,1,268.0,83.7,13689.6,6,55.0,8303.2,7.3,54,15086.2,5122.7,1259.7,1,0
BGH-134,1137.4,1530.1,13.2,1120.3,3,268.0,79.2,16970.7,11,102.6,1352.9,6.2,64,15887.7,4895.7,1310.3,0,0
BGH-122,1218.2,1649.2,15.9,1156.0,1,290.8,74.4,16181.6,13,114.6,918.6,6.4,86,15238.2,4832.0,1614.8,0,0
BGH-128,1226.0,1370.2,14.5,1083.3,5,273.9,78.5,11603.1,10,73.9,3806.3,6.1,54,15342.9,5014.0,749.2,0,0
BGH-142,1193.9,1341.4,14.9,1023.3,4,310.0,84.9,16384.3,10,77.7,3287.0,3.4,54,15472.0,5090.8,938.3,0,0
BGH-110,1288.4,1882.5,16.6,1081.9,4,319.2,82.7,12022.0,10,92.8,1891.2,5.1,74,15928.3,4888.3,1173.1,0,0
BGH-117,1225.1,1445.2,15.6,1160.7,4,274.0,74.2,13177.5,6,42.8,14435.6,5.9,54,15298.6,5125.9,1082.3,1,0
BGH-146,1292.1,1549.9,17.6,1108.5,1,299.4,84.3,16491.4,10,85.1,2492.4,4.0,74,15179.4,4680.3,1131.5,0,0
BGH-111,1167.4,1629.7,16.0,1046.8,5,296.0,84.7,12491.1,10,69.6,4511.1,6.1,74,15444.2,4821.7,1164.5,0,0
BGH-108,1168.3,1142.6,14.8,1090.3,2,263.6,73.5,14257.2,13,85.8,2429.5,6.7,64,16632.1,5287.7,1035.7,0,0
BGH-109,1226.4,1496.3,15.9,1124.4,2,314.3,83.4,16518.8,6,56.8,7679.2,4.2,100,14745.7,5208.8,1327.4,1,0
BGH-143,1186.9,1170.9,16.4,1093.7,4,264.0,83.2,15830.4,13,164.7,229.5,3.9,86,14263.8,5085.6,678.9,0,0
BGH-116,1284.3,1473.8,15.9,1092.4,1,301.6,70.6,15713.4,9,123.1,708.3,7.0,54,15750.7,4704.8,2104.5,0,0
BGH-137,1217.1,1774.6,15.3,1064.3,2,274.3,80.0,16583.6,13,135.1,499.8,3.0,64,14092.4,4532.2,561.1,0,0
BGH-106,1147.8,1300.3,14.1,1068.3,1,275.7,74.6,17614.0,6,150.5,328.9,4.2,86,14874.0,4868.2,1196.4,0,0
BGH-145,1113.2,1166.7,15.2,1111.1,5,281.9,80.1,12518.9,9,109.8,1069.4,4.8,54,16537.3,4982.7,771.4,0,0
BGH-112,1196.1,1877.5,16.8,1124.6,4,310.5,83.7,15666.5,6,52.2,9392.5,6.0,100,15470.6,5137.1,1661.7,1,0
BGH-139,1195.5,1270.6,14.9,1091.3,3,259.8,77.5,16929.0,9,115.2,901.6,7.5,100,16096.3,4595.0,1554.7,0,0
BGH-141,1215.7,1200.3,15.2,1075.3,4,253.8,76.2,16535.7,11,122.2,727.7,4.7,74,16223.9,4886.5,699.3,0,0
BGH-108,1260.5,1823.8,16.3,1137.8,3,278.1,83.8,14681.3,11,144.4,386.8,7.3,74,15045.8,4783.6,1487.1,0,0
BGH-149,1254.0,1262.7,16.0,1078.8,2,253.9,84.6,14565.8,11,100.4,1456.3,4.7,86,15766.5,4902.9,760.1,0,0
BGH-126,1171.1,1829.0,14.5,1114.5,3,298.1,70.9,16648.7,9,57.9,7324.2,6.1,54,14587.8,4996.6,1913.8,1,0
BGH-101,1135.3,1554.8,15.4,1126.7,1,303.2,83.8,15428.1,11,79.7,3046.6,3.7,74,14902.6,4883.7,1090.8,0,0
BGH-104,1138.3,1756.8,16.6,1036.8,3,309.8,71.2,17188.3,10,90.8,2029.5,5.1,64,15359.8,4797.2,1677.2,0,0
BGH-128,1163.2,1537.2,15.5,1107.0,2,302.1,75.1,15219.7,11,130.4,571.5,6.9,74,15089.6,4852.7,1926.9,0,0
BGH-136,1181.7,1715.9,16.6,965.1,2,314.1,81.4,14252.9,9,119.9,780.1,4.4,86,15281.2,5038.8,1199.9,0,0
BGH-137,1215.3,1316.3,16.7,1094.9,4,302.4,81.7,11473.1,6,89.9,2095.5,3.5,64,15690.8,5052.0,768.3,0,0
BGH-118,1160.0,1377.3,14.8,1129.0,2,315.5,80.9,14539.1,13,178.1,166.9,5.4,100,15028.2,4701.9,1423.2,0,0
BGH-107,1214.0,1076.9,15.3,1116.8,1,263.5,70.6,12538.1,6,124.8,673.3,5.0,64,15860.0,4634.7,784.3,0,0
BGH-147,1218.1,1694.4,16.0,1140.0,3,285.0,72.0,11340.9,7,73.2,3911.9,4.0,86,14874.0,5119.9,715.1,0,0
BGH-144,1207.2,1583.9,14.3,1117.5,5,319.6,84.0,13268.9,13,54.2,8599.0,7.1,100,16133.4,4623.6,1802.5,1,0
BGH-100,1143.6,1298.5,15.3,1072.9,2,297.7,71.2,16406.2,6,61.4,6313.2,5.7,54,15834.3,4776.6,1660.0,0,0
BGH-121,1223.4,1150.2,15.9,1023.0,3,311.5,71.2,14516.3,12,74.4,3732.8,4.6,86,15739.5,4881.0,1147.3,0,0
BGH-116,1304.1,1556.4,15.0,1105.7,4,252.1,82.5,15356.4,7,62.5,6029.2,7.5,74,16655.9,4762.9,1055.7,0,0
BGH-106,1212.3,1835.2,16.0,1123.9,5,311.0,79.6,16347.2,10,66.1,5196.7,3.6,86,16376.2,4924.3,962.6,1,0
BGH-124,1052.3,1472.4,15.0,1012.1,4,298.8,75.3,14928.4,13,79.9,3023.7,6.8,86,15841.3,4987.7,1429.8,0,0
BGH-144,1262.0,1368.3,15.0,1120.2,1,262.0,72.5,13624.0,7,64.3,5595.2,4.0,86,14980.7,5224.0,754.1,0,0
BGH-103,1164.9,1312.6,16.1,1104.4,4,251.8,83.3,14107.8,13,165.5,225.1,4.1,100,16023.9,4843.6,494.8,0,0
BGH-135,1313.3,1749.9,16.6,1081.8,3,268.2,84.8,16544.9,11,51.2,9820.3,5.2,86,15741.2,4684.4,1032.8,1,0
BGH-105,1205.8,1344.2,14.9,1122.0,5,314.1,70.7,14947.6,9,113.4,953.9,6.0,54,15656.9,4946.2,1473.5,0,0
BGH-130,1115.8,1425.8,14.5,1086.2,4,296.8,78.3,9911.6,12,97.5,1607.0,6.1,86,15718.9,4831.2,984.7,0,0
BGH-118,1096.8,1708.3,15.5,1083.0,4,314.4,73.9,14293.7,10,177.5,169.2,3.1,74,14406.2,4860.4,828.7,0,0
BGH-143,1277.0,1627.5,15.9,1036.4,1,281.2,82.5,16063.3,11,55.7,8053.9,4.3,64,15043.8,5044.2,881.4,1,0
BGH-138,1255.3,1433.4,14.9,1120.2,3,315.6,75.2,15365.8,7,95.7,1709.6,6.0,100,14763.7,4668.4,1763.9,0,0
BGH-126,1311.3,1360.2,16.8,1034.7,4,282.4,80.7,12958.9,10,175.7,176.4,7.0,74,16980.0,4725.8,1143.4,0,0
BGH-109,1200.5,1793.1,15.4,1065.8,3,264.3,78.1,13507.8,7,161.2,250.2,6.0,54,16701.2,4815.5,1004.7,0,0
BGH-125,1197.2,1276.7,14.9,1122.8,2,260.6,78.1,11102.7,11,154.4,297.2,4.2,86,16795.5,5046.0,497.5,0,0
BGH-118,1180.9,1457.9,17.0,1091.6,1,319.6,82.9,16098.7,10,76.1,3495.0,5.3,100,16288.3,5039.7,1632.5,0,0
BGH-138,1167.1,1198.8,16.5,1185.5,1,273.4,77.1,16243.6,12,63.9,5688.5,5.9,100,15695.1,5047.8,1143.2,0,0
BGH-102,1180.4,1737.8,14.9,1129.6,1,261.2,82.7,14733.2,12,133.6,521.5,3.6,100,14966.8,4754.3,535.8,0,0
BGH-144,1210.9,1405.0,16.4,1137.6,3,250.6,75.5,14299.4,10,170.1,201.4,5.5,74,15834.9,5184.6,817.8,0,0
BGH-112,1157.8,1360.1,15.0,1142.7,4,270.0,72.6,12837.1,6,117.9,829.3,5.1,64,16486.9,4825.8,905.9,0,0
BGH-149,1116.5,1632.3,16.1,1087.9,4,312.2,76.8,15664.7,10,120.0,777.8,4.5,64,15542.5,5039.6,1212.6,0,0
BGH-127,1208.0,1214.9,16.9,1073.4,3,287.4,77.5,11715.6,5,79.2,3104.8,5.8,54,15561.1,4935.9,1136.9,0,0
BGH-119,1156.7,1627.1,14.5,1039.3,3,294.3,77.2,16553.7,10,147.7,354.1,5.9,74,15683.0,4732.2,1422.3,0,0
BGH-127,1038.0,1427.9,15.1,1027.3,2,314.6,82.1,16158.4,10,66.2,5175.5,7.4,74,15619.6,4819.5,2287.7,0,0
BGH-107,1227.6,1258.9,15.1,1157.4,5,285.9,78.5,17336.4,10,85.3,2474.3,4.9,74,15531.5,5008.0,1132.6,0,0
BGH-140,1144.6,1301.9,15.7,1068.9,5,308.7,83.3,15100.7,13,99.6,1496.2,5.4,86,15357.1,5001.6,1229.9,0,0
BGH-138,1233.1,1363.2,15.9,1144.7,1,272.7,77.7,13960.0,8,111.1,1025.9,3.7,74,16109.6,4983.3,661.1,0,0
BGH-100,1231.9,1411.2,15.4,1026.4,4,318.4,73.4,15864.4,11,73.9,3806.3,5.5,74,14952.7,5145.0,1669.4,0,0
BGH-102,1214.2,1260.3,14.2,1090.9,1,255.5,71.9,16561.8,7,56.1,7915.3,3.2,100,15537.0,5164.1,559.0,0,0
BGH-112,1324.8,1558.9,14.5,1163.4,4,300.7,83.0,12684.6,12,125.5,659.5,3.7,100,15151.7,4890.8,720.2,0,0
BGH-127,1193.1,1255.1,14.8,1113.3,4,296.2,70.8,14861.5,6,80.4,2967.3,3.8,100,14827.4,4764.2,824.8,0,0
BGH-148,1185.7,1027.0,15.9,1114.6,2,263.4,71.8,15530.7,6,121.4,745.4,5.8,74,15444.2,4624.0,1064.8,0,0
BGH-124,1234.2,1883.9,14.4,1070.7,3,277.2,71.0,15962.6,9,61.6,6260.5,5.6,74,15241.0,4955.1,1083.1,0,0
BGH-132,1197.2,1539.6,14.8,1054.9,3,271.9,76.4,14295.4,5,107.4,1155.4,6.6,100,15256.9,5108.8,1080.8,0,0
BGH-137,1258.0,1901.9,14.6,1097.8,3,256.6,78.0,16262.0,5,114.6,918.6,5.1,54,15838.1,4909.3,932.6,0,0
BGH-105,1136.6,1291.3,15.8,1043.7,5,290.9,70.3,13079.6,7,47.3,11714.2,5.1,54,16240.0,4862.9,985.8,1,0
BGH-143,1137.4,1596.0,16.4,1094.6,3,319.6,77.7,19036.1,10,87.1,2317.3,3.7,64,14820.3,5145.2,1292.4,0,0
BGH-144,1238.3,1678.9,15.6,1149.1,5,289.2,75.9,13751.2,10,58.8,7047.6,6.3,86,15459.5,4690.2,1153.1,1,0
BGH-131,1141.8,1462.1,17.1,1036.6,1,288.2,81.6,15815.5,12,48.9,10891.0,3.0,86,15175.5,4918.5,692.0,1,0
BGH-144,1230.5,1211.1,15.6,1132.1,5,252.8,82.4,13894.9,11,178.6,165.0,4.9,64,16067.3,4600.0,527.8,0,0
BGH-146,1218.5,1447.1,15.4,1149.8,4,259.7,80.3,15196.0,5,85.1,2492.4,3.8,100,15623.2,5035.1,680.4,0,0
BGH-120,1165.3,1625.3,14.9,1087.0,2,285.9,77.1,12841.5,5,153.4,305.0,6.5,100,15888.9,4659.8,1423.6,0,0
BGH-115,1218.4,1617.6,15.7,1101.7,2,319.0,73.2,17151.1,8,75.6,3563.1,6.0,74,14881.5,5104.6,1968.9,0,0
BGH-120,1138.3,1499.7,14.8,1076.0,4,311.4,82.7,13365.2,5,135.4,495.6,6.2,86,14674.0,4822.8,1585.4,0,0
BGH-110,1150.0,1679.5,14.7,1084.5,1,273.8,75.1,15163.2,5,146.4,366.6,3.7,74,14917.2,5315.4,827.9,0,0
BGH-136,1188.1,1670.0,14.7,1140.9,2,288.0,75.3,14872.2,5,123.4,702.0,6.0,74,15183.8,4448.4,1526.2,0,0
BGH-135,1203.9,1395.3,15.3,1136.2,4,288.7,83.7,13596.7,7,106.0,1209.3,6.1,86,15323.2,4942.5,1362.6,0,0
BGH-134,1184.8,1195.9,15.1,1119.7,2,298.0,84.6,9909.6,6,97.7,1596.0,3.0,100,14693.2,5030.9,568.8,0,0
BGH-118,1221.7,1538.1,17.6,1130.4,5,298.1,83.5,17118.8,12,88.8,2179.6,4.4,54,15475.4,4812.4,1019.3,0,0
BGH-119,1219.4,1350.7,15.7,1110.0,2,305.3,85.0,15288.8,11,170.1,201.4,3.4,100,15480.1,5354.3,856.4,0,0
BGH-117,1276.5,1528.7,15.7,1038.7,5,251.7,83.0,11519.4,12,156.3,283.1,6.1,100,16546.4,5086.8,567.0,0,0
BGH-146,1195.2,1769.1,15.1,1153.2,5,316.1,80.6,11173.4,8,175.1,178.9,4.0,74,14906.2,5064.4,855.1,0,0
BGH-140,1259.7,1587.5,18.0,1055.3,2,254.9,74.4,14355.9,13,57.4,7483.1,4.2,74,15603.6,4790.6,670.4,1,0
BGH-148,1246.0,1759.3,14.8,1095.0,2,283.3,84.3,14835.1,9,142.3,409.4,3.4,74,15822.5,4846.8,779.6,0,0
BGH-113,1314.7,1297.7,15.1,1142.7,5,314.4,83.1,14570.1,11,171.4,195.2,5.2,86,14634.1,4718.1,1210.3,0,0
BGH-114,1193.6,1717.5,16.3,1029.9,2,284.1,73.6,17887.9,8,65.4,5347.7,3.1,86,14996.5,5037.9,818.3,0,0
BGH-130,1179.0,1835.3,15.7,1131.2,1,254.5,77.3,11660.9,5,49.3,10695.6,6.8,64,15150.2,4492.9,993.7,1,0
BGH-100,1262.9,1512.9,14.5,1040.4,3,266.0,71.1,15424.6,12,143.8,393.1,3.1,74,15555.5,4936.8,541.7,0,0
BGH-102,1219.3,1964.4,15.5,1129.7,3,290.5,84.3,16291.3,13,120.4,768.4,3.3,86,16216.8,4965.1,865.7,0,0
BGH-115,1264.1,1328.5,16.0,1160.1,4,256.2,78.6,16248.9,13,157.9,271.9,5.9,64,15529.5,4609.7,976.3,0,0
BGH-122,1235.8,1372.2,15.9,1063.1,3,279.7,73.7,16787.7,12,59.6,6811.7,7.1,74,16430.3,4942.5,1647.1,1,0
BGH-110,1094.7,1630.0,16.0,1056.6,1,273.0,74.4,15233.8,5,151.3,322.1,7.0,74,16234.2,4773.9,1530.7,0,1
BGH-111,1218.8,1510.9,17.2,1103.8,3,307.1,84.7,15492.3,7,68.2,4772.1,3.4,54,15300.3,4952.5,1007.8,0,0
BGH-109,1215.6,1351.4,15.7,1055.0,3,257.7,79.2,14340.3,9,62.9,5929.5,4.3,86,15482.7,4846.4,583.4,0,0
BGH-131,1206.7,1623.8,16.1,991.1,1,297.8,76.3,11980.7,11,63.0,5904.9,5.3,64,15213.1,4800.6,1065.4,0,0
BGH-115,1193.4,1571.1,13.6,1098.7,5,278.5,77.5,15657.6,12,154.0,300.3,3.1,74,16234.7,4864.5,584.3,0,0
BGH-107,1120.4,1382.7,17.0,1116.8,3,291.1,71.5,14194.7,5,133.1,529.0,5.4,86,15158.6,5003.2,1174.4,0,0
BGH-137,1243.7,1537.8,15.6,1083.6,4,264.4,71.1,13512.0,9,113.2,959.9,5.0,64,15902.7,5086.3,744.1,0,0
BGH-111,1218.7,1651.8,14.8,1105.7,3,292.7,78.9,15745.0,7,90.2,2073.2,5.6,54,15072.0,5068.5,1591.6,0,0
BGH-123,1255.1,1378.3,15.3,1152.4,3,297.2,77.7,15922.9,11,162.8,240.5,7.1,64,14877.2,5066.3,1767.4,0,0
BGH-127,1123.1,1603.4,16.0,1082.1,1,254.9,75.4,13588.6,10,94.9,1757.6,4.2,74,15133.1,4591.5,653.7,0,0
BGH-107,1225.4,1326.6,16.3,1088.7,1,307.7,78.5,15500.0,5,154.3,298.0,5.9,100,16226.2,4740.7,1749.7,0,0
BGH-127,1188.3,1365.2,15.4,1099.0,4,310.3,71.1,14837.5,6,101.5,1403.5,4.9,100,16028.3,4717.1,1352.2,0,0
BGH-135,1207.2,1722.3,16.0,1084.3,2,254.4,84.2,15379.8,9,92.8,1891.2,5.0,54,15407.8,4643.1,883.9,0,0
BGH-125,1188.8,1622.7,15.3,1084.3,1,292.2,74.4,17507.1,9,104.8,1257.9,5.9,74,16909.2,4808.3,1677.7,0,0
BGH-107,1227.2,1122.6,15.9,1185.4,2,291.6,71.1,15885.1,5,82.2,2774.1,7.3,74,16296.2,4639.8,2164.8,0,0
BGH-149,1191.9,1425.2,15.7,1106.3,4,250.9,72.5,15733.9,8,144.7,383.7,6.9,86,15700.1,4724.4,1073.5,0,0
BGH-127,1147.4,1597.9,15.7,1085.2,3,274.0,71.4,13229.6,13,110.4,1049.0,5.9,100,15562.2,4733.9,996.0,0,0
BGH-127,1204.3,1527.8,15.3,1169.2,3,317.8,72.7,13511.3,13,72.5,4020.9,5.1,86,15269.1,5180.8,1318.4,0,0
BGH-136,1189.3,1623.6,15.8,1154.3,2,288.9,76.3,15963.1,9,165.9,222.9,4.9,74,15145.6,4872.3,1193.6,0,0
BGH-140,1195.8,1523.2,14.8,1131.2,4,315.3,81.1,11824.7,11,93.7,1832.5,6.5,54,15794.2,5241.2,1470.5,0,0
BGH-135,1040.6,1473.5,15.7,1069.5,4,297.3,74.1,14287.2,6,116.1,876.7,4.0,100,15560.4,5228.0,856.8,0,0
BGH-126,1234.1,1467.4,15.0,1236.6,1,252.0,76.5,13473.5,5,166.9,217.5,5.6,86,15965.7,4818.3,904.3,0,0
BGH-116,1184.3,1718.2,14.7,1021.7,2,255.4,83.9,14715.6,6,127.4,623.6,5.3,54,15894.0,4855.9,1005.9,0,0
BGH-108,1132.6,1639.0,14.9,1010.9,1,300.6,74.4,14568.7,8,56.4,7813.1,5.9,74,15626.9,5062.4,1644.6,1,0
BGH-132,1246.1,1580.9,15.3,1119.1,2,288.8,81.9,15261.2,10,171.6,194.3,3.8,64,14962.9,4624.9,799.9,0,0
BGH-119,1231.8,1517.8,15.1,1082.2,1,258.9,72.4,15930.3,7,127.9,614.6,6.1,64,15738.8,4999.8,1087.4,0,0
BGH-112,1183.6,1390.2,15.8,976.1,1,293.0,72.7,16933.2,6,86.9,2334.2,5.8,100,15500.0,5202.0,1673.1,0,0
BGH-127,1142.4,1438.6,15.6,1093.0,4,306.7,76.8,17083.6,11,59.5,6840.7,3.8,54,15239.1,4769.5,1098.4,0,0
BGH-147,1208.9,1712.9,16.3,1103.9,4,302.7,73.5,14525.8,12,151.2,322.9,5.0,86,15855.1,4921.3,1090.5,0,0
BGH-128,1206.2,1694.1,15.4,1091.6,3,267.2,83.5,13818.2,13,126.8,634.7,6.1,54,15776.2,4730.4,987.0,0,0
BGH-112,1246.2,1370.3,15.6,1115.1,3,268.1,70.8,13424.5,12,114.7,915.8,7.1,100,16707.0,5007.9,1053.2,0,0
BGH-145,1177.8,1520.0,17.0,1076.5,4,317.7,79.0,14355.2,6,165.1,227.3,3.5,74,15193.7,5282.6,961.3,0,0
BGH-134,1259.7,1599.7,15.1,1093.1,4,312.1,79.1,13024.3,7,150.4,329.8,3.0,54,16021.8,4684.1,696.5,0,0
BGH-105,1173.0,1586.6,15.3,1165.4,1,272.3,71.0,15939.3,5,61.2,6366.5,3.7,100,15286.4,4942.6,870.3,0,0
BGH-117,1132.7,1585.1,16.5,1147.9,3,307.7,81.0,17046.9,5,83.6,2633.8,7.5,100,15718.6,4955.0,2446.1,0,0
BGH-104,1143.4,1277.6,14.7,1089.6,4,261.3,77.0,11950.8,10,74.8,3675.2,6.5,86,16000.4,4970.0,887.1,0,0
BGH-146,1196.9,1265.7,16.6,1127.4,2,263.8,80.8,15019.0,7,144.2,388.9,5.8,74,14998.6,4725.5,1055.5,0,0
BGH-124,1196.7,1734.0,15.3,1143.7,2,262.7,82.4,18111.9,8,44.7,13207.4,3.6,54,14703.2,4809.3,815.7,1,0
BGH-101,1216.4,1801.8,14.8,1053.1,3,256.1,74.8,12036.8,12,119.8,782.5,4.9,100,15773.8,5173.0,660.0,0,0
BGH-109,1195.5,1203.7,16.2,1116.5,2,309.8,77.3,17954.5,9,146.7,363.6,6.2,74,14896.0,4592.0,2129.8,0,0
BGH-129,1248.9,1494.4,15.3,1107.8,1,290.5,73.9,13280.4,10,162.7,241.1,7.0,86,15938.4,4889.0,1430.9,0,1
BGH-149,1186.9,1662.8,17.0,1132.9,3,268.1,73.0,13785.6,13,87.9,2251.3,4.7,100,16383.4,4773.6,754.0,0,0
BGH-144,1100.2,1059.2,15.6,1052.8,4,309.4,70.0,16235.1,6,155.0,292.7,7.5,86,15171.9,4811.6,2288.8,0,0
BGH-104,1193.9,1285.3,15.6,1098.3,2,306.2,84.5,16015.2,7,55.5,8124.3,3.6,74,15135.0,5287.7,1069.0,1,0
BGH-132,1099.7,1481.6,15.0,1062.3,1,257.1,76.6,14789.2,9,158.5,267.8,4.7,86,14478.3,4873.8,738.2,0,0
BGH-100,1213.6,1380.6,15.4,1116.6,4,295.1,70.2,13473.1,6,57.8,7355.6,6.9,54,14544.3,5185.6,1740.9,1,1
BGH-117,1252.9,1541.8,15.3,1058.7,5,300.5,70.1,12512.2,12,95.6,1715.5,5.9,86,15906.9,5157.0,1049.1,0,0
BGH-131,1150.7,1794.1,16.6,1072.7,1,300.1,74.3,14846.7,6,151.6,319.6,6.6,64,15539.8,5116.1,1832.7,0,0
BGH-146,1270.9,1329.4,15.7,1106.1,2,300.6,70.2,14575.4,8,61.0,6420.3,7.1,64,15279.8,4575.0,1606.1,1,0
BGH-148,1242.1,1510.1,16.1,1053.0,1,261.9,75.6,13415.5,7,72.1,4084.7,5.3,64,14219.5,4881.7,973.6,0,0
BGH-110,1260.3,1431.0,15.6,1019.2,5,272.1,70.9,14488.9,8,141.1,423.0,4.1,64,15281.1,5132.9,720.9,0,0
BGH-120,1209.5,1527.3,15.2,1152.0,5,309.1,70.6,15501.8,8,140.8,426.5,6.1,54,15542.1,5150.0,1809.2,0,0
BGH-125,1150.4,1501.2,15.8,1067.8,1,312.9,80.0,17139.7,10,129.8,581.5,5.5,100,16076.8,4944.0,1803.6,0,0
BGH-124,1239.0,2027.4,16.8,1030.0,4,269.5,83.6,15390.1,13,137.2,471.2,6.5,64,15724.2,4873.2,1096.5,0,1
BGH-121,1168.8,1797.9,14.7,1044.6,4,251.6,76.1,14648.8,7,116.0,879.4,5.3,64,17065.7,4663.7,851.0,0,0
BGH-126,1205.9,1183.8,15.8,1095.0,5,310.2,82.6,13353.1,5,75.3,3604.7,6.7,100,15301.8,4388.3,1701.9,0,0
BGH-148,1191.4,1320.0,16.7,1178.9,3,276.4,70.4,13511.1,12,88.4,2211.1,7.1,64,15406.6,4644.6,1026.7,0,0
BGH-112,1256.2,1344.4,14.8,1093.0,3,273.1,81.7,15432.9,11,65.4,5347.7,6.4,100,16596.7,5194.7,1230.0,1,0
BGH-132,1236.5,1253.1,16.2,1129.1,4,274.3,70.9,15541.5,6,167.2,215.9,6.3,64,16353.3,4627.9,1428.0,0,0
BGH-133,1196.0,1226.3,16.2,1080.8,3,279.1,82.6,14555.5,9,121.7,738.7,5.6,100,16341.7,4925.3,1040.1,0,0
BGH-140,1102.4,1464.3,14.5,1109.3,4,276.5,83.2,16810.2,8,96.1,1686.1,5.1,100,16579.4,5014.0,957.9,0,0
BGH-134,1168.2,1352.1,16.4,1089.7,2,289.7,81.8,15117.7,13,104.7,1262.0,7.4,74,16134.7,4708.4,1518.6,0,0
BGH-100,1235.2,1321.8,15.0,1128.5,4,255.5,82.3,14027.2,8,172.6,189.8,5.9,86,15482.8,4751.8,888.6,0,0
BGH-120,1214.0,1904.1,15.8,1043.4,2,318.0,78.4,13689.9,9,61.5,6286.8,6.8,100,14585.9,4819.9,1762.0,1,0
BGH-147,1124.8,1365.8,16.3,1103.8,5,315.6,74.0,13555.7,12,122.1,729.9,5.3,64,15395.7,4902.6,1237.3,0,0
BGH-105,1109.7,1411.4,16.5,1107.7,3,315.4,79.6,15960.1,7,110.8,1035.7,5.5,54,14946.1,5022.3,1679.5,0,0
BGH-127,1209.8,1648.3,14.3,1119.8,5,311.5,76.6,13757.3,10,125.6,657.5,6.0,100,15469.3,5005.4,1352.4,0,0
BGH-116,1147.1,1410.7,16.9,1032.7,1,296.2,70.1,15215.1,10,42.5,14641.2,6.3,64,14441.0,4694.4,1756.7,1,0
BGH-104,1152.0,1266.9,16.6,1076.2,1,265.5,77.2,13303.0,11,162.1,244.7,5.0,100,14748.8,5154.8,837.4,0,0
BGH-130,1233.6,1448.4,16.3,1130.1,5,253.5,79.8,14665.9,13,170.5,199.5,4.6,74,16071.5,4813.0,540.6,0,0
BGH-104,1260.1,1901.7,15.8,1111.3,4,257.0,70.2,14890.9,7,119.1,799.4,4.1,54,15699.8,4424.4,702.8,0,0
BGH-137,1162.5,1403.7,15.2,1186.7,4,272.7,79.3,19728.3,9,137.5,467.3,4.9,54,15398.5,4640.1,1119.7,0,0
BGH-102,1197.8,1317.6,14.6,1073.5,3,285.3,79.8,12385.8,9,169.1,206.3,4.0,64,14643.6,4845.2,691.6,0,0
BGH-122,1196.3,1584.0,14.2,1000.6,5,319.5,72.4,16617.3,9,139.0,448.2,4.9,86,15464.2,4779.8,1557.9,0,0
BGH-136,1191.8,1438.8,16.0,1076.7,1,280.5,76.5,13462.9,10,61.4,6313.2,6.9,74,15439.6,4636.0,1413.2,1,0
BGH-136,1202.0,2047.8,16.3,966.9,5,286.7,84.5,17699.5,5,120.7,761.4,7.4,86,15461.6,4827.8,1978.5,0,1
BGH-109,1237.8,1342.6,15.4,1135.1,5,298.7,83.3,13603.9,13,124.9,671.3,5.6,54,16150.1,5150.3,1129.2,0,0
BGH-109,1166.3,1846.7,15.1,1099.8,3,262.7,76.2,17072.5,7,99.4,1506.3,3.7,54,16122.6,5032.6,843.4,0,0
BGH-118,1123.7,1732.7,15.6,1119.9,4,315.3,75.2,15443.5,10,143.1,400.6,4.9,86,15628.1,4735.4,1428.7,0,0
BGH-116,1284.5,1423.7,15.0,1127.9,1,287.0,71.9,12337.3,8,170.8,198.0,5.7,100,15746.6,5242.2,1073.1,0,0
BGH-120,1254.5,1499.3,15.5,1152.0,3,269.3,70.5,15397.5,11,169.6,203.8,4.7,86,16249.3,5054.7,894.5,0,0
BGH-113,1144.8,1294.0,14.9,970.5,1,315.5,74.5,16031.2,12,103.1,1330.6,3.9,86,15259.5,4729.0,1165.7,0,0
BGH-108,1206.8,1392.3,16.0,997.9,1,293.8,84.1,16175.3,8,55.9,7984.3,4.0,100,15057.3,4735.7,1082.6,1,0
BGH-145,1250.5,1422.3,16.5,1062.2,4,283.9,84.4,14526.1,10,177.9,167.6,5.1,100,15553.6,4870.3,1047.9,0,0
BGH-100,1237.5,1531.6,15.9,1084.8,4,290.6,82.2,20189.3,11,157.4,275.3,4.0,100,15822.5,5015.1,1198.8,0,0
BGH-144,1223.1,1217.5,15.4,1110.0,3,302.4,75.3,18892.2,11,57.5,7451.0,4.1,74,15505.4,5142.9,1261.5,0,0
BGH-112,1191.5,1562.3,16.3,1106.2,2,260.8,72.2,15676.3,13,168.9,207.3,6.9,54,14898.3,4500.6,1106.8,0,0
BGH-103,1286.4,1470.8,15.5,1108.8,3,310.5,78.9,12367.7,12,161.8,246.5,6.5,54,16047.6,4892.1,1538.1,0,0
BGH-100,1211.0,1579.6,16.3,1021.8,3,317.2,79.7,12999.4,7,112.6,978.2,3.2,100,15483.5,4993.0,739.7,0,0
BGH-148,1174.3,1609.5,15.0,1060.3,2,289.7,76.4,14462.1,8,122.8,714.7,4.4,100,15579.5,4974.1,1040.9,0,0
BGH-139,1243.6,1454.8,15.1,1083.9,1,297.8,80.4,14808.0,13,95.9,1697.8,5.4,74,15935.4,4796.6,1278.7,0,0
BGH-131,1204.8,1597.6,14.7,1092.5,5,310.2,81.2,13347.8,11,47.7,11502.0,3.3,74,15205.0,5000.3,719.3,1,0
BGH-133,1217.5,1482.6,15.1,1075.0,2,276.2,81.7,13912.5,11,86.9,2334.2,6.1,64,15824.6,4996.6,1128.0,0,0
BGH-127,1210.2,1648.7,16.3,1112.7,5,319.5,77.5,11022.3,5,152.4,313.0,4.7,86,15788.1,4596.7,991.2,0,0
BGH-130,1224.8,1563.2,14.8,1042.9,1,297.6,81.9,10677.4,6,40.6,16022.7,4.8,54,15717.0,4911.1,864.8,1,0
BGH-107,1151.1,1536.2,13.7,1075.9,2,279.7,70.4,15027.5,5,86.7,2351.2,4.2,54,14930.2,4500.1,1045.5,0,0
BGH-138,1127.4,1479.5,15.2,1125.1,4,297.4,80.2,18184.8,8,95.7,1709.6,4.5,74,15308.1,4618.5,1268.1,0,0
BGH-125,1271.7,1759.2,14.6,1110.2,3,286.5,73.5,11897.8,8,115.2,901.6,6.9,86,15418.6,4576.1,1220.4,0,1
BGH-133,1212.5,1581.0,15.1,1081.3,2,257.8,74.1,14573.3,9,168.8,207.8,6.5,74,15960.7,4586.6,881.4,0,0
BGH-102,1238.5,1235.7,17.2,1082.5,2,305.7,71.4,14963.0,9,88.5,2203.2,7.2,64,16308.9,4953.1,1742.3,0,0
BGH-149,1112.0,1405.6,14.8,1076.2,1,289.5,72.9,15745.5,5,88.6,2195.3,6.1,64,16034.0,4794.7,1703.0,0,0
BGH-111,1253.3,1454.3,16.0,1083.2,4,305.7,84.9,13979.2,11,143.3,398.4,5.6,64,15891.4,5081.0,1397.9,0,0
BGH-100,1173.9,1499.8,15.4,1074.8,2,260.8,76.2,12799.7,10,103.3,1321.8,4.2,74,14947.2,4909.4,573.5,0,0
BGH-143,1159.7,1535.3,15.8,1081.8,4,287.7,83.9,16291.6,12,71.4,4199.3,6.0,86,15374.6,4923.6,1489.3,0,0
BGH-104,1196.8,1311.2,15.1,1114.8,5,303.7,72.4,11091.8,8,103.3,1321.8,7.1,100,14302.2,5088.6,1446.8,0,0
BGH-129,1151.1,1486.4,16.4,1113.7,2,319.2,73.1,15763.6,5,59.7,6782.9,3.3,54,15285.2,4715.1,995.3,0,0
BGH-129,1199.9,1437.2,15.8,1034.4,4,311.9,78.4,13392.2,7,64.7,5503.7,5.0,100,15250.3,4957.9,1281.1,0,0
BGH-116,1193.2,1716.9,15.9,1189.6,3,310.5,75.2,15487.7,13,109.8,1069.4,3.7,86,15137.9,4955.0,1073.1,0,0
BGH-147,1253.0,1301.0,15.6,1072.8,1,267.3,79.7,17321.0,11,98.6,1547.8,6.6,74,16434.7,4803.9,1338.6,0,1
BGH-146,1275.7,1496.5,16.5,1123.4,4,308.7,76.3,13627.3,6,168.1,211.3,5.8,74,15152.6,5158.0,1445.8,0,0
BGH-122,1274.1,1362.9,15.9,1046.4,1,261.8,82.2,14263.6,7,90.7,2036.7,7.0,74,16020.1,4938.2,1324.8,0,0
BGH-114,1086.8,1872.6,15.8,1173.1,2,263.9,76.5,14158.8,6,121.3,747.7,3.3,64,16158.7,4793.1,542.9,0,0
BGH-136,1153.2,1751.3,16.0,1126.9,2,257.7,78.6,19556.9,8,128.5,603.9,7.1,64,15983.1,4661.8,1628.5,0,0
BGH-120,1086.3,1171.5,14.1,1119.1,5,310.0,74.8,14744.0,6,41.8,15133.8,3.3,64,15791.7,4920.5,930.9,1,0
BGH-113,1140.3,1340.8,15.7,1091.1,1,257.6,80.6,14652.3,8,132.9,532.0,4.3,100,15866.4,5108.9,782.3,0,0
BGH-101,1167.5,1674.2,15.4,1008.0,3,259.7,79.8,14827.0,11,64.9,5458.6,3.7,54,15190.8,5022.5,605.3,1,0
BGH-110,1220.5,1591.5,16.4,1183.1,3,267.2,76.0,17705.8,12,174.5,181.4,3.7,74,15732.5,4949.8,660.6,0,0
BGH-138,1174.0,1585.2,14.9,1142.7,4,290.1,74.1,13724.1,10,60.8,6474.6,3.8,74,16318.4,4765.2,664.6,0,0
BGH-137,1175.4,1538.2,15.7,1083.9,3,311.6,79.2,16586.7,13,98.0,1579.8,5.2,100,15382.7,4827.0,1498.3,0,0
BGH-133,1209.1,1690.2,17.0,1123.9,1,279.3,84.1,13482.0,10,51.9,9518.5,6.5,54,15450.4,4433.4,1476.1,1,1
BGH-137,1114.5,1656.2,15.5,1034.5,2,288.2,72.0,13343.2,7,179.6,161.2,7.0,54,15752.2,5023.0,1398.9,0,0
BGH-149,1158.1,1441.9,14.4,1004.7,1,261.7,82.0,15741.6,5,110.3,1052.4,5.6,100,17403.9,4973.9,1133.6,0,0
BGH-133,1174.8,1260.1,17.2,1100.8,1,268.6,78.1,17428.5,13,123.4,702.0,3.7,74,15184.9,5435.7,778.8,0,0
BGH-117,1189.9,1162.0,14.9,1060.1,2,259.4,77.9,14233.3,7,49.4,10647.4,3.4,86,15310.9,4960.1,552.6,1,0
BGH-129,1203.8,1479.3,14.7,1075.9,1,278.7,84.4,14219.3,5,145.0,380.6,5.2,86,15410.0,5130.9,1214.8,0,0
BGH-114,1275.0,1132.0,14.7,1097.4,3,291.3,79.1,16270.5,6,69.4,4547.4,6.4,54,15310.9,4977.5,1798.5,0,0
BGH-126,1245.4,1550.2,16.1,1040.6,4,269.9,82.5,14978.7,7,165.7,224.0,5.8,54,15605.7,4877.0,1221.9,0,0
BGH-133,1161.5,1438.4,16.5,1096.0,4,309.2,77.7,16360.0,12,68.7,4677.0,5.6,74,14747.2,4994.5,1598.0,0,0
BGH-137,1186.9,1888.8,16.9,1044.8,1,318.7,73.7,11749.3,12,66.7,5071.1,3.2,54,14879.8,5047.1,719.3,0,0
BGH-132,1183.5,1568.6,15.5,1150.6,2,258.4,80.4,12921.3,6,45.1,12964.2,4.9,100,15162.8,4888.1,815.2,1,0
BGH-123,1174.3,1494.2,14.7,1095.0,5,251.3,83.8,14876.7,10,106.1,1205.4,5.5,86,15336.7,4931.2,748.6,0,0
BGH-114,1213.6,1176.8,15.0,1126.4,1,305.3,82.6,15903.6,6,119.1,799.4,5.7,86,15833.0,5206.2,1734.4,0,0
BGH-129,1107.0,1247.5,15.5,1011.4,1,263.3,73.0,14740.3,11,49.2,10744.1,3.0,54,15856.9,4950.5,499.5,1,0
BGH-141,1244.0,1636.3,15.5,1129.5,5,274.7,74.8,15159.7,7,148.6,345.8,3.9,100,15796.2,5131.8,728.4,0,0
BGH-116,1284.7,1437.4,16.5,1174.9,4,277.6,77.8,16213.1,12,103.5,1313.1,7.3,54,15692.8,5076.9,1561.4,0,1
BGH-104,1186.5,2007.1,14.4,1105.9,4,314.2,78.6,12506.6,7,113.4,953.9,5.3,54,15058.5,4994.9,1268.2,0,0
BGH-128,1185.5,1483.4,14.6,1126.1,5,296.1,72.9,16212.7,10,101.7,1394.1,6.2,100,15747.1,5064.6,1533.9,0,0
BGH-103,1207.9,1533.8,15.3,1088.1,2,252.8,73.5,17101.2,5,96.1,1686.1,4.4,100,15371.4,4501.9,843.2,0,0
BGH-109,1251.0,1236.6,15.8,1118.8,1,251.0,81.4,14314.3,12,118.3,819.2,5.6,64,15181.8,4749.4,808.3,0,0
BGH-116,1183.8,1689.5,15.1,1180.1,3,264.0,81.0,13277.7,11,61.7,6234.3,4.6,86,16496.9,4857.4,636.2,0,0
BGH-109,1246.7,1314.9,15.1,1212.3,4,272.3,82.6,16777.6,5,65.5,5325.8,4.3,54,14495.7,4932.2,963.2,1,0
BGH-116,1224.4,1604.9,16.4,1115.9,4,283.9,84.0,18439.0,11,160.6,254.0,4.9,74,16301.7,5035.3,1069.7,0,0
BGH-119,1318.1,1662.4,15.9,1049.0,4,308.6,74.6,15295.6,9,172.5,190.2,5.1,54,14944.3,4779.8,1375.8,0,0
BGH-123,1183.6,1519.0,14.7,1131.2,2,272.0,82.9,13234.2,6,92.3,1924.7,4.5,54,15213.7,4638.8,884.0,0,0
BGH-104,1101.2,1851.4,15.1,1038.1,5,276.4,80.0,14988.3,5,77.9,3262.0,4.2,74,15569.3,4901.8,824.3,0,0
BGH-133,1128.4,1377.9,15.9,1068.8,2,273.1,84.4,13332.5,6,130.2,574.8,5.8,86,16289.1,4651.0,1172.8,0,0
BGH-105,1200.6,1835.1,14.5,1074.5,4,250.6,74.1,16432.2,10,97.2,1623.6,4.7,64,15530.4,4746.3,764.9,0,0
BGH-101,1251.4,1245.8,15.9,1202.1,1,316.9,74.0,14898.8,6,43.6,13903.3,3.9,100,15001.6,4680.7,1111.7,1,0
BGH-112,1167.4,1659.8,15.2,1171.4,4,259.7,80.6,13144.1,10,61.9,6182.3,6.4,64,17030.0,5098.9,840.1,1,0
BGH-142,1188.5,1471.5,15.8,1161.1,1,270.1,83.9,15398.9,12,140.2,433.6,6.3,54,16271.2,4869.4,1109.6,0,0
BGH-142,1234.2,1358.4,15.6,1141.0,1,259.1,82.4,13689.2,12,132.2,542.7,7.0,54,16491.1,4720.8,1129.1,0,0
BGH-147,1151.7,1167.7,14.6,1054.6,4,284.3,80.9,12369.9,10,43.8,13773.8,5.5,74,16692.1,4700.7,848.7,1,0
BGH-110,1169.4,1447.9,15.0,1111.8,4,315.3,75.8,16518.6,9,71.1,4249.5,4.3,74,15576.4,4829.7,1310.5,0,0
BGH-146,1141.6,1435.2,16.7,1191.9,1,257.0,80.8,15597.3,8,72.4,4036.7,6.9,54,16144.6,5129.5,1281.7,0,0
BGH-122,1258.9,1534.6,17.4,1122.4,2,280.9,82.0,14061.7,10,134.1,514.1,4.3,64,15502.7,4624.9,1004.4,0,0
BGH-115,1277.1,1645.0,14.1,1151.5,2,251.6,81.3,17544.1,9,42.8,14435.6,6.0,64,16482.4,4780.9,1161.4,1,0
BGH-130,1121.0,1338.3,16.3,1019.5,2,304.0,80.2,13506.5,8,54.6,8449.7,3.9,86,15134.4,4972.5,922.5,0,0
BGH-110,1192.9,1851.7,15.7,1136.1,3,294.9,70.7,14130.6,10,152.0,316.3,5.8,54,15209.0,4684.4,1279.3,0,0
BGH-115,1270.4,1392.3,17.2,1047.3,1,299.0,79.9,15750.1,13,65.0,5436.2,6.8,100,16072.7,4685.2,1702.7,1,0
BGH-107,1219.9,1620.4,15.1,1089.0,3,283.1,77.2,16752.5,13,131.4,555.3,5.4,100,15627.2,4671.0,1202.4,0,0
BGH-103,1175.5,1518.0,16.2,1171.1,3,313.5,84.4,15781.9,12,73.3,3896.6,5.1,64,15390.5,4938.7,1539.9,0,0
BGH-139,1122.7,1460.3,15.3,1117.4,1,278.7,79.1,13872.1,5,53.9,8713.0,7.5,74,15325.6,4961.9,1559.8,1,0
BGH-103,1257.6,1508.0,16.5,1140.8,3,286.0,79.1,14525.3,13,74.0,3791.4,3.1,74,14471.1,5126.0,611.2,0,0
BGH-124,1218.0,1311.9,17.3,1090.8,1,298.7,84.9,13709.4,9,141.1,423.0,4.5,64,14551.5,4853.4,1156.7,0,0
BGH-102,1126.4,1422.5,15.7,1003.7,5,286.4,71.4,14335.3,7,159.8,259.2,7.1,86,16262.9,4936.1,1346.9,0,0
BGH-131,1259.5,1232.0,14.6,1053.2,5,263.3,74.1,14486.8,12,156.2,283.9,5.9,54,15261.3,5028.2,847.9,0,0
BGH-102,1120.0,1390.1,16.6,1134.0,1,272.2,79.8,15832.6,12,95.6,1715.5,5.4,100,16148.1,4938.2,1043.9,0,0
BGH-126,1189.0,1406.7,16.0,1116.7,1,256.5,74.7,13620.0,13,133.5,523.0,5.9,64,17153.5,4842.6,829.0,0,0
BGH-128,1186.8,1669.0,15.8,1183.1,1,280.3,75.2,16909.6,6,68.7,4677.0,4.4,74,16092.3,4774.6,985.9,0,0
BGH-131,1280.9,1433.6,16.8,1106.3,2,292.7,83.4,14950.0,8,81.0,2901.2,3.3,54,15510.8,4778.0,771.3,0,0
BGH-149,1186.9,1410.4,14.6,1055.4,1,258.3,78.7,13292.2,6,165.5,225.1,4.2,100,15760.1,5161.2,588.1,0,0
BGH-118,1186.8,1544.0,14.9,1098.7,4,294.1,71.5,15777.2,10,41.8,15133.8,4.5,86,14910.5,4849.2,989.7,0,0
BGH-120,1131.8,1536.2,16.0,1149.9,5,312.5,74.7,14759.7,5,52.0,9476.3,5.2,64,15860.7,4901.6,1468.4,1,0
BGH-104,1168.0,1381.8,14.9,1012.1,5,273.6,71.1,14079.8,7,69.1,4602.4,4.8,54,16756.2,5399.3,882.3,0,0
BGH-117,1159.1,1578.8,15.2,1117.3,1,265.5,78.3,17833.0,6,43.7,13838.4,5.3,100,14918.1,4823.4,1230.1,1,0
BGH-127,1161.7,1464.3,16.5,1037.0,5,312.5,72.6,14374.7,11,65.4,5347.7,3.9,86,15557.4,4848.5,830.9,1,0
BGH-141,1200.3,1381.5,15.8,1108.1,1,298.4,82.9,14091.8,12,121.6,741.0,3.8,74,15287.2,4969.8,843.3,0,0
BGH-121,1078.3,1400.9,14.6,1136.3,1,257.4,78.7,16921.4,6,99.0,1526.9,4.6,54,15933.7,4567.1,868.1,0,0
BGH-120,1124.5,1689.9,15.8,1127.6,5,278.6,70.9,16007.7,13,165.0,227.8,5.1,64,15619.9,4759.4,929.5,0,0
BGH-105,1194.4,1406.9,16.5,1167.0,5,297.2,74.5,16508.8,5,154.4,297.2,4.5,100,16266.5,4788.3,1257.0,0,0
BGH-100,1206.1,1552.2,15.6,1112.5,4,290.2,79.2,13873.8,6,87.9,2251.3,5.6,74,15720.2,4728.5,1092.7,0,0
BGH-104,1188.3,1243.5,16.2,1125.7,3,293.3,75.0,15439.8,7,76.3,3468.2,4.4,74,15863.9,5185.6,1085.2,0,0
BGH-140,1198.0,1723.1,15.1,1127.4,4,289.7,77.7,12227.2,6,93.2,1864.9,3.8,100,15959.4,4754.2,622.3,0,0
BGH-111,1179.5,1383.4,15.7,1051.5,4,305.9,83.6,11159.1,5,122.6,719.0,6.9,100,15626.7,4748.8,1427.6,0,0
BGH-125,1199.1,1580.1,14.2,1093.6,5,272.4,75.3,13818.2,12,77.5,3312.2,3.9,100,15281.9,4872.6,589.8,0,0
BGH-145,1221.7,1449.7,16.0,977.1,4,299.6,75.0,15094.3,5,127.4,623.6,7.3,54,15631.7,4705.9,1754.6,0,0
BGH-133,1221.4,1577.8,15.8,1118.8,5,319.4,82.3,19800.4,9,97.3,1618.0,7.4,64,16056.6,4811.0,2545.3,0,0
BGH-148,1165.6,1588.7,14.5,962.4,2,277.3,74.8,17499.5,10,117.3,844.8,6.1,74,16278.6,4801.1,1633.0,0,0
BGH-113,1245.8,1471.1,16.7,1142.5,1,305.4,71.2,12813.0,11,101.1,1422.4,5.3,86,15332.5,4851.9,1247.6,0,0
BGH-125,1207.9,1126.8,16.0,1182.7,3,267.2,72.7,16751.2,7,81.2,2879.6,6.6,100,16350.4,4560.3,1314.6,0,1
BGH-144,1261.6,1718.2,14.9,1124.9,2,269.7,84.2,12308.9,11,172.8,188.9,6.9,64,15491.7,4961.7,1003.9,0,0
BGH-126,1271.6,1472.0,16.0,1132.7,1,315.4,84.0,18066.1,12,146.9,361.7,6.2,86,14654.7,4964.9,1996.6,0,0
BGH-108,1127.9,1573.6,14.7,1160.2,1,251.8,73.4,13989.4,7,59.6,6811.7,3.5,54,15472.2,4842.9,563.7,0,0
BGH-125,1157.0,1638.3,14.8,1078.3,3,265.2,78.3,13850.9,9,161.6,247.8,3.0,74,14705.2,4964.4,483.5,0,0
BGH-146,1240.7,1408.6,14.7,1036.4,4,283.8,72.1,17040.4,5,108.2,1125.9,3.9,64,15846.3,4834.3,1059.9,0,0
BGH-121,1116.8,1603.4,14.7,1095.7,1,278.1,80.1,13881.8,13,165.2,226.7,3.8,64,15777.0,4900.1,744.0,0,0
BGH-146,1271.0,1350.5,15.9,1061.9,3,294.0,72.8,18496.5,12,152.0,316.3,3.8,74,16273.1,4553.4,1147.9,0,0
BGH-129,1182.8,1577.5,15.6,1103.8,5,263.5,70.7,13859.7,7,99.5,1501.3,5.3,74,16001.8,4965.0,890.0,0,0
BGH-142,1228.8,1503.9,16.1,1112.7,1,254.9,82.4,16775.0,8,43.1,14233.3,5.3,100,16483.6,4646.2,997.8,1,0
BGH-147,1194.2,1415.5,13.2,1076.1,1,275.9,74.9,15231.9,5,77.6,3299.5,6.3,74,16878.0,4827.5,1323.6,0,0
BGH-116,1130.4,1509.4,15.2,1064.3,4,286.7,71.6,16357.6,5,115.8,884.9,3.9,64,14992.0,4984.9,973.5,0,0
BGH-125,1252.8,1289.0,15.2,992.3,4,289.3,82.5,12984.6,10,128.7,600.4,3.4,100,14920.0,5286.6,631.9,0,0
BGH-135,1337.5,1561.8,15.5,1091.6,5,292.1,81.4,11333.1,10,76.1,3495.0,6.0,74,15715.7,5052.3,1003.4,0,0
BGH-100,1174.2,1582.6,15.5,1078.2,1,288.4,80.3,13122.5,13,59.5,6840.7,5.2,86,15182.4,4471.9,952.6,1,0
BGH-107,1183.9,1569.1,15.7,1081.7,4,267.2,83.7,14192.2,9,156.9,278.8,6.0,86,15761.8,4697.5,899.8,0,0
BGH-148,1067.5,1800.4,15.6,1136.6,3,303.5,77.3,14600.1,7,177.8,168.0,4.7,74,14484.2,4871.5,1263.7,0,0
BGH-134,1267.6,1481.0,15.1,1198.3,1,256.1,71.9,14031.9,10,113.6,947.9,6.4,64,15710.0,4783.0,1195.3,0,0
BGH-114,1245.6,1494.8,15.2,1082.2,3,263.9,70.9,10726.9,12,64.0,5665.0,6.1,100,15486.6,4505.7,789.0,1,0
BGH-146,1113.3,1265.9,15.5,1119.3,2,301.8,74.8,13722.6,11,78.1,3237.2,5.9,100,15382.9,5067.2,1481.0,0,0
BGH-121,1096.8,1814.5,15.9,1112.7,5,269.6,71.3,15079.1,7,42.6,14572.3,3.1,100,15701.6,4993.6,550.8,1,0
BGH-113,1102.5,1200.4,15.6,1156.7,4,284.5,78.0,14513.3,5,168.0,211.8,6.9,54,15953.0,4725.1,1445.7,0,0
BGH-125,1232.3,1545.7,14.9,1054.4,2,272.9,70.2,14251.3,8,56.5,7779.4,4.7,74,15703.0,4785.2,951.9,1,0
BGH-127,1237.2,1377.0,14.8,1052.9,4,285.5,76.7,14079.8,10,120.7,761.4,3.6,54,15059.3,4935.9,768.0,0,0
BGH-122,1153.8,1512.5,15.9,1058.8,2,274.3,72.7,15112.8,8,78.4,3200.5,6.4,54,15959.8,5026.4,1293.1,0,0
BGH-113,1225.0,1238.4,16.1,986.6,4,319.6,75.5,12905.6,9,117.6,837.0,5.2,86,15345.4,4998.8,1271.8,0,0
BGH-123,1207.9,1678.3,16.4,1097.7,5,275.0,80.1,14509.4,11,131.2,558.5,3.1,100,15267.4,4787.2,504.8,0,0
BGH-101,1181.6,1309.0,15.1,1047.4,1,293.9,75.3,14184.9,9,156.2,283.9,6.5,54,15923.0,4834.1,1566.3,0,0
BGH-144,1248.5,1733.3,14.0,1112.6,3,312.2,75.1,12502.3,9,68.9,4639.5,5.0,64,15667.5,5028.1,1175.0,0,0
BGH-125,1139.8,1314.5,15.8,980.4,2,294.7,84.9,14637.0,6,41.5,15350.7,6.4,74,15792.6,4947.7,1638.7,1,0
BGH-113,1257.4,1695.0,14.9,1097.1,3,289.6,80.8,11027.7,5,59.2,6928.5,6.4,64,15316.1,4664.1,1268.6,1,0
BGH-106,1163.6,1333.8,15.4,1087.2,3,289.8,77.7,13642.1,8,166.0,222.3,3.4,100,15028.9,4761.5,765.0,0,0
BGH-102,1289.1,1377.1,15.6,1072.8,4,284.8,78.7,15673.7,12,162.3,243.5,5.8,86,15122.3,5064.5,1176.0,0,0
BGH-146,1149.7,1499.6,15.9,1149.9,1,306.5,79.3,15823.8,7,123.6,697.8,4.6,64,15804.8,5115.3,1392.7,0,0
BGH-122,1182.4,1330.4,16.2,1059.8,4,253.5,70.4,15026.4,10,124.1,687.5,5.5,64,16097.7,4949.6,873.3,0,0
BGH-145,1202.9,1324.5,16.4,1115.2,3,312.0,71.2,15449.6,6,133.1,529.0,3.4,54,15634.0,5088.5,1005.0,0,0
BGH-142,1202.6,1332.7,16.6,1068.4,5,291.0,79.7,16239.7,13,64.6,5526.4,5.6,64,14696.3,4600.4,1362.1,0,0
BGH-146,1224.5,1563.8,15.6,1183.0,1,309.4,75.5,15209.3,13,168.0,211.8,6.5,86,15533.7,4524.4,1853.6,0,0
BGH-144,1135.7,1499.9,14.1,1093.2,1,250.7,70.8,17353.1,8,98.6,1547.8,7.4,64,15239.0,4675.5,1430.0,0,0
BGH-117,1198.1,1510.5,15.0,1133.8,3,310.8,74.5,10756.9,12,93.6,1839.0,4.4,64,14810.2,5085.8,801.8,0,0
BGH-137,1206.9,1435.1,16.6,1130.5,4,258.4,72.0,16649.6,6,112.6,978.2,3.7,100,16276.1,4844.5,615.2,0,0
BGH-134,1173.6,1609.7,15.6,1157.3,5,300.5,83.7,10650.7,6,46.6,12096.4,4.6,86,14878.6,4863.0,896.2,1,0
BGH-114,1220.2,1710.0,17.2,1107.3,2,279.2,73.0,13746.7,10,63.3,5831.7,3.1,64,15057.9,5495.2,632.6,0,0
BGH-124,1132.7,1615.1,15.2,1034.1,4,297.7,72.2,16460.9,6,143.3,398.4,4.8,100,15163.5,4965.1,1475.0,0,0
BGH-136,1183.7,1458.2,17.4,1122.1,1,294.0,79.4,16240.2,5,51.6,9646.5,7.1,74,15189.1,4832.9,1929.3,1,0
BGH-127,1162.3,1255.8,15.5,1113.9,4,261.4,77.8,13060.1,6,124.4,681.4,3.9,64,14994.0,4816.1,614.2,0,0
BGH-109,1183.8,1104.6,15.2,948.2,2,286.0,78.6,14904.0,6,74.3,3747.4,5.1,64,14618.2,5017.8,1161.6,0,0
BGH-138,1272.4,1487.0,14.9,1016.4,5,269.4,76.5,13809.4,9,94.5,1782.2,5.6,100,15162.2,4934.4,885.8,0,0
BGH-116,1273.3,1101.4,16.0,1135.3,5,289.2,77.0,16694.8,10,80.4,2967.3,3.8,100,15554.1,4918.9,785.2,0,0
BGH-138,1263.5,1460.1,14.4,1171.0,2,301.7,81.7,14845.3,7,89.8,2103.0,4.5,100,15048.4,4704.0,1166.5,0,0
BGH-121,1176.9,1780.5,15.1,1095.9,2,255.7,73.3,13703.6,12,140.7,427.7,7.1,64,15721.2,4881.0,979.5,0,0
BGH-125,1245.4,1269.3,15.5,1140.5,3,286.1,75.9,15763.5,6,81.6,2836.8,4.3,54,14136.5,4773.5,1086.8,0,0
BGH-143,1205.6,1242.8,13.7,1105.5,1,293.2,84.4,16158.2,7,119.3,794.5,5.9,54,15147.8,4726.2,1739.7,0,0
BGH-124,1202.3,1627.4,15.4,1101.8,3,270.7,72.8,14609.6,8,106.6,1185.9,3.6,100,16445.0,4898.8,753.9,0,0
BGH-116,1196.1,938.9,16.9,1092.8,4,316.7,74.4,16306.7,9,132.9,532.0,6.0,54,15094.6,4994.0,1861.3,0,0
BGH-112,1287.9,1576.4,15.8,1104.0,2,286.4,72.9,18123.2,9,171.2,196.2,4.3,74,15846.3,4997.3,1136.6,0,0
BGH-119,1268.3,1793.7,15.0,1119.4,3,262.8,70.3,10839.0,10,142.6,406.1,4.0,54,15127.6,5442.3,497.4,0,0
BGH-124,1237.2,1325.5,15.1,1079.9,1,257.5,74.0,17412.1,8,70.1,4421.9,3.6,54,15641.8,4998.8,754.6,0,0
BGH-103,1191.5,1291.2,15.8,1162.3,1,287.9,70.7,17864.1,11,44.4,13393.2,3.2,64,16127.0,4850.4,796.9,1,0
BGH-109,1202.0,1618.0,15.1,1050.0,2,276.3,72.3,15898.3,12,76.7,3415.3,7.4,54,15937.2,4675.6,1362.7,0,0
BGH-102,1226.5,1265.9,15.9,1185.1,3,263.5,75.4,14375.0,8,123.3,704.1,4.9,100,15279.5,4840.1,987.4,0,0
BGH-140,1173.9,1662.2,15.1,1089.2,5,252.1,70.3,11882.7,13,47.2,11768.0,6.5,64,16150.2,4705.2,678.9,1,0
BGH-144,1246.9,1282.1,14.7,1097.4,2,289.7,81.3,15084.9,10,109.5,1079.7,7.1,54,15165.1,5190.4,1732.1,0,0
BGH-117,1153.9,1853.7,16.4,1068.6,4,291.9,81.9,14194.9,12,123.6,697.8,3.9,74,15464.0,4733.7,814.5,0,0
BGH-146,1219.6,1632.5,16.1,1120.5,3,259.9,76.2,12217.9,13,86.8,2342.7,6.9,64,15943.8,4719.6,880.9,0,0
BGH-135,1085.5,1507.6,14.0,1081.2,3,292.1,84.8,13686.6,5,147.9,352.2,6.2,64,15651.4,5237.2,1565.6,0,0
BGH-146,1172.5,1842.2,15.2,1076.2,2,316.6,80.2,14920.2,9,54.9,8339.6,5.6,64,14375.6,5092.7,1598.6,0,0
BGH-121,1303.9,1706.3,16.3,1130.6,3,318.5,81.2,15538.8,11,50.5,10132.9,6.6,54,15540.0,4775.9,1962.2,1,0
BGH-133,1251.8,1573.7,15.4,1158.1,3,312.2,72.9,12950.7,6,141.9,413.9,3.5,100,15563.8,5313.3,867.2,0,0
BGH-146,1276.8,1127.4,15.0,1047.9,4,306.5,82.6,10239.8,11,109.4,1083.2,4.2,86,15331.2,4549.7,769.8,0,0
BGH-107,1166.6,1359.7,15.3,1141.3,4,264.7,84.2,14488.7,11,136.4,481.9,3.6,86,15953.1,4854.1,552.9,0,0
BGH-139,1205.2,1717.1,15.6,1162.4,5,261.0,73.5,13164.0,7,100.9,1432.0,7.0,86,15560.7,4766.7,923.3,0,0
BGH-148,1264.1,1240.0,15.4,1011.8,4,281.1,80.3,14127.3,13,74.5,3718.3,3.4,54,15032.2,5023.9,621.4,0,0
BGH-143,1231.7,1346.9,15.4,1057.7,5,293.4,81.2,10906.3,11,154.7,295.0,7.4,74,16132.7,4671.4,1074.2,0,1
BGH-118,1225.4,1295.6,15.4,1161.2,4,309.5,74.6,14358.5,9,151.9,317.1,3.5,64,15731.7,4810.4,852.7,0,0
BGH-141,1281.5,1580.5,14.7,1118.7,5,266.2,77.1,15744.7,11,137.3,469.9,6.0,64,16592.9,4735.8,905.4,0,0
BGH-140,1148.0,1692.7,14.7,1185.5,4,283.6,71.5,14113.2,11,78.1,3237.2,6.0,100,15925.5,4766.6,923.8,0,0
BGH-136,1190.8,1692.9,14.6,1091.1,4,295.3,72.6,15206.6,10,122.6,719.0,7.2,64,14853.9,5285.5,1517.1,0,0
BGH-105,1112.3,1329.4,15.6,1073.7,2,281.2,70.9,14411.6,8,90.5,2051.2,4.5,100,16038.1,5217.9,957.0,0,0
BGH-125,1145.2,1577.7,16.0,1168.1,4,281.8,78.4,11057.7,12,52.8,9146.0,4.5,54,15641.0,4668.1,691.4,1,0
BGH-133,1253.7,1320.0,14.7,1058.2,5,265.8,79.4,15162.1,6,168.4,209.8,6.8,86,15993.9,4796.9,1177.4,0,0
BGH-144,1154.1,1457.9,14.3,1087.8,2,319.1,83.7,13430.9,12,59.2,6928.5,7.4,100,16371.9,4486.5,1848.5,1,0
BGH-105,1236.8,1604.0,14.8,1128.0,5,283.3,78.1,12350.5,9,173.0,188.0,3.1,100,15716.1,4819.7,510.5,0,0
BGH-136,1282.9,1712.3,16.6,1132.9,4,287.3,73.9,16356.4,11,102.4,1361.9,5.9,64,16081.6,4820.6,1321.4,0,0
BGH-132,1191.1,1070.1,15.2,1060.1,4,265.3,70.9,15538.8,7,65.9,5239.3,4.1,54,14505.3,4734.8,756.3,0,0
BGH-121,1226.0,1519.7,15.3,1113.0,5,286.0,83.3,13775.5,11,115.9,882.2,6.3,86,15416.8,4639.4,1236.9,0,0
BGH-120,1237.2,1781.5,14.9,1085.5,3,267.9,77.2,14689.7,13,162.2,244.1,6.5,54,16401.5,4748.5,1025.2,0,0
BGH-105,1138.9,1546.4,16.0,1015.9,2,264.2,81.1,15320.9,11,142.5,407.2,6.4,86,15843.8,4587.2,1078.3,0,0
BGH-105,1169.2,1516.5,15.4,1076.9,2,269.3,70.2,11602.6,5,152.9,309.0,5.0,74,15788.9,4950.4,803.9,0,0
BGH-147,1149.8,1387.4,14.9,1018.3,4,250.2,77.3,12719.0,13,132.2,542.7,3.7,54,15711.3,4905.2,432.0,0,0
BGH-103,1173.2,1776.2,14.7,1067.0,2,289.9,74.9,12814.5,11,136.9,475.2,5.6,74,15956.4,4535.9,1312.7,0,0
BGH-129,1235.8,1396.6,15.8,1039.9,5,277.1,70.5,15995.3,6,158.9,265.1,6.6,86,15010.3,4942.5,1610.9,0,0
BGH-110,1170.2,1480.0,15.7,1138.7,4,312.9,81.6,18130.9,9,75.0,3646.8,7.1,100,14733.2,4669.8,2422.8,0,0
BGH-129,1198.2,1406.0,14.5,1115.0,2,252.8,77.7,16182.4,6,108.5,1115.0,5.0,74,15579.9,4868.0,881.4,0,0
BGH-130,1147.9,1521.6,16.5,1176.9,1,253.0,75.0,15235.4,11,71.0,4266.4,4.1,86,15780.9,4647.2,646.4,0,0
BGH-123,1261.3,1785.1,15.0,1053.9,2,312.0,82.1,12945.5,13,178.3,166.1,3.5,86,15052.9,5180.0,771.9,0,0
BGH-108,1172.7,1318.8,13.7,1106.2,5,258.9,76.7,16481.2,8,172.2,191.6,6.6,74,15899.0,4847.1,1164.2,0,0
BGH-102,1276.1,1522.5,16.7,1044.9,2,250.2,70.1,14275.0,7,45.5,12726.1,5.4,54,15045.4,4943.4,851.8,1,0
BGH-130,1203.0,1578.2,15.4,1068.4,3,262.5,84.2,12977.1,10,138.8,450.7,6.0,100,15125.1,4533.5,908.9,0,0
BGH-139,1129.7,1337.5,15.8,1080.0,3,307.7,73.8,16445.2,12,169.5,204.3,3.7,86,15024.3,4897.3,900.6,0,0
BGH-136,1191.4,1488.2,16.8,1198.7,4,306.2,82.5,17659.7,12,65.3,5369.7,3.0,54,15725.4,5090.9,811.7,1,0
BGH-135,1146.9,1870.3,14.7,1118.2,3,273.8,82.2,16477.4,12,119.5,789.7,7.4,86,16041.2,5369.3,1635.2,0,0
BGH-123,1229.5,1146.3,15.9,1093.6,5,296.8,72.4,19757.0,9,168.2,210.8,6.6,86,16054.5,5045.7,1853.1,0,0
BGH-130,1186.9,1415.8,16.4,1154.0,1,285.5,77.1,13482.9,10,44.8,13146.1,4.8,86,15957.8,5167.3,922.3,1,0
BGH-105,1208.2,1550.1,14.8,1133.6,1,313.3,70.6,14062.3,6,137.6,466.0,5.1,54,16603.8,5049.1,1372.2,0,0
BGH-101,1181.5,1424.8,16.7,1097.2,4,253.9,75.3,13238.6,10,81.6,2836.8,7.2,64,15226.0,4577.4,1044.8,0,1
BGH-119,1172.2,2077.2,14.4,1133.8,4,306.9,81.0,13226.5,9,169.4,204.8,3.9,100,14889.3,4904.7,942.4,0,0
BGH-127,1151.3,1609.7,15.4,1084.7,3,261.9,73.6,17794.4,7,175.9,175.6,6.6,100,16521.2,5150.5,1362.4,0,0
BGH-110,1241.8,1291.1,14.6,1249.3,5,277.4,71.8,12784.1,12,172.2,191.6,3.1,64,15318.2,4909.3,449.0,0,0
BGH-103,1191.3,1032.6,16.1,1161.0,3,263.4,77.6,13905.2,8,106.4,1193.6,6.9,86,16167.0,5041.0,1072.0,0,0
BGH-114,1184.3,1568.1,14.7,1079.7,5,299.2,78.1,17521.5,6,160.7,253.4,5.7,64,14958.3,4786.7,1534.9,0,0
BGH-105,1190.1,1348.9,15.0,1138.0,5,297.5,80.1,15772.5,7,158.2,269.8,5.1,74,15652.3,4819.7,1227.5,0,0
BGH-148,1166.1,1757.8,14.8,1127.4,1,288.4,81.4,12968.3,6,84.7,2529.2,6.2,74,16011.7,4597.9,1531.5,0,0
BGH-129,1184.4,1445.0,14.5,1114.2,5,298.9,80.4,14838.5,6,156.0,285.3,3.3,54,15203.0,5286.4,907.9,0,0
BGH-137,1210.3,1386.3,14.9,1125.7,2,294.8,82.7,11602.6,7,45.2,12904.2,3.9,54,15564.2,4712.0,755.8,1,0
BGH-101,1148.3,1383.0,15.5,1059.4,5,304.4,73.3,14598.0,11,123.5,699.9,4.8,74,15616.1,4876.1,1075.2,0,0
BGH-114,1155.5,1697.3,15.4,1078.2,1,266.8,78.5,15153.5,5,72.2,4068.6,5.8,64,15985.5,4801.3,1327.6,0,0
BGH-110,1268.9,1583.1,15.3,1182.9,3,280.0,75.4,15281.9,10,56.9,7646.1,3.7,54,14990.2,4862.1,725.8,1,0
BGH-107,1181.9,1851.2,15.0,1110.2,5,260.6,84.4,18754.9,5,50.8,9997.5,4.7,64,14761.4,4633.6,1069.8,1,0
BGH-125,1172.4,1457.0,15.2,1065.0,2,280.1,76.6,16486.5,7,137.5,467.3,4.2,54,15662.8,4691.8,943.8,0,0
BGH-144,1132.8,1672.5,14.2,1093.0,4,299.1,84.4,12658.7,8,87.6,2275.8,5.9,100,15972.2,4760.3,1249.6,0,0
BGH-143,1242.5,1675.9,14.9,1073.3,3,298.4,81.5,15217.4,12,141.5,418.4,7.1,64,16663.4,5035.6,1619.8,0,0
BGH-104,1147.2,1634.8,15.3,1144.9,4,299.7,80.8,14869.3,6,49.1,10792.8,3.7,74,15363.4,5013.2,984.8,1,0
BGH-105,1199.2,1398.0,15.7,1072.0,2,271.6,77.4,18731.2,11,84.1,2585.7,3.9,74,15059.7,4722.5,997.5,0,0
BGH-125,1114.6,1594.7,15.6,1102.2,1,296.4,76.7,14117.3,7,115.5,893.2,5.7,54,15425.9,5398.4,1380.3,0,0
BGH-103,1240.9,1480.6,14.5,1066.9,1,275.7,77.9,15260.7,5,150.7,327.2,5.0,64,15516.1,4770.7,1074.7,0,0
BGH-118,1258.8,1475.3,15.8,1210.4,3,316.1,74.4,15534.2,10,84.6,2538.6,6.2,86,15380.1,4616.3,1812.6,0,0
BGH-119,1224.2,1338.8,15.6,1131.5,5,274.0,83.6,12860.4,6,127.6,620.0,4.3,74,15642.5,4717.7,793.8,0,0
BGH-132,1123.3,1075.9,16.7,1129.5,5,292.2,81.9,11951.2,7,164.0,233.5,5.5,74,16608.2,4962.0,1017.5,0,0
BGH-119,1241.9,1749.7,14.3,1134.9,4,302.5,82.0,14547.1,10,126.2,646.0,4.7,64,16076.2,4744.2,1115.4,0,0
BGH-148,1158.6,1586.3,15.4,1080.3,1,313.4,76.5,16333.6,7,72.6,4005.1,4.3,64,14529.5,5117.1,1343.8,0,0
BGH-111,1141.5,1231.4,16.3,1176.1,5,280.7,71.1,12374.1,9,43.4,14034.3,6.3,54,15693.7,4472.1,1056.3,1,0
BGH-146,1180.8,1643.5,15.3,1096.6,5,275.2,80.2,14800.4,7,161.8,246.5,6.6,86,14841.0,5004.4,1490.6,0,0
BGH-100,1179.8,1753.6,14.8,1188.6,1,280.1,75.6,13661.3,11,43.0,14300.4,4.5,74,15168.0,4719.4,790.5,1,0
BGH-125,1174.7,1655.5,14.8,1083.8,1,272.7,83.1,11127.9,11,162.5,242.3,5.8,64,15269.5,5087.6,832.4,0,0
BGH-113,1263.7,1321.7,16.1,1135.8,2,295.8,81.7,15466.3,5,114.1,933.1,3.8,74,15284.0,4705.8,961.4,0,0
BGH-137,1300.6,1353.6,14.3,1108.3,4,315.3,72.2,15818.4,10,171.5,194.8,6.6,86,15487.1,4951.3,1798.0,0,0
BGH-136,1131.5,1390.4,15.2,1113.4,1,258.8,79.0,16340.9,7,151.8,317.9,4.3,100,15398.0,5102.3,946.6,0,0
BGH-110,1165.6,1672.2,14.8,1016.5,2,289.3,80.4,16566.5,11,179.7,160.8,3.8,100,16266.0,4741.8,877.6,0,0
BGH-135,1207.1,1595.8,14.9,1050.8,1,312.8,78.5,14801.7,5,89.1,2156.3,7.2,86,16086.8,4786.7,2039.0,0,0
BGH-112,1180.6,2058.1,15.9,1175.5,3,257.0,77.7,15800.9,7,147.4,356.9,4.9,64,15606.6,4698.3,797.4,0,0
BGH-142,1220.0,1171.8,15.2,1035.6,3,284.6,73.4,15375.8,6,96.3,1674.5,5.9,100,15765.5,5015.3,1386.4,0,0
BGH-102,1245.8,1489.5,15.7,1144.6,3,310.6,73.5,9853.7,12,107.2,1163.0,6.6,64,16415.1,5039.3,1047.3,0,0
BGH-132,1237.5,1114.4,14.5,1230.0,1,313.0,81.5,12000.4,12,127.9,614.6,6.1,54,14782.0,4412.1,1400.6,0,0
BGH-105,1230.5,1619.3,16.2,1127.7,5,286.0,70.3,13519.1,13,162.3,243.5,5.5,74,15605.1,4895.7,950.4,0,0
BGH-149,1283.0,1713.4,15.7,1206.3,5,251.7,81.7,15104.8,13,177.8,168.0,4.7,54,15917.0,4815.5,674.8,0,0
BGH-109,1120.6,1788.4,16.5,1134.6,3,257.4,77.9,15535.5,6,147.6,355.0,7.1,100,15458.0,4818.2,1361.2,0,0
BGH-104,1274.0,1537.7,15.2,1113.1,4,291.1,84.0,16304.3,11,98.5,1553.1,3.6,100,14614.8,5146.6,847.4,0,0
BGH-122,1179.4,1117.3,15.9,1118.7,2,258.7,85.0,16349.3,11,99.0,1526.9,7.0,64,15693.4,4866.1,1242.6,0,1
BGH-109,1239.3,1490.0,16.1,1091.1,3,260.5,80.0,15372.0,8,143.3,398.4,6.2,100,15775.7,4618.6,983.2,0,0
BGH-143,1148.5,1587.4,15.8,1089.6,2,304.0,76.2,15984.4,10,73.4,3881.4,5.6,64,15960.4,4896.3,1615.8,0,0
BGH-101,1154.6,1299.0,16.9,1073.7,2,302.5,77.1,18066.1,5,55.5,8124.3,4.5,86,14460.0,5291.7,1551.5,1,0
BGH-112,1233.1,1447.0,14.2,1121.2,3,309.0,73.1,15821.7,10,89.6,2118.1,3.7,100,15503.9,5019.6,1099.0,0,0
BGH-139,1103.6,1244.6,15.6,1210.0,5,257.4,71.5,14932.9,5,80.2,2989.7,5.0,86,15438.5,4626.0,879.8,0,0
BGH-101,1249.5,1377.5,15.2,1171.2,4,263.9,78.7,15916.3,9,81.5,2847.5,6.5,86,16120.6,4640.8,1102.2,0,0
BGH-119,1263.0,1682.5,15.1,1110.2,3,308.3,82.1,16631.3,8,72.7,3989.4,6.4,74,16368.4,4942.8,1881.7,0,0
BGH-100,1208.9,1636.0,16.7,1130.7,2,300.5,73.9,18098.9,10,45.9,12492.9,5.9,64,15081.3,4727.5,1824.3,1,0
BGH-136,1207.1,1221.0,15.0,1095.7,1,306.4,76.3,12810.3,9,42.5,14641.2,7.5,86,16172.5,4662.8,1781.4,1,0
BGH-108,1158.3,1359.0,16.2,1171.1,1,319.3,78.3,11721.1,9,178.3,166.1,7.4,74,15811.0,4933.8,1659.5,0,1
BGH-116,1233.7,1511.4,14.7,1018.4,2,310.5,83.6,15414.6,7,99.9,1481.1,4.8,100,15185.3,5137.1,1374.4,0,0
BGH-108,1217.4,1545.3,16.3,1196.5,3,286.4,72.1,12109.4,6,93.8,1826.2,3.9,100,15632.6,4770.9,797.7,0,0
BGH-110,1153.9,1367.4,15.5,1072.7,5,271.8,73.6,14501.6,11,135.2,498.4,5.1,86,16040.2,4653.8,866.0,0,0
BGH-114,1180.4,1595.3,15.3,1080.8,3,289.9,83.8,18621.9,12,70.6,4334.7,6.8,100,15318.6,4754.0,1799.6,0,1
BGH-123,1192.0,1492.9,14.3,1038.9,4,294.7,70.6,15006.9,9,173.0,188.0,5.1,64,14830.0,4911.7,1295.0,0,0
BGH-137,1180.4,984.7,15.3,1107.7,1,273.5,79.8,15028.8,13,150.1,332.4,4.5,100,14959.2,5034.6,837.0,0,0
BGH-134,1131.9,1385.7,15.0,1066.0,2,304.0,79.6,14198.9,5,52.5,9268.3,6.3,54,15272.2,5058.1,1711.5,0,0
BGH-129,1235.0,1380.0,16.9,1158.2,5,256.5,75.7,18010.1,7,98.5,1553.1,5.9,100,15499.1,4710.9,1112.3,0,0
BGH-130,1187.8,1635.7,15.5,1133.8,3,304.6,77.0,15846.6,12,163.1,238.7,7.4,86,15955.8,4905.3,1942.5,0,0
BGH-148,1200.8,1639.2,15.0,1065.3,4,252.2,82.8,14064.0,9,172.3,191.1,5.5,74,15928.5,4518.8,973.8,0,0
BGH-104,1171.1,1165.6,15.0,1056.2,3,284.9,72.5,17959.9,6,105.4,1233.3,7.4,64,15860.7,4778.9,1949.7,0,0
BGH-143,1223.8,1587.7,14.4,1067.9,4,310.3,73.5,15370.4,13,125.9,651.7,4.3,64,15850.4,4740.2,1141.5,0,0
BGH-149,1209.9,1485.2,16.7,1052.7,3,256.1,77.7,14170.0,5,63.4,5807.6,6.9,74,15832.3,4540.8,1188.0,1,0
BGH-113,1260.6,1525.3,16.5,1086.0,5,286.2,76.1,10823.7,7,178.8,164.2,4.6,64,15650.9,5140.7,780.4,0,0
BGH-110,1224.0,1377.2,15.4,1058.0,5,261.2,78.6,15274.8,8,72.4,4036.7,6.6,86,16165.8,4562.7,1082.5,0,0
BGH-108,1189.9,1487.6,17.2,1158.4,2,312.6,83.8,14097.2,11,172.0,192.5,7.2,86,15361.2,5090.8,1942.0,0,0
BGH-133,1163.0,1730.1,15.5,1075.1,5,308.3,83.8,14370.5,8,131.0,561.7,5.8,74,14956.6,5307.6,1429.7,0,0
BGH-111,1243.3,1522.4,16.4,1128.8,4,315.4,73.5,14258.1,6,125.1,667.4,6.3,86,14880.1,4689.7,1718.6,0,0
BGH-134,1185.9,1491.5,16.0,1129.2,2,311.2,74.5,11338.8,6,111.8,1003.3,7.3,54,16218.4,4879.5,1583.7,0,0
BGH-134,1191.4,1404.2,15.0,1007.3,5,301.6,72.4,20127.6,5,72.3,4052.6,4.7,86,14861.1,4974.4,1805.3,0,0
BGH-100,1191.4,1710.5,15.6,1135.7,1,262.9,83.9,13612.4,11,64.7,5503.7,5.3,64,16258.7,5090.3,760.0,0,0
BGH-139,1179.9,1243.8,15.8,1014.7,4,271.2,76.0,16336.6,13,70.9,4283.3,7.0,74,16753.7,4926.2,1189.1,1,1
BGH-121,1192.3,1339.6,14.5,1058.3,2,284.8,76.7,14562.2,6,66.1,5196.7,6.0,54,15216.2,4898.8,1401.0,0,0
BGH-128,1296.3,1232.4,15.7,1133.4,4,291.2,82.0,9525.2,11,149.1,341.2,6.9,86,15820.1,4858.1,982.9,0,0
BGH-107,1147.6,1540.1,16.4,1106.2,2,304.8,77.7,14703.5,12,89.0,2164.0,5.8,54,15296.0,4736.6,1590.1,0,0
BGH-110,1159.3,1735.9,14.9,1083.0,4,265.9,71.8,15238.9,7,48.1,11294.1,6.3,100,15570.1,5031.2,1163.2,1,0
BGH-140,1269.2,1434.2,15.3,1010.9,1,259.0,76.6,13909.8,8,175.7,176.4,3.1,100,16241.6,5058.5,562.9,0,0
BGH-136,1181.3,1286.1,14.6,1148.2,5,283.8,79.5,17901.8,13,163.7,235.2,4.5,54,16069.1,5073.7,859.4,0,0
BGH-113,1177.5,1827.3,15.1,1121.7,3,261.0,80.8,18584.0,8,169.9,202.3,6.5,100,15867.7,4769.9,1260.0,0,0
BGH-129,1251.7,1590.3,15.2,1057.2,3,298.6,79.7,15574.2,10,179.3,162.3,4.8,100,15851.1,4984.2,1212.9,0,0
BGH-134,1129.0,1555.5,16.8,1051.9,3,290.3,71.8,15846.6,12,64.3,5595.2,4.6,100,16181.0,5057.1,1123.2,1,0
BGH-120,1241.1,1462.0,15.2,1151.3,2,301.9,74.6,12694.9,6,95.5,1721.4,7.3,74,15401.7,4637.7,1695.2,0,0
BGH-136,1202.3,1633.8,15.1,1115.0,5,254.4,81.0,12687.5,5,146.2,368.5,5.5,74,16211.5,5101.8,732.7,0,0
BGH-104,1223.2,1552.4,15.4,1032.0,2,317.5,83.2,13691.1,11,137.4,468.6,3.9,100,14844.2,5072.4,1021.6,0,0
BGH-118,1222.3,1403.7,14.1,1063.5,2,250.0,70.7,19000.3,5,61.5,6286.8,5.1,64,15352.1,4596.8,1072.3,0,0
BGH-113,1168.6,1437.2,13.6,1197.9,2,272.8,70.6,13902.9,8,154.2,298.8,5.3,100,15686.3,4641.5,1097.1,0,0
BGH-125,1252.6,1296.0,14.4,1150.1,2,297.6,79.7,17634.1,9,71.4,4199.3,7.4,100,15659.7,4926.0,2216.7,0,0
BGH-103,1172.5,1271.1,15.8,1100.0,5,253.2,78.2,13554.9,6,71.3,4215.9,6.2,100,15701.2,5304.6,1054.5,0,0
BGH-124,1220.4,1440.7,15.5,1101.1,3,255.8,72.3,13075.5,8,115.2,901.6,5.3,64,16109.2,4837.0,759.6,0,0
BGH-144,1261.9,1730.8,16.2,991.2,4,255.4,78.2,13999.3,11,123.0,710.4,4.9,64,15710.7,5015.8,645.7,0,0
BGH-141,1268.9,1293.2,14.3,1165.3,2,290.7,84.6,13948.2,8,121.2,750.0,7.1,100,16158.2,4820.8,1604.2,0,1
BGH-124,1186.6,1667.3,15.3,1077.4,5,312.7,79.5,13549.0,5,52.8,9146.0,5.9,86,15797.4,4922.9,1529.4,1,0
BGH-117,1223.2,1340.2,14.2,1059.6,1,288.9,76.7,18123.1,8,162.8,240.5,4.6,54,15471.0,5110.5,1341.0,0,0
BGH-139,1182.0,1142.7,15.7,1137.5,4,292.2,82.4,14891.6,10,77.2,3350.4,5.1,74,15521.6,5109.6,910.3,0,0
BGH-107,1325.2,1609.3,14.4,1068.5,2,274.2,73.2,14602.1,9,58.1,7261.6,4.3,54,15504.8,4752.2,807.4,1,0
BGH-138,1239.0,1825.8,15.3,1008.9,2,251.3,76.2,15050.8,8,164.4,231.2,7.3,74,15688.6,4716.0,965.8,0,0
BGH-139,1204.2,1328.9,15.7,1120.5,4,251.5,77.9,16829.8,6,173.8,184.5,6.2,54,15715.8,4659.3,1140.4,0,0
BGH-113,1215.6,1186.0,15.2,1024.2,4,312.2,77.6,15050.2,10,160.7,253.4,4.8,64,14882.8,4983.7,1203.3,0,0
BGH-131,1220.4,1591.0,13.7,1097.1,2,257.2,83.8,15611.1,10,153.3,305.8,3.8,100,15745.2,4933.4,645.0,0,0
BGH-137,1221.8,1315.4,16.8,1115.9,5,320.0,74.4,17035.4,10,131.7,550.6,3.8,74,14650.6,4740.8,1104.1,0,0
BGH-132,1188.0,1607.3,15.1,1086.1,1,261.5,70.8,12861.9,8,117.1,850.0,5.1,100,14872.2,4875.3,799.6,0,0
BGH-122,1180.3,1730.3,14.2,1086.3,5,297.2,83.7,13324.5,12,52.2,9392.5,5.1,100,15489.8,5103.1,995.4,1,0
BGH-114,1192.4,1566.1,16.1,1177.5,3,316.4,73.3,15216.9,5,97.2,1623.6,4.9,64,15698.9,4970.6,1426.6,0,0
BGH-132,1143.0,1662.0,16.1,1178.3,3,275.4,75.7,13584.5,12,92.2,1931.5,6.8,74,15811.1,4641.7,1126.1,0,0
BGH-124,1235.9,1663.3,15.3,1054.1,3,301.4,78.0,14535.8,12,76.4,3454.9,7.4,86,16377.7,4907.4,1523.6,0,0
BGH-116,1159.9,1698.0,16.7,1070.3,2,274.6,84.6,12794.4,9,141.3,420.7,4.6,64,15578.5,4797.2,789.3,0,0
BGH-132,1147.0,1509.0,14.9,1073.0,1,271.3,78.0,13274.3,13,109.4,1083.2,4.3,100,16706.1,4924.8,660.1,0,0
BGH-146,1199.3,1655.8,15.6,1098.4,1,264.1,76.7,17220.8,13,51.3,9776.5,6.5,74,15969.6,4498.6,1266.2,1,1
BGH-101,1193.5,1532.9,15.9,1095.9,2,307.5,78.8,14266.2,8,70.8,4300.4,5.0,64,16630.3,5050.8,1339.1,0,0
BGH-113,1212.5,1578.3,16.7,1185.9,2,268.0,84.6,14082.5,6,135.7,491.4,4.0,64,15465.4,5094.1,738.6,0,0
BGH-139,1171.6,2110.3,13.9,1090.7,2,269.8,82.3,13345.9,5,50.7,10042.4,3.8,86,15777.3,4647.2,682.3,1,0
BGH-139,1180.4,1548.3,17.3,1048.5,1,319.9,72.5,13229.2,12,159.2,263.1,4.3,54,15416.8,4989.4,1088.4,0,0
BGH-138,1234.6,1200.4,16.4,1070.6,2,272.9,82.0,12925.0,12,109.3,1086.7,3.0,74,15512.6,4768.9,539.8,0,0
BGH-105,1231.6,1460.5,15.9,1118.7,4,279.6,82.6,12417.8,11,107.3,1159.2,7.2,74,15535.8,4985.4,1123.7,0,0
BGH-105,1229.5,1437.9,14.9,1087.1,4,319.3,80.4,13592.4,7,122.9,712.6,4.9,74,15653.0,5010.2,1274.3,0,0
BGH-102,1201.7,1447.0,14.8,1115.7,4,275.9,79.9,14768.7,7,155.5,289.0,3.4,74,14714.8,5167.0,752.8,0,0
BGH-106,1208.4,1690.7,15.7,1087.8,2,275.6,76.6,16281.3,12,88.7,2187.4,3.7,54,15383.2,5177.3,784.0,0,0
BGH-107,1211.5,1726.1,15.9,1136.2,4,307.9,79.6,14831.1,12,134.9,502.6,4.5,64,15111.5,4856.2,1165.4,0,0
BGH-141,1167.2,1478.9,15.8,1095.6,2,271.8,81.1,12984.9,6,119.2,796.9,5.5,64,15435.8,4896.1,930.7,0,0
BGH-114,1273.7,1221.6,15.6,1039.2,4,266.4,71.8,13917.3,5,77.4,3324.9,6.2,54,16209.8,5217.2,1121.1,0,0
BGH-146,1266.6,1519.8,15.8,1082.7,2,279.6,73.9,13796.4,5,163.0,239.3,4.4,64,15616.8,4506.0,957.0,0,0
BGH-128,1239.7,1391.3,13.8,1210.6,5,299.0,72.9,13677.7,5,151.6,319.6,7.3,54,14630.3,4636.4,1910.3,0,0
BGH-132,1178.7,1542.1,15.3,1161.8,3,253.0,82.6,14242.5,7,132.2,542.7,6.4,54,16428.7,4999.6,886.7,0,0
BGH-129,1227.0,1475.8,14.4,1041.9,5,276.2,80.2,16779.2,5,159.1,263.8,6.7,64,15636.7,4683.6,1790.1,0,1
BGH-138,1248.9,1743.3,15.5,1188.9,3,274.2,76.8,16347.6,12,161.4,249.0,4.5,64,15952.7,5222.4,968.8,0,0
BGH-126,1138.8,1555.0,16.5,1106.9,3,267.1,82.4,18193.4,12,139.2,445.8,4.7,54,15652.1,4711.2,1029.4,0,0
BGH-135,1284.7,1392.0,14.8,1075.6,4,295.8,80.8,13213.7,13,157.2,276.7,5.4,86,14965.8,4994.6,941.3,0,0
BGH-128,1113.0,1222.9,14.9,1085.9,3,270.3,83.7,12766.4,8,137.6,466.0,5.0,100,16341.5,4924.9,755.7,0,0
BGH-137,1235.2,1490.4,14.8,1102.8,3,292.5,71.2,14261.7,12,135.2,498.4,4.2,74,15816.4,4895.2,916.4,0,0
BGH-132,1272.7,1491.1,14.9,1154.2,5,285.3,77.6,17332.8,11,126.6,638.4,7.5,54,16062.3,4874.3,1447.6,0,1
BGH-136,1194.3,1447.5,15.9,1109.5,3,265.2,80.6,10790.5,8,145.4,376.5,6.8,64,15393.1,4858.2,782.8,0,0
BGH-126,1192.5,1655.1,16.1,1116.7,2,268.7,73.1,15227.9,5,62.2,6105.2,4.1,54,15625.7,5028.0,910.6,0,0
BGH-132,1233.4,1223.4,16.7,1160.6,2,261.9,74.9,14323.0,7,163.3,237.6,7.0,64,15929.4,5146.1,1342.8,0,0
BGH-103,1292.6,1347.5,14.7,1080.0,4,254.0,76.3,16247.1,12,162.1,244.7,5.6,54,15232.1,4989.0,1008.3,0,0
BGH-121,1185.9,1510.6,16.0,1115.1,5,293.3,81.9,15840.5,12,44.1,13582.0,3.1,64,15307.0,5158.0,665.4,1,0
BGH-101,1161.0,1388.1,16.2,1121.9,1,297.1,77.4,16238.2,6,155.6,288.2,4.6,86,14468.3,4861.4,1292.3,0,0
BGH-109,1178.8,1428.7,16.8,1106.7,5,261.6,77.4,15980.3,11,58.0,7292.8,3.1,100,14566.8,4614.7,469.4,1,0
BGH-104,1122.4,1487.9,14.8,1125.0,1,293.1,76.5,20604.4,5,86.9,2334.2,3.4,64,14713.2,4760.5,1302.9,0,0
BGH-109,1244.9,1637.2,13.9,1065.4,3,318.7,73.4,18568.6,8,144.1,389.9,3.8,86,15326.6,5272.7,1350.0,0,0
BGH-132,1174.3,1479.9,15.3,1149.0,1,255.2,83.8,16650.8,11,62.5,6029.2,5.2,100,15381.7,5220.7,828.6,1,0
BGH-137,1189.6,1106.1,17.7,1072.3,3,284.3,74.8,14029.5,8,154.5,296.5,4.7,64,15988.3,4684.7,1004.7,0,0
BGH-112,1245.5,1379.4,14.6,1122.7,5,301.3,78.5,14248.5,8,156.5,281.7,3.7,74,14983.6,4772.1,805.7,0,0
BGH-130,1181.2,1599.2,15.9,1110.5,5,253.2,72.2,17298.3,11,111.0,1029.1,4.8,54,15549.7,4790.2,809.0,0,0
BGH-146,1238.0,1652.5,13.7,1065.7,4,304.5,76.5,17375.7,5,40.9,15795.1,4.4,54,15891.5,4931.2,1462.8,1,0
BGH-135,1148.1,1663.6,17.0,1181.1,4,318.6,83.6,13298.4,9,80.2,2989.7,4.8,54,15149.4,5186.0,1221.3,0,0
BGH-144,1247.9,1720.2,14.0,1185.8,3,256.2,84.9,11001.8,10,126.4,642.2,3.8,64,15544.3,5086.6,444.0,0,0
BGH-123,1217.1,1523.7,13.6,1054.0,3,307.6,75.4,11336.1,11,177.4,169.6,5.7,74,15993.9,4669.8,1099.5,0,0
BGH-114,1195.6,1552.6,15.6,1140.0,2,276.5,72.3,17345.3,11,128.5,603.9,3.2,74,16334.7,4688.4,720.2,0,0
BGH-128,1206.5,1297.2,15.6,1093.9,2,260.1,74.7,17720.7,11,76.4,3454.9,4.7,74,16161.9,4575.7,820.8,0,0
BGH-107,1135.7,1065.1,16.6,1066.3,2,284.5,74.9,15034.6,6,128.8,598.7,7.0,100,16079.0,4658.9,1294.5,0,0
BGH-104,1205.4,1216.5,16.2,1118.4,5,255.0,79.7,15647.7,10,115.6,890.4,4.9,64,16855.1,4572.7,727.7,0,0
BGH-128,1192.9,1359.6,13.9,1141.7,1,286.5,77.4,18564.7,13,149.2,340.3,5.0,86,14916.8,5043.0,1230.0,0,0
BGH-146,1137.0,1228.1,15.4,1108.1,3,251.4,81.5,19028.2,11,55.0,8303.2,3.3,100,16594.7,4631.5,560.3,1,0
BGH-103,1166.4,1441.4,14.9,1081.8,4,301.0,80.5,16359.3,11,146.5,365.6,5.7,64,15691.8,4934.1,1380.1,0,0
BGH-111,1193.5,1407.6,14.4,1166.5,3,284.2,73.8,14956.6,6,115.8,884.9,7.2,74,15873.7,4599.0,1764.4,0,0
BGH-144,1169.6,1687.6,15.8,1168.3,1,282.1,81.8,14135.3,11,174.8,180.2,4.3,64,14861.7,5503.8,935.6,0,0
BGH-101,1079.4,1306.2,16.3,1065.9,3,263.7,82.7,14437.0,13,87.9,2251.3,4.8,74,15042.2,4964.2,747.5,0,0
BGH-126,1253.8,1528.1,14.9,1104.5,4,275.3,79.0,13450.8,7,128.6,602.1,5.6,86,15402.9,5048.8,975.7,0,0
BGH-130,1192.9,1416.0,15.2,1021.1,4,262.7,83.9,16303.4,6,170.5,199.5,3.4,74,15395.6,4847.0,674.6,0,0
BGH-135,1086.3,1298.7,15.3,1141.8,1,301.5,81.7,14737.3,10,54.4,8524.0,7.3,100,15568.3,5028.6,2044.0,1,0
BGH-135,1306.7,1354.5,15.0,1166.4,4,263.9,78.9,13360.8,6,171.2,196.2,5.1,64,15684.5,4809.5,928.8,0,0
BGH-125,1262.1,1089.7,15.2,1119.5,5,293.2,83.6,17258.4,5,136.3,483.2,3.5,54,15061.0,5277.0,925.5,0,0
BGH-142,1182.6,1649.7,15.0,1048.2,4,269.6,79.0,16105.9,8,49.5,10599.4,4.5,74,15849.2,4663.0,785.8,1,0
BGH-126,1157.9,1780.5,15.6,1180.8,1,296.0,77.8,15515.4,13,82.1,2784.4,4.7,74,14657.5,4906.6,1169.3,0,0
BGH-104,1220.2,1446.5,15.0,1201.5,1,287.8,75.3,14678.6,7,139.1,447.0,4.6,54,16199.4,4859.0,976.2,0,0
BGH-119,1210.1,1505.8,15.8,1078.4,3,279.6,83.2,15914.3,7,49.4,10647.4,6.1,100,15337.0,4608.1,1415.8,1,0
BGH-110,1227.1,1440.8,15.0,1122.3,4,297.1,71.8,14303.3,10,121.5,743.2,4.6,86,15519.5,5109.6,1038.9,0,0
BGH-109,1158.0,1336.0,16.0,1140.8,4,279.1,77.1,20538.2,10,88.4,2211.1,4.5,86,15349.4,4706.2,1181.4,0,0
BGH-139,1254.9,1641.0,15.0,1139.4,1,307.5,78.1,19565.2,12,126.9,632.8,4.4,100,15332.6,4604.9,1647.1,0,0
BGH-137,1176.3,1563.8,16.0,1102.4,3,301.1,78.3,13365.5,10,46.4,12208.2,6.5,64,15725.6,5018.1,1453.6,1,0
BGH-105,1234.0,917.6,14.8,1189.9,3,287.8,79.8,14480.6,12,162.0,245.3,4.4,86,17271.8,4607.4,923.8,0,0
BGH-107,1160.2,1293.1,16.2,1021.7,5,311.4,77.6,13202.6,12,176.3,174.0,3.1,100,14362.8,5075.8,739.7,0,0
BGH-122,1332.4,1089.4,14.1,1022.4,5,308.0,73.9,11248.7,11,175.6,176.8,4.6,74,14966.6,5126.0,848.7,0,0
BGH-146,1234.8,1811.1,15.5,1099.2,1,287.2,82.9,18413.6,9,145.0,380.6,4.3,54,14803.4,4697.8,1206.4,0,0
BGH-125,1344.2,1465.6,15.0,1187.2,3,254.8,79.9,14700.5,8,58.2,7230.6,7.1,64,16175.6,4938.3,1085.3,1,0
BGH-145,1241.4,1548.1,15.5,1158.0,3,289.6,82.9,12811.6,5,146.2,368.5,5.2,64,15652.8,4695.1,1131.7,0,0
BGH-142,1171.9,1429.3,14.6,1025.3,5,274.9,74.1,11534.1,10,43.4,14034.3,4.1,74,16198.1,4822.1,580.0,1,0
BGH-111,1241.5,1720.5,15.3,1242.2,5,287.8,79.6,15445.7,12,43.1,14233.3,7.4,86,15770.8,4847.7,1701.7,1,0
BGH-125,1245.0,1672.1,14.6,1127.7,1,295.3,80.7,15716.6,8,85.3,2474.3,4.1,64,16014.6,4675.9,1067.4,0,0
BGH-112,1218.7,1456.9,15.3,1042.4,3,295.1,75.8,15823.0,11,108.4,1118.6,6.4,54,16195.2,4632.1,1527.4,0,0
BGH-139,1231.5,1843.6,15.2,1095.4,1,297.1,82.2,17140.5,7,147.9,352.2,5.9,74,15400.2,5139.2,1934.9,0,0
BGH-117,1238.1,1537.1,15.8,1148.4,5,297.5,70.0,16792.6,9,135.7,491.4,5.1,64,15127.4,4476.8,1389.5,0,0
BGH-124,1150.3,1208.0,15.6,1162.6,4,257.6,78.9,12425.3,11,102.4,1361.9,4.8,74,15657.5,4784.9,590.7,0,0
BGH-132,1146.8,1520.0,17.0,1096.7,5,263.4,79.2,12823.0,13,78.3,3212.6,6.9,86,15740.8,4835.0,853.8,0,0
BGH-146,1160.3,1603.5,15.1,1126.1,3,294.1,78.0,16949.3,13,179.6,161.2,5.1,100,15583.4,4991.9,1211.8,0,0
BGH-139,1206.4,1473.4,15.4,1093.8,1,278.6,79.5,13764.4,11,99.7,1491.1,4.7,74,15152.9,5172.6,830.5,0,0
BGH-142,1188.8,1417.7,18.0,1096.7,3,303.4,72.5,12067.2,8,103.2,1326.2,4.6,86,15561.8,5075.5,983.0,0,0
BGH-111,1151.2,1852.9,15.3,1136.2,5,258.7,80.3,12252.7,10,62.9,5929.5,4.2,64,14785.6,4933.6,539.4,1,0
BGH-143,1238.8,1262.8,16.3,1172.0,5,263.4,75.0,16873.9,8,151.3,322.1,4.8,64,15822.1,4844.4,922.1,0,0
BGH-135,1214.2,947.3,16.0,1043.1,2,289.1,76.8,16838.8,7,137.1,472.5,3.5,86,15671.8,4858.8,949.0,0,0
BGH-147,1208.4,1823.8,17.4,1088.4,5,285.1,75.0,15256.4,13,70.9,4283.3,3.3,64,15674.5,4859.4,643.5,0,0
BGH-103,1187.1,1254.8,14.4,1069.9,3,268.6,77.1,13114.5,9,51.5,9689.6,5.4,64,14414.6,4807.6,801.1,1,0
BGH-104,1181.1,1442.7,14.3,1049.6,1,278.6,79.3,14874.1,12,135.3,497.0,5.0,64,15644.4,4976.1,1042.6,0,0
BGH-136,1157.9,1424.5,14.6,1047.0,1,252.4,82.6,14680.6,7,131.6,552.1,3.8,86,15772.3,4794.3,566.2,0,0
BGH-107,1246.7,1746.3,15.6,1101.2,2,252.6,77.3,14119.1,13,78.3,3212.6,3.5,86,16970.8,5053.2,482.3,0,0
BGH-141,1164.8,1787.0,14.7,1046.4,3,256.6,74.8,16367.8,5,173.1,187.5,3.6,74,15521.8,4954.7,723.9,0,0
BGH-148,1210.5,1241.5,13.8,1044.7,5,290.4,77.3,14040.0,6,61.1,6393.4,4.4,54,14689.5,4699.3,957.3,0,0
BGH-127,1283.1,1771.4,14.8,1091.0,4,310.5,80.3,16080.4,8,100.5,1451.4,5.0,100,14560.6,4922.8,1485.3,0,0
BGH-130,1183.4,1767.7,15.8,1051.0,1,268.2,75.2,15667.7,6,172.1,192.0,3.9,64,15345.5,4898.2,777.4,0,0
BGH-108,1248.0,1503.9,14.8,1125.4,3,252.4,76.2,12117.1,13,98.8,1537.3,6.4,54,15615.2,4733.1,713.2,0,0
BGH-128,1228.4,1686.5,16.4,1076.0,2,299.6,78.4,18986.7,11,129.4,588.3,3.9,54,15719.5,5016.0,1399.8,0,0
BGH-113,1215.6,1706.6,14.6,1040.3,4,309.9,74.4,16153.8,6,95.7,1709.6,3.6,86,16107.1,4618.0,1106.3,0,0
BGH-139,1221.5,1449.5,15.5,1216.3,3,259.7,73.1,11814.7,8,78.4,3200.5,7.5,86,14810.5,4721.4,980.6,0,0
BGH-140,1195.3,1468.5,15.2,993.4,5,277.0,72.1,12126.2,10,177.8,168.0,5.0,54,15530.8,4834.8,654.1,0,0
BGH-121,1201.7,1617.9,15.7,1142.8,1,261.1,75.3,18168.3,6,97.3,1618.0,3.8,86,16077.7,4812.6,908.0,0,0
BGH-110,1172.6,1174.3,15.7,1117.3,5,257.4,70.7,15359.5,13,165.2,226.7,7.0,74,16526.6,4831.1,1020.4,0,0
BGH-122,1202.1,1429.2,16.8,1075.8,2,295.4,78.8,16121.5,7,72.2,4068.6,4.0,74,14944.3,4850.4,1074.2,0,0
BGH-100,1170.7,1259.9,16.1,1054.6,1,317.7,72.6,15775.8,6,69.8,4475.2,7.2,100,15753.5,4811.8,2173.2,0,0
BGH-145,1250.3,1784.7,15.2,1186.4,4,297.5,75.7,17174.7,8,44.4,13393.2,3.5,100,15956.4,4911.3,889.7,1,0
BGH-136,1115.0,1426.9,16.0,1206.2,1,318.9,74.0,17263.7,9,131.2,558.5,6.8,100,15549.3,4716.0,2246.0,0,1
BGH-120,1224.1,1555.3,16.1,1085.4,5,280.4,79.5,13244.9,8,91.6,1972.8,3.8,64,15741.3,4674.2,694.2,0,0
BGH-125,1216.8,1456.3,17.1,1078.1,3,312.9,82.8,16006.4,7,161.0,251.5,7.2,74,16271.7,5256.6,1955.5,0,0
BGH-145,1212.3,1443.3,15.4,1156.4,3,264.4,79.5,12190.1,7,106.2,1201.5,5.6,64,15651.9,4762.6,829.5,0,0
BGH-135,1251.2,1542.2,15.4,1087.7,3,258.3,78.1,12824.2,7,175.5,177.2,3.9,74,15494.8,4882.6,651.8,0,0
BGH-122,1185.7,1353.9,16.5,1129.2,2,299.2,80.0,14393.2,7,66.0,5217.9,6.8,54,16078.5,5117.7,1766.7,0,0
BGH-100,1212.8,1460.3,13.9,1127.9,2,276.0,70.4,11599.0,10,161.6,247.8,4.8,64,15881.0,4956.3,766.9,0,0
BGH-139,1114.2,1458.8,15.3,1101.9,3,272.2,71.8,13444.7,8,148.7,344.8,6.3,100,16355.6,4718.5,1185.7,0,1
BGH-114,1179.2,1415.4,16.1,1108.3,4,297.0,71.4,10655.2,11,147.9,352.2,5.9,74,16027.7,4521.3,994.2,0,0
BGH-120,1242.8,1578.2,16.3,1118.5,5,273.3,71.5,14959.9,11,158.3,269.1,6.2,100,16710.6,4532.0,1036.3,0,0
BGH-146,1133.0,1410.6,13.7,1045.6,4,290.1,73.9,18285.2,8,146.5,365.6,4.5,86,15214.4,4701.3,1105.0,0,0
BGH-108,1208.0,1822.2,14.4,1066.0,3,271.0,78.0,15064.1,5,127.7,618.2,7.2,74,15818.1,4772.9,1801.7,0,0
BGH-108,1166.1,1625.8,13.5,1111.3,5,304.9,71.7,15069.8,13,58.4,7169.0,5.5,74,15441.2,5013.8,1339.0,1,0
BGH-109,1194.5,1230.1,16.2,1077.3,2,271.9,84.0,14281.3,11,44.6,13269.0,3.3,100,14543.8,4742.5,624.5,1,0
BGH-125,1169.1,1610.2,15.7,1238.9,1,287.4,82.8,16953.6,10,168.9,207.3,3.3,100,14808.6,4753.6,925.8,0,0
BGH-140,1137.6,1362.1,16.6,1106.6,1,251.6,84.6,14896.4,9,126.3,644.1,6.3,100,16359.0,5058.7,1102.4,0,0
BGH-134,1219.3,1527.1,15.5,1013.1,5,305.4,70.6,12801.3,13,151.5,320.4,6.8,74,15960.2,5226.3,1417.7,0,0
BGH-124,1197.5,1353.8,17.3,959.3,4,293.4,82.8,15339.3,13,107.4,1155.4,6.1,54,16139.4,4963.2,1314.2,0,0
BGH-125,1230.6,1061.1,14.7,1141.1,5,263.5,82.1,18104.9,10,56.4,7813.1,4.2,86,15517.9,4845.6,783.1,1,0
BGH-110,1239.7,1495.7,15.2,1107.1,4,265.1,83.5,12145.2,12,57.5,7451.0,4.0,100,15625.2,4857.5,544.4,1,0
BGH-137,1261.3,1213.1,15.8,1172.0,4,268.4,77.9,13118.0,11,136.0,487.3,5.5,54,15948.2,4657.8,820.2,0,0
BGH-101,1206.7,1583.9,14.9,1067.8,1,290.4,81.8,14791.1,5,100.2,1466.2,3.9,100,15191.8,5128.7,1021.6,0,0
BGH-106,1263.4,1535.0,15.8,1094.0,2,288.4,70.8,14299.0,6,68.1,4791.4,4.7,74,15603.9,4929.9,1181.8,0,0
BGH-117,1151.2,1379.2,15.4,1114.0,3,269.2,71.1,15840.0,13,108.8,1104.3,5.8,54,14615.7,4671.6,1204.6,0,0
BGH-126,1245.4,1865.1,15.4,1092.2,2,298.6,71.8,13034.1,8,49.0,10841.7,4.3,74,15429.6,4799.5,912.8,1,0
BGH-133,1223.0,1252.1,15.4,1088.1,3,312.2,83.7,13940.6,7,121.5,743.2,4.7,64,15140.0,5118.0,1253.6,0,0
BGH-126,1211.7,1375.1,16.1,1136.3,1,253.0,70.9,15104.9,6,77.7,3287.0,4.6,100,15898.3,4708.9,753.3,0,0
BGH-116,1222.2,1275.9,15.2,1058.3,3,279.2,71.5,15173.4,12,151.7,318.8,5.1,86,16451.3,4747.3,999.4,0,0
BGH-142,1152.0,1908.3,14.6,1126.8,4,291.5,84.0,20206.8,11,83.5,2643.5,6.0,54,15999.8,5380.0,1535.3,0,0
BGH-143,1140.2,1770.4,15.6,1191.4,5,291.1,71.6,16566.6,13,103.7,1304.4,6.5,64,16096.1,4678.0,1357.3,0,0
BGH-123,1285.5,1215.6,15.0,1182.8,3,251.4,83.0,11918.9,7,41.6,15278.0,6.0,100,16946.5,4889.1,757.0,1,0
BGH-124,1191.6,1334.9,14.7,1009.7,2,264.7,81.8,12969.2,5,50.1,10316.6,3.1,64,15168.0,4863.1,573.8,1,0
BGH-106,1190.9,1341.7,14.1,1075.5,1,254.3,70.6,12276.8,13,94.9,1757.6,7.0,54,15751.8,5270.8,765.5,0,1
BGH-105,1144.9,1389.9,16.2,1114.5,1,289.8,70.3,18227.9,9,107.2,1163.0,5.6,86,14832.5,5141.3,1690.9,0,0
BGH-123,1125.9,1291.4,16.0,1163.9,5,295.2,78.0,12861.6,9,124.0,689.5,7.1,54,16464.2,4916.4,1379.4,0,0
BGH-132,1195.6,1378.8,16.6,1110.5,4,261.2,85.0,16174.7,7,80.8,2923.1,7.3,86,16433.5,4650.7,1509.3,0,0
BGH-148,1182.9,1701.0,15.5,1164.0,4,273.3,83.2,15974.2,12,137.3,469.9,5.1,74,14973.2,4683.2,914.3,0,0
BGH-128,1200.1,1889.4,16.4,1066.5,1,273.1,74.7,12068.6,12,160.4,255.3,7.1,100,16376.2,5171.9,1122.0,0,0
BGH-142,1204.4,1191.1,14.7,1116.5,4,307.4,75.8,14162.3,5,149.2,340.3,4.6,64,15624.4,4645.2,1227.6,0,0
BGH-121,1324.5,1291.8,14.0,1117.7,5,263.6,75.8,14471.2,8,45.5,12726.1,4.2,74,14929.3,4981.9,622.9,1,0
BGH-125,1183.1,1542.7,14.9,1165.7,1,288.4,81.0,11838.0,10,107.3,1159.2,3.3,100,15554.5,5036.7,581.6,0,0
BGH-127,1279.0,1183.9,15.3,1145.4,4,304.8,75.1,18570.0,13,54.7,8412.8,5.0,64,15604.5,5334.7,1384.4,1,0
BGH-149,1282.1,1547.9,15.8,1134.5,3,308.1,72.2,15340.7,6,73.9,3806.3,6.1,74,15540.4,4587.9,1603.3,0,0
BGH-120,1237.7,1608.0,16.5,1142.5,3,296.7,81.2,18186.3,11,178.1,166.9,7.4,100,14959.3,4974.0,2337.8,0,0
BGH-148,1188.2,1640.1,15.8,1039.5,4,271.0,76.9,19416.1,5,59.9,6725.6,5.3,100,16974.4,4987.9,1329.0,0,0
BGH-106,1131.9,1602.4,17.3,1091.4,3,307.6,71.2,15319.2,8,109.8,1069.4,6.3,74,14918.9,4999.3,1838.3,0,0
BGH-116,1223.9,1393.0,15.6,1049.8,5,302.0,81.9,15747.2,11,126.5,640.3,7.0,54,15269.1,4911.0,1580.0,0,0
BGH-119,1250.9,1463.7,15.6,1067.3,2,299.3,78.8,13424.4,7,138.3,457.0,5.4,86,14804.1,5207.8,1299.9,0,0
BGH-140,1287.4,1264.1,15.8,1091.3,5,254.7,77.3,17667.2,7,118.4,816.7,3.8,86,16208.9,4900.6,718.5,0,0
BGH-148,1152.5,1592.9,15.8,987.2,5,253.0,80.1,14904.4,8,41.4,15423.7,6.8,54,15476.9,4658.3,1003.8,1,0
BGH-119,1187.8,1820.7,15.8,1093.1,4,298.7,77.6,14153.3,12,85.7,2438.4,5.6,100,15409.7,4577.7,1128.0,0,0
BGH-121,1152.8,1592.4,14.5,1060.9,5,316.1,79.7,13464.7,7,112.5,981.3,6.4,64,15737.9,4865.1,1648.7,0,0
BGH-127,1168.3,1361.0,16.2,1047.2,4,304.2,83.0,15146.5,12,52.3,9350.9,6.0,54,14596.0,4769.4,1251.8,1,0
BGH-139,1233.2,1699.0,17.5,1104.8,1,308.2,79.2,16243.0,13,89.1,2156.3,3.3,100,14853.4,5123.2,849.9,0,0
BGH-148,1166.0,1973.1,14.8,1080.6,4,288.1,79.9,15407.3,12,44.6,13269.0,3.8,74,15046.6,4644.2,787.6,0,0
BGH-106,1158.8,1548.6,15.5,1117.1,4,271.3,79.2,15925.0,12,51.0,9908.4,4.3,74,16239.0,5301.7,639.2,1,0
BGH-100,1239.8,1610.9,14.4,1067.6,1,297.4,78.0,14568.7,13,95.6,1715.5,4.3,100,15347.0,4914.9,943.5,0,0
BGH-131,1222.5,1635.5,16.1,1091.2,2,299.8,72.6,16009.6,8,58.6,7108.0,6.8,74,15381.8,5091.3,1854.6,1,0
BGH-112,1217.5,1179.1,16.1,1222.9,1,297.3,75.0,15948.2,7,119.5,789.7,5.7,86,15982.3,5103.6,1739.2,0,0
BGH-129,1167.4,1417.8,14.3,1131.2,4,316.3,80.4,17429.7,12,136.5,480.5,3.4,54,15054.3,4747.8,1018.2,0,0
BGH-122,1264.7,1397.2,14.5,1057.7,3,275.7,76.4,16612.5,5,152.1,315.5,4.7,86,16169.4,4884.1,1078.9,0,0
BGH-118,1200.7,1667.0,13.8,1162.0,4,252.8,76.1,15309.2,5,68.0,4810.8,5.5,100,17222.2,5082.0,789.9,0,0
BGH-131,1319.0,1643.7,16.8,1177.4,1,313.6,81.4,15829.5,8,63.4,5807.6,4.1,54,15959.0,5091.7,1241.7,1,0
BGH-129,1208.1,1475.9,14.8,1129.9,4,261.2,70.1,12697.3,7,54.6,8449.7,3.2,74,16445.6,4975.6,464.0,1,0
BGH-128,1083.3,1385.2,15.4,1060.9,1,298.8,80.2,17555.7,6,129.1,593.5,4.7,54,15724.7,5023.8,1429.2,0,0
BGH-148,1081.1,1162.7,15.2,1151.6,5,311.1,77.3,14500.9,13,138.9,449.5,5.1,54,15584.0,4789.0,1282.4,0,0
BGH-144,1231.2,1496.9,16.3,1071.1,2,271.7,75.7,14750.6,9,44.4,13393.2,7.1,74,15764.1,4510.5,1447.2,1,0
BGH-128,1265.0,1309.1,16.0,1167.5,2,308.1,75.1,14043.2,7,171.1,196.6,7.1,64,16101.6,5171.0,1867.2,0,0
BGH-129,1160.8,1284.3,16.0,1088.0,1,273.2,72.6,13226.6,13,47.3,11714.2,5.3,74,15111.4,4724.6,747.9,1,0
BGH-115,1305.0,1685.3,14.9,1086.0,2,305.6,75.0,13364.9,12,115.8,884.9,5.1,86,16031.1,4676.5,1083.6,0,0
BGH-139,1283.1,1664.4,16.0,1126.2,3,254.9,75.9,12844.8,8,139.3,444.5,5.9,64,15539.0,5197.1,916.7,0,0
BGH-118,1210.5,1402.3,16.2,1170.5,3,295.9,76.6,14521.1,9,161.9,245.9,4.2,86,15719.6,4972.9,993.3,0,0
BGH-117,1227.0,1186.2,16.0,1218.4,2,297.4,80.1,16666.7,9,140.0,436.0,4.3,100,15504.0,4514.7,1143.0,0,0
BGH-100,1244.7,1334.8,14.5,1101.4,1,284.4,76.8,14954.6,12,152.2,314.6,3.0,86,15648.0,4701.8,706.5,0,0
BGH-113,1294.5,1698.7,14.6,1079.5,3,298.1,81.9,16326.9,11,87.5,2284.1,3.4,54,15734.0,4965.0,865.6,0,0
BGH-146,1234.1,1593.5,16.9,1059.0,2,314.6,79.6,15962.4,7,154.1,299.5,3.8,100,15450.2,4824.1,1160.5,0,0
BGH-149,1209.4,1405.6,17.1,1025.9,4,301.4,72.8,14103.1,10,51.2,9820.3,5.9,64,15586.1,4988.0,1590.0,1,0
BGH-101,1233.6,1511.8,15.4,1049.7,3,317.3,74.2,17476.4,10,165.3,226.2,4.0,86,15087.2,4879.3,1337.5,0,0
BGH-127,1226.9,1085.0,15.4,1111.8,5,281.4,71.2,16998.5,6,116.7,860.6,3.6,100,15422.8,4837.8,841.7,0,0
BGH-148,1246.2,1069.9,15.6,1152.7,3,287.0,84.2,16642.5,5,154.4,297.2,5.8,86,15143.8,4975.7,1592.0,0,0
BGH-149,1121.5,1895.4,16.0,1054.8,2,268.5,83.3,15831.7,11,103.3,1321.8,5.9,54,15138.4,4592.4,1166.6,0,0
BGH-129,1215.8,1601.3,14.3,1139.4,2,319.0,71.3,14320.5,7,130.1,576.5,3.3,54,14456.7,4667.1,904.2,0,0
BGH-137,1223.0,1500.3,15.7,1056.9,2,253.9,78.6,14316.0,9,113.7,944.9,6.5,64,16378.8,4951.4,914.1,0,1
BGH-103,1196.4,1420.6,14.7,1063.0,1,275.1,84.4,14940.2,12,142.4,408.3,5.7,74,15072.9,4907.1,1243.8,0,0
BGH-100,1239.2,1147.6,15.5,1046.5,1,270.8,81.2,17755.8,9,51.4,9733.0,4.8,74,15781.5,5159.1,1254.0,1,0
BGH-107,1296.1,1698.6,14.8,1166.6,4,277.1,77.4,17235.4,9,48.4,11141.0,7.4,54,15968.5,4583.2,1535.4,1,0
BGH-128,1206.9,1272.6,15.0,1180.3,4,314.2,73.6,12114.7,9,74.6,3703.9,3.0,100,14641.8,4969.6,680.6,0,0
BGH-138,1234.6,1640.8,15.6,1063.5,3,275.8,74.2,15519.3,11,62.3,6079.7,5.5,64,14835.5,4670.1,1077.7,1,0
BGH-102,1280.3,1526.4,15.0,1059.5,2,314.2,81.0,10025.6,6,162.0,245.3,3.7,86,15476.6,4938.7,709.7,0,0
BGH-131,1208.1,1489.6,14.6,1131.1,4,279.6,81.7,14117.3,5,70.7,4317.5,4.5,86,14880.4,5183.0,974.9,0,0
BGH-109,1155.6,1239.5,16.7,1186.4,2,309.8,77.9,13645.7,8,176.6,172.8,3.6,100,15418.0,5086.1,929.8,0,0
BGH-109,1230.8,1242.2,14.6,1180.7,3,286.5,71.8,16112.1,9,87.2,2309.0,6.0,74,15866.5,4759.6,1464.7,0,0
BGH-118,1089.9,1578.0,13.7,1080.7,1,271.8,84.0,12823.8,11,65.5,5325.8,4.8,54,14995.6,4907.6,825.5,0,0
BGH-145,1085.1,1515.8,16.0,1090.8,4,281.5,82.7,11943.3,5,150.6,328.0,7.4,54,15037.0,4811.3,1354.1,0,0
BGH-133,1216.7,1509.4,15.3,1038.4,5,279.7,72.1,14002.3,13,132.2,542.7,5.9,64,15631.2,4686.0,1008.7,0,0
BGH-132,1082.8,1557.2,15.5,1080.2,5,268.2,70.9,14984.3,8,109.7,1072.8,7.1,54,15722.3,4697.0,1294.8,0,0
BGH-122,1134.2,1112.7,15.6,1104.8,5,270.3,78.0,11522.2,10,117.8,831.9,4.1,74,15170.5,4734.9,547.2,0,0
BGH-127,1181.0,1703.0,16.5,1032.5,5,263.1,74.3,17275.6,5,140.7,427.7,4.4,74,14631.7,5067.0,772.7,0,0
BGH-131,1163.9,1428.8,17.0,1072.8,5,273.5,74.2,14597.4,13,72.0,4100.9,4.6,100,16185.6,4816.6,680.3,0,0
BGH-149,1192.6,1733.9,15.7,1111.1,5,293.7,71.3,15050.6,8,179.5,161.6,6.8,64,15689.3,4801.7,1418.2,0,0
BGH-106,1255.6,1098.3,14.6,1024.0,5,277.1,84.3,17205.2,9,176.5,173.2,4.0,64,15806.0,4802.3,794.7,0,0
BGH-128,1211.9,1613.8,15.6,1123.5,4,299.9,82.5,13534.3,12,131.0,561.7,7.3,54,15736.9,5237.0,1408.1,0,0
BGH-107,1158.0,1611.9,16.0,1151.0,5,319.1,71.7,17962.6,10,67.9,4830.2,3.2,86,15694.5,4662.8,1099.8,0,0
BGH-100,1267.7,1202.8,16.3,1128.5,5,276.4,83.1,15011.1,7,135.2,498.4,7.0,64,15601.4,4733.2,1512.6,0,0
BGH-102,1128.6,1372.1,15.6,1075.2,3,282.4,80.2,16584.0,12,50.1,10316.6,5.0,54,15378.0,4879.6,1145.8,1,0
BGH-123,1211.1,1288.1,15.1,1158.6,4,261.5,74.9,15887.9,10,44.3,13455.8,5.4,86,15393.7,4807.2,844.2,1,0
BGH-122,1123.0,1672.6,14.8,1169.4,3,277.5,83.1,16374.0,6,76.1,3495.0,7.5,54,15973.7,4981.5,1639.6,0,1
BGH-107,1212.6,1561.8,15.4,1115.9,2,300.9,79.0,15152.0,9,104.8,1257.9,6.9,100,15435.8,5384.3,1741.5,0,0
BGH-146,1184.1,1819.8,14.3,1107.5,5,265.2,82.7,14063.8,7,161.6,247.8,7.1,64,15719.8,4449.5,1089.3,0,0
BGH-136,1254.1,1540.6,15.8,1069.0,1,262.7,77.0,18877.5,8,141.8,415.0,5.6,54,14761.3,4649.2,1452.1,0,0
BGH-102,1236.0,1646.4,15.6,1079.7,5,276.3,77.5,14959.7,13,144.0,391.0,7.3,100,15866.9,4784.6,1110.2,0,0
BGH-132,1170.6,1734.4,15.6,1153.6,5,307.3,74.4,12804.7,7,99.6,1496.2,6.1,54,15704.5,4983.7,1419.3,0,0
BGH-127,1161.1,1610.9,16.1,1192.5,3,293.7,75.8,17937.6,9,88.4,2211.1,6.7,74,15631.1,4629.9,1730.1,0,0
BGH-146,1184.2,1423.2,16.7,1079.3,2,317.0,78.5,14378.5,12,91.9,1952.0,6.2,54,15768.6,4958.9,1705.6,0,0
BGH-107,1293.8,1385.9,15.4,1091.4,3,313.3,84.2,11553.6,13,178.3,166.1,6.5,74,15051.1,4742.6,1286.7,0,1
BGH-133,1281.0,1484.1,15.6,1067.6,4,260.6,79.0,13351.5,11,45.6,12667.3,5.9,64,15657.6,4904.0,740.4,1,0
BGH-134,1151.6,1659.3,15.2,1078.5,2,253.0,72.2,11083.8,8,161.4,249.0,6.3,54,16103.8,4819.3,723.9,0,0
BGH-131,1240.0,1346.8,15.9,1037.1,2,277.9,70.1,13443.5,13,121.0,754.5,5.0,100,15558.0,4956.3,882.9,0,0
BGH-123,1113.4,1630.4,15.5,1121.5,2,286.5,82.8,18516.2,6,101.4,1408.2,6.2,64,14149.2,4976.7,1645.5,0,0
BGH-113,1177.6,1564.5,16.4,1036.6,3,286.1,75.5,15917.9,6,141.5,418.4,4.2,64,15140.1,5046.8,996.8,0,0
BGH-131,1153.6,1249.3,16.4,1072.6,5,259.4,74.7,14990.5,8,108.1,1129.5,5.9,74,15302.8,4532.0,921.3,0,0
BGH-145,1253.5,1620.7,15.8,1096.9,5,258.7,82.0,13845.1,6,162.3,243.5,5.4,64,15740.9,4875.8,736.8,0,0
BGH-142,1135.5,1528.4,15.4,1034.3,5,253.3,84.2,14723.9,7,166.1,221.8,7.0,54,14577.6,4974.4,963.8,0,0
BGH-115,1221.5,1389.9,15.3,1061.3,5,309.6,81.2,17229.5,9,99.0,1526.9,6.0,54,15571.9,4986.0,1977.9,0,0
BGH-103,1200.0,1525.5,15.9,1043.7,5,316.3,72.6,11344.6,7,78.8,3152.2,5.7,74,15814.5,4751.6,1145.2,0,0
BGH-136,1191.2,1397.7,15.9,1155.0,4,258.1,75.9,20878.9,5,122.9,712.6,4.4,54,15287.3,4878.4,1018.1,0,0
BGH-120,1283.6,1549.5,15.3,1171.2,1,264.9,81.4,13234.7,7,167.7,213.3,6.9,74,15627.8,4824.5,1234.0,0,0
BGH-113,1288.0,1466.4,15.7,1060.5,2,256.3,83.6,14501.0,10,69.5,4529.2,3.2,86,15092.4,4893.3,494.4,0,0
BGH-130,1192.8,1194.0,14.9,1238.2,1,311.4,85.0,14680.4,7,127.2,627.3,7.0,74,16340.8,4838.2,1966.1,0,0
BGH-147,1182.7,1472.4,15.9,1053.3,4,317.1,77.7,14627.9,13,128.4,605.7,5.9,100,16135.3,4867.0,1616.2,0,0
BGH-117,1124.7,1411.5,14.9,1078.8,5,268.3,82.3,13656.4,7,142.6,406.1,3.9,100,16152.2,4998.7,539.6,0,0
BGH-106,1199.8,1627.1,16.1,1124.6,4,271.3,70.7,16749.6,7,58.4,7169.0,7.1,54,16742.8,4518.9,1594.8,1,1
BGH-109,1297.7,1676.0,15.2,1129.4,4,275.4,74.3,17281.8,7,140.2,433.6,4.5,86,16199.3,4793.0,961.3,0,0
BGH-106,1193.6,1398.2,16.8,1084.0,1,285.2,75.6,16910.6,9,167.3,215.4,3.8,100,15183.4,4751.0,817.6,0,0
BGH-132,1236.4,1342.1,15.5,1154.7,2,297.8,84.6,15178.2,11,65.2,5391.7,4.4,100,15405.7,5085.2,1255.3,0,0
BGH-122,1130.1,1164.0,15.7,1159.9,3,285.3,70.1,13821.3,9,73.3,3896.6,7.3,100,16028.8,4786.8,1467.2,0,0
BGH-120,1178.3,1337.2,14.4,1099.6,3,316.6,74.6,14628.9,13,176.0,175.2,6.4,54,15661.8,4808.5,1791.3,0,0
BGH-118,1223.1,1435.3,16.6,1092.5,2,257.0,84.0,14827.1,10,65.3,5369.7,7.1,64,15178.3,4752.0,1238.5,1,0
BGH-147,1205.3,1232.1,15.5,1069.5,5,305.9,74.6,13039.1,5,159.6,260.5,4.3,64,15712.5,4818.2,961.7,0,0
BGH-118,1241.2,1678.6,16.9,1048.0,4,273.4,73.4,15356.3,13,108.9,1100.7,3.4,64,15720.1,5164.4,579.7,0,0
BGH-135,1169.9,1552.4,15.5,1060.0,5,276.4,81.0,18599.1,7,74.6,3703.9,5.5,54,15926.1,4848.3,1329.1,0,0
BGH-128,1112.5,1475.9,15.3,1127.2,4,299.6,81.2,14660.5,12,161.9,245.9,5.2,64,15700.7,5060.7,1105.4,0,0
BGH-117,1256.1,1496.7,15.1,1100.0,3,315.1,77.1,15999.8,7,102.3,1366.5,6.2,74,15480.5,4840.2,1897.9,0,0
BGH-101,1153.2,1561.2,16.0,1087.8,2,300.1,84.2,13686.2,12,112.1,993.8,5.4,54,15772.3,5189.2,1315.8,0,0
BGH-100,1225.3,1626.6,15.9,1071.4,1,304.3,73.0,16771.5,8,90.3,2065.9,4.8,54,14370.6,5151.4,1507.6,0,0
BGH-146,1222.5,1661.8,14.4,1072.5,1,302.6,83.7,13684.4,5,123.0,710.4,3.0,86,15490.8,4941.5,785.5,0,0
BGH-104,1116.8,1438.2,15.0,1097.7,2,272.5,81.3,14173.6,10,62.9,5929.5,5.1,100,16074.9,5016.0,985.3,0,0
BGH-119,1252.5,1471.6,16.1,1093.8,3,303.0,75.5,16034.8,11,94.8,1763.7,3.5,86,16163.5,4981.7,949.6,0,0
BGH-110,1171.7,1534.6,15.0,1099.9,4,304.9,82.1,13018.5,12,175.7,176.4,7.1,64,15967.1,4857.6,1426.4,0,0
BGH-141,1202.8,1463.4,14.8,1077.8,1,287.3,72.0,15865.0,10,76.1,3495.0,7.1,54,15375.3,4773.2,1439.8,0,1
BGH-101,1182.1,1674.5,15.7,1066.5,3,287.6,72.0,17102.2,5,131.9,547.4,6.6,54,15352.5,4888.7,1838.3,0,0
BGH-102,1281.1,1745.5,15.6,1100.4,2,303.2,83.9,15325.8,9,85.5,2456.2,3.7,64,15539.4,4941.3,1065.9,0,0
BGH-122,1267.2,1568.8,15.1,1132.5,5,307.2,71.4,16737.4,13,148.3,348.5,3.7,100,15595.6,4778.9,905.8,0,0
BGH-111,1109.4,1318.4,16.9,1074.6,3,273.6,70.1,12416.7,7,58.3,7199.7,5.5,86,15084.3,4955.4,929.6,1,0
BGH-119,1312.9,1601.7,15.4,980.6,3,306.1,75.8,15896.4,9,175.8,176.0,6.3,100,15588.4,4661.6,1839.8,0,0
BGH-104,1166.1,1576.7,14.5,1031.6,5,307.0,71.6,14087.7,10,103.5,1313.1,7.1,64,15527.4,4913.9,1720.6,0,0
BGH-136,1305.1,1301.6,14.2,1153.7,3,266.4,82.9,15770.6,9,73.0,3942.7,7.0,86,15731.8,4659.9,1325.3,0,0
BGH-137,1187.2,1576.5,16.3,1149.7,1,300.2,83.8,18163.5,8,50.3,10224.3,3.7,86,15371.3,5207.9,1138.4,1,0
BGH-129,1183.0,1391.2,14.6,1132.3,1,263.1,77.2,9030.2,6,63.8,5712.1,7.5,100,15815.8,4990.7,968.0,0,0
BGH-108,1187.6,1649.2,15.5,1125.6,1,256.5,76.4,13758.6,9,112.8,972.1,3.7,100,16273.7,4962.3,575.9,0,0
BGH-133,1180.0,1600.1,14.8,1150.9,3,290.2,78.1,10418.2,5,87.2,2309.0,6.8,54,14649.4,4994.7,1132.9,0,0
BGH-143,1326.2,1544.6,15.4,1082.8,3,313.6,73.4,12537.9,5,156.0,285.3,5.6,54,15432.0,5029.7,1304.3,0,0
BGH-134,1196.2,1507.7,15.8,1106.9,3,252.5,74.5,14049.5,12,100.3,1461.2,6.1,100,15935.8,4945.3,839.1,0,0
BGH-121,1184.9,1073.3,14.4,1061.4,2,307.9,71.5,16719.9,8,74.8,3675.2,5.7,64,14532.1,4591.9,1823.4,0,0
BGH-143,1203.9,1257.1,15.1,1091.2,5,285.5,76.7,16615.6,5,126.4,642.2,6.9,100,16055.4,4747.1,1686.8,0,0
BGH-123,1151.6,1473.8,15.0,1194.8,3,310.3,79.2,16557.8,6,138.9,449.5,5.9,54,15888.0,4781.7,1864.3,0,0
BGH-116,1279.9,1803.9,14.7,1058.7,5,309.0,84.0,16120.4,9,63.4,5807.6,6.8,86,14798.3,4737.2,1898.7,0,0
BGH-109,1126.4,1612.9,15.2,1041.7,4,311.3,81.1,12317.9,11,63.5,5783.5,3.7,64,15715.6,5259.9,792.6,0,0
BGH-129,1169.3,1862.8,15.0,1090.3,1,303.8,80.8,16604.1,9,45.1,12964.2,6.9,54,15149.5,4878.1,2056.9,1,1
BGH-145,1246.8,1516.6,16.2,1080.0,2,309.0,74.6,13644.4,10,143.1,400.6,7.5,64,15769.9,5082.9,1957.9,0,1
BGH-122,1202.1,1493.8,14.9,1113.3,5,262.3,83.3,15895.8,11,132.9,532.0,6.0,64,15992.3,4795.6,972.9,0,0
BGH-131,1227.5,1785.0,15.9,1139.6,1,271.3,84.2,13163.9,7,106.4,1193.6,7.4,86,15999.6,4683.1,1230.0,0,0
BGH-116,1276.7,1468.2,15.8,1081.3,2,267.0,84.0,14639.1,9,158.2,269.8,4.0,54,14467.3,4903.8,659.4,0,0
BGH-149,1250.2,1302.7,14.3,1205.3,1,302.0,70.6,14864.6,12,152.8,309.8,6.7,100,14707.1,4811.0,1831.9,0,1
BGH-116,1206.9,1563.4,15.1,1161.5,3,260.8,79.1,15691.0,10,121.9,734.3,3.8,64,15619.1,5153.3,666.2,0,0
BGH-113,1304.5,1724.5,15.4,1061.8,3,262.8,79.6,13321.3,6,161.6,247.8,5.3,64,15931.5,4542.8,842.2,0,0
BGH-108,1168.6,1334.8,15.7,1096.0,1,311.5,74.4,16323.1,13,68.8,4658.2,6.0,86,15046.0,5064.9,1736.5,1,0
BGH-139,1195.0,1617.8,15.3,1126.4,2,299.4,84.9,12373.7,6,55.7,8053.9,6.0,54,16156.8,4921.5,1420.5,1,0
BGH-101,1198.5,1481.4,16.3,1058.6,1,311.3,74.4,18401.1,10,77.8,3274.4,6.0,64,15170.7,4872.7,2028.3,0,0
BGH-144,1194.9,1590.3,15.6,996.8,4,259.8,73.2,13496.8,6,48.0,11345.6,4.4,64,15408.1,4859.4,675.1,1,0
BGH-124,1146.5,1562.7,15.9,1196.5,2,277.9,77.3,11084.9,11,114.4,924.4,7.4,74,15712.9,4920.6,1146.7,0,0
BGH-138,1120.8,1417.1,15.0,1044.6,2,269.8,74.8,14855.8,5,171.1,196.6,3.0,74,15462.9,4906.3,586.2,0,0
BGH-108,1220.9,1478.8,15.9,1142.6,1,250.7,83.9,14176.3,8,45.5,12726.1,5.8,64,15672.4,5047.6,989.8,1,0
BGH-121,1168.3,1429.4,17.0,1135.0,5,269.9,76.6,13163.9,12,57.1,7580.4,6.9,86,15942.6,4423.4,859.3,1,0
BGH-142,1295.4,1523.7,15.9,1059.2,1,276.6,76.2,17691.4,13,103.3,1321.8,7.0,100,15764.3,4730.9,1597.2,0,0
BGH-145,1196.4,1330.8,16.4,1198.0,5,256.5,79.4,16509.8,7,170.7,198.5,6.2,74,15997.2,4653.0,1079.8,0,0
BGH-103,1187.4,1378.6,15.3,1103.2,2,289.7,71.2,15924.1,13,84.3,2566.7,5.6,74,15809.0,4570.1,1088.8,0,0
BGH-125,1254.7,1417.2,16.2,1106.9,3,276.8,81.4,13089.2,12,111.0,1029.1,5.1,54,15793.0,4916.7,781.7,0,0
BGH-128,1220.1,1578.3,16.3,1023.1,3,253.3,81.5,13940.0,8,45.8,12550.7,5.0,100,15676.2,5148.5,770.2,1,0
BGH-144,1191.2,1216.9,15.7,994.4,1,299.3,77.1,13777.9,5,60.8,6474.6,4.9,74,15746.5,5001.1,1230.5,1,0
BGH-133,1168.0,1478.6,15.4,1087.9,5,301.0,84.3,11346.2,9,178.1,166.9,6.1,100,15663.8,4814.5,1089.9,0,0
BGH-122,1382.9,1358.4,14.3,1164.9,1,308.4,78.7,15542.8,11,175.1,178.9,6.3,100,15670.8,5055.2,1758.0,0,0
BGH-136,1218.1,1417.7,15.5,1006.9,4,284.0,80.4,15689.0,9,40.7,15946.4,5.3,54,15731.0,4998.7,1241.7,1,0
BGH-110,1254.2,1368.0,16.0,1107.3,1,317.8,83.9,15244.3,9,173.3,186.6,6.3,64,15807.2,4715.8,1837.5,0,0
BGH-105,1148.9,1538.9,14.9,1104.1,1,314.0,80.0,15455.0,9,129.5,586.6,5.4,64,15836.7,4793.2,1596.8,0,0
BGH-117,1171.1,1468.6,14.5,1162.1,1,288.6,76.5,12734.4,7,161.5,248.4,3.4,74,15285.6,5301.9,681.8,0,0
BGH-120,1305.6,1642.3,15.6,1150.8,1,281.1,70.4,13211.1,10,103.7,1304.4,6.8,54,15936.7,5128.4,1378.5,0,0
BGH-141,1269.8,1580.3,15.7,1107.0,5,250.2,80.9,14367.2,8,112.2,990.7,6.9,74,16651.7,4867.4,956.6,0,0
BGH-135,1222.9,1192.6,14.4,1095.3,5,299.8,84.5,17768.8,6,108.4,1118.6,4.2,74,14891.5,5106.0,1350.3,0,0
BGH-140,1180.9,1308.0,15.5,1064.0,5,289.5,77.1,17325.1,8,133.4,524.5,6.5,64,15619.8,5109.1,1718.4,0,0
BGH-137,1188.3,1465.4,15.7,1042.7,4,315.6,75.1,16034.0,10,59.6,6811.7,5.3,54,15369.8,5142.2,1257.7,0,0
BGH-133,1166.2,1491.4,16.6,1068.7,4,291.6,77.8,19029.8,10,44.2,13518.7,3.6,100,15971.3,5112.2,1088.0,1,0
BGH-116,1142.2,1325.6,15.1,1044.7,1,319.5,80.9,16019.5,13,83.1,2682.9,4.8,64,14750.6,4773.4,1471.2,0,0
BGH-136,1246.2,1760.8,17.2,1094.7,5,309.8,70.0,16271.9,12,138.7,452.0,3.3,74,14969.8,4979.9,896.9,0,0
BGH-124,1226.9,1672.9,15.5,1098.3,4,316.8,83.3,17959.6,9,68.3,4752.9,6.5,74,16216.4,5070.0,1953.2,1,0
BGH-137,1236.8,1171.1,14.5,1086.3,3,272.9,83.3,16391.3,7,134.3,511.2,3.9,86,15534.9,4948.7,822.0,0,0
BGH-111,1183.2,1569.1,15.2,1105.5,1,260.5,78.1,18297.2,8,175.8,176.0,3.7,54,15676.4,4889.0,825.3,0,0
BGH-122,1212.8,1490.8,14.6,1077.0,2,305.8,71.8,15057.0,9,53.1,9025.5,3.9,100,15239.6,4838.4,980.9,1,0
BGH-141,1178.4,1748.8,15.4,1142.1,5,305.0,80.1,13719.3,5,134.2,512.7,4.0,100,15507.9,4647.9,1049.9,0,0
BGH-121,1163.6,1186.0,15.9,1111.4,1,264.8,72.1,14809.2,13,102.1,1375.6,6.0,74,15707.0,4724.1,1066.7,0,0
BGH-120,1283.4,1912.0,15.7,1075.8,1,303.5,77.6,15475.4,8,161.5,248.4,5.9,86,14942.6,4658.5,1664.1,0,0
BGH-126,1206.1,1331.4,14.6,1041.7,2,290.7,71.4,13190.5,12,64.8,5481.1,3.6,86,16043.2,4991.1,799.0,0,0
BGH-130,1225.4,1575.7,14.5,1095.9,3,257.7,78.8,13575.3,9,137.0,473.9,6.3,54,15873.0,4720.6,951.0,0,0
BGH-105,1241.8,1378.7,15.8,1157.1,4,285.1,74.8,14154.2,9,157.3,276.0,4.6,74,15563.3,4908.2,1010.5,0,0
BGH-126,1206.7,1424.8,16.0,1129.5,4,315.2,82.5,12803.3,6,172.2,191.6,5.1,74,15264.7,4968.3,1242.2,0,0
BGH-139,1212.0,1162.1,15.1,1137.9,2,285.5,82.0,13823.8,12,135.7,491.4,3.6,74,16138.2,4987.0,721.6,0,0
BGH-133,1145.7,1739.4,13.5,1136.2,2,305.2,85.0,16469.8,11,109.6,1076.3,6.2,54,15771.3,4804.4,1951.2,0,0
BGH-111,1155.2,1446.1,14.6,1160.8,4,252.0,73.9,16588.1,6,126.5,640.3,4.7,100,15487.2,4803.6,903.1,0,0
BGH-144,1152.6,1459.7,16.3,1143.1,3,301.0,70.9,12194.8,10,161.6,247.8,5.8,64,15619.6,4915.5,1259.3,0,0
BGH-106,1230.3,1962.5,14.9,1107.5,3,316.3,76.6,15618.1,13,119.9,780.1,4.9,86,14933.8,4936.3,1464.2,0,0
BGH-109,1203.5,1691.9,15.2,1079.6,1,285.0,71.3,14861.4,12,44.3,13455.8,3.2,100,15258.6,5102.8,761.7,1,0
BGH-144,1155.2,1366.3,15.9,1143.8,2,273.6,72.7,17102.1,7,170.3,200.4,6.2,64,15558.4,4858.9,1232.0,0,0
BGH-116,1229.0,1377.9,15.3,979.0,2,295.3,79.0,14461.6,11,136.5,480.5,5.5,100,14836.3,4679.7,1220.5,0,0
BGH-125,1227.2,1552.0,16.6,1163.4,2,314.1,78.9,12520.9,8,134.7,505.5,5.0,100,15482.5,4817.2,1122.6,0,0
BGH-120,1165.3,1654.1,15.2,1134.5,4,262.4,70.6,14026.8,8,70.2,4404.3,3.9,100,15407.8,4737.0,537.4,1,0
BGH-127,1198.6,1850.5,14.8,1181.9,4,278.3,76.6,12605.4,11,132.2,542.7,5.8,100,16464.7,4780.4,879.1,0,0
BGH-145,1227.4,1178.4,16.4,1044.0,4,260.9,78.0,10490.0,11,95.1,1745.4,4.2,74,14891.6,4982.8,440.0,0,0
BGH-101,1157.1,1645.4,15.5,1158.1,3,284.8,74.0,14893.4,5,131.2,558.5,4.9,100,15210.5,5050.0,1264.0,0,0
BGH-142,1228.3,1677.5,14.6,1133.2,4,287.8,83.1,16038.4,5,54.9,8339.6,3.3,64,15479.0,4971.2,765.2,0,0
BGH-100,1215.1,1342.1,15.9,1069.6,1,316.1,72.4,15374.1,10,132.1,544.3,6.5,64,15961.7,4627.7,1912.0,0,0
BGH-135,1150.0,1427.9,15.3,1093.2,4,278.9,73.8,12430.1,6,179.9,160.1,3.4,86,15099.5,4801.1,668.4,0,0
BGH-125,1211.0,1173.9,14.6,1089.7,3,289.7,72.4,12294.9,7,46.7,12041.0,7.0,54,16818.7,4786.0,1347.6,1,0
BGH-128,1218.3,1399.8,15.6,1081.8,2,312.0,71.7,15436.0,6,176.8,172.0,6.9,64,15349.3,5005.2,2037.8,0,1
BGH-120,1168.7,1546.4,15.4,1032.6,1,272.5,83.2,18396.5,6,97.0,1634.7,7.4,64,15381.7,4533.6,1705.9,0,0
BGH-110,1172.6,1818.8,14.2,1158.7,3,297.2,74.2,17589.8,12,161.9,245.9,7.1,64,15677.8,4634.8,1800.4,0,0
BGH-139,1149.6,1837.3,14.7,1052.7,5,303.0,80.8,14412.7,12,149.5,337.6,7.4,64,16557.0,4974.8,1824.2,0,0
BGH-110,1177.6,1294.1,17.0,1047.5,2,273.1,76.4,15423.1,10,119.4,792.1,7.0,54,16374.9,4907.6,1319.8,0,0
BGH-135,1199.4,1791.6,15.6,1160.0,4,261.5,79.5,16826.4,7,143.4,397.4,3.5,54,16331.6,5196.9,662.2,0,0
BGH-148,1172.8,1110.1,16.6,1029.9,3,285.2,83.9,14712.2,9,163.0,239.3,5.0,100,16169.4,5289.9,1201.3,0,0
BGH-138,1125.8,1383.0,15.7,1084.9,5,275.0,82.7,12312.3,11,96.6,1657.3,3.3,64,16336.7,4735.0,500.6,0,0
BGH-139,1165.6,1439.6,16.5,1050.3,3,268.7,71.0,9360.4,9,85.8,2429.5,5.5,64,15779.5,4604.2,552.0,0,0
BGH-134,1179.1,1550.4,15.9,1181.8,4,318.1,82.7,15363.6,11,133.5,523.0,5.4,86,16362.6,4744.6,1587.3,0,0
BGH-133,1240.8,1521.3,14.7,1157.2,3,285.2,76.8,14602.5,11,153.1,307.4,7.1,86,16027.7,5321.5,1363.6,0,0
BGH-146,1229.7,1573.1,16.0,1058.9,5,310.0,75.3,11588.2,8,146.7,363.6,7.4,86,15980.3,4756.2,1481.0,0,0
BGH-123,1241.8,1463.4,14.7,1050.1,3,263.7,80.1,12146.0,10,151.7,318.8,4.2,86,16285.8,5141.9,570.8,0,0
BGH-121,1163.0,1691.9,16.2,1138.4,1,315.8,84.3,14474.8,13,101.0,1427.2,5.6,100,16633.7,5164.8,1482.8,0,0
BGH-104,1207.1,1638.4,15.7,1121.7,1,305.6,71.4,13907.1,8,154.5,296.5,5.1,74,16250.0,4530.3,1357.0,0,0
BGH-132,1078.8,1442.1,15.5,1082.3,4,306.6,81.5,17864.4,5,56.8,7679.2,5.5,86,14823.2,4966.0,1751.4,1,0
BGH-135,1221.4,1668.5,15.1,1077.7,5,277.3,73.1,17837.8,12,116.2,874.0,5.4,86,15695.4,4895.6,1156.4,0,0
BGH-146,1230.5,1913.7,16.1,1088.3,5,284.0,75.7,13300.2,8,40.8,15870.5,7.1,54,15739.0,5046.3,1377.2,1,0
BGH-119,1182.4,1365.3,15.4,1145.1,5,291.5,83.1,18009.0,12,85.4,2465.2,7.0,64,15265.1,5110.3,1711.3,0,0
BGH-118,1214.8,1835.1,14.0,1178.5,5,305.3,78.2,18234.0,13,91.3,1993.9,3.6,100,14777.1,5118.5,1014.6,0,0
BGH-134,1124.3,1383.3,14.1,1191.1,5,309.4,71.0,15585.9,12,95.5,1721.4,4.6,64,15157.8,4962.7,1179.2,0,0
BGH-142,1159.9,1782.1,14.5,1063.3,2,255.5,77.6,13138.2,5,137.4,468.6,6.4,74,16159.8,4987.1,1015.5,0,1
BGH-116,1238.3,1390.8,16.1,1102.9,3,313.3,81.8,15238.2,13,94.4,1788.4,6.1,100,15942.2,4395.9,1623.2,0,0
BGH-144,1225.6,1653.1,16.2,1167.2,5,315.6,77.9,10749.5,9,102.8,1343.9,5.8,74,15320.7,4631.0,1140.5,0,0
BGH-142,1179.4,1535.9,15.8,1056.5,1,291.5,72.5,13824.4,12,73.3,3896.6,7.5,64,14788.2,4718.8,1574.9,0,0
BGH-133,1240.6,1142.9,15.8,1065.9,3,263.1,76.7,15532.9,10,92.3,1924.7,4.5,54,15678.5,4937.7,794.6,0,0
BGH-108,1206.9,1883.1,16.7,1139.8,4,307.3,83.9,15771.0,11,71.8,4133.4,5.3,86,16296.4,4648.4,1363.6,0,0
BGH-125,1174.8,1320.9,15.8,1076.6,4,288.4,79.9,14110.5,7,50.2,10270.3,7.4,64,15393.1,4924.1,1567.8,1,0
BGH-101,1190.9,1246.1,16.0,1026.2,5,307.2,80.9,15140.3,13,124.5,679.3,6.1,100,16341.2,5108.8,1551.3,0,0
BGH-108,1177.2,1372.1,15.5,1058.7,2,307.0,81.8,12961.8,13,133.5,523.0,5.9,86,15441.3,4488.7,1463.2,0,0
BGH-108,1140.8,2006.2,15.1,1149.5,2,256.1,71.4,17815.3,6,126.7,636.6,3.7,100,15913.7,5328.6,933.7,0,0
BGH-139,1262.8,1249.3,15.3,1112.5,3,292.5,78.7,17895.8,8,104.9,1253.8,4.1,74,15965.5,4720.2,1180.3,0,0
BGH-116,1171.6,1535.6,17.1,1021.9,2,283.8,75.6,16421.0,8,93.2,1864.9,4.7,100,15238.7,5027.3,1075.9,0,0
BGH-100,1158.4,1275.4,14.6,1069.6,4,316.2,72.1,14464.6,5,160.9,252.1,5.1,54,15353.2,4729.7,1411.4,0,0
BGH-124,1123.5,1309.7,15.8,1191.1,5,270.8,73.0,13352.8,8,112.7,975.1,5.2,74,15953.9,4904.7,842.7,0,0
BGH-142,1068.2,1180.1,14.3,1096.5,1,264.4,81.7,16691.6,7,107.1,1166.7,7.1,64,15761.7,4456.9,1664.5,0,0
BGH-139,1235.1,1563.0,15.0,1087.8,4,312.8,72.4,15369.2,6,43.6,13903.3,3.5,86,14649.7,5168.1,1007.3,1,0
BGH-141,1239.7,1467.8,16.1,1100.4,4,260.4,74.7,12996.2,10,87.8,2259.5,4.1,86,15655.8,4607.9,555.8,0,0
BGH-124,1259.7,1273.7,14.1,1110.3,3,298.1,74.3,17116.9,7,93.2,1864.9,3.6,54,15606.2,5011.7,987.0,0,0
BGH-138,1192.5,1674.6,16.2,1080.5,2,271.0,70.7,14105.0,13,95.8,1703.7,6.3,100,15516.6,5054.7,1184.8,0,0
BGH-134,1183.9,1695.7,17.1,1167.0,1,289.7,76.9,13272.5,13,121.2,750.0,7.4,64,15090.2,4744.2,1504.8,0,1
BGH-102,1174.6,1581.4,15.8,1076.5,1,293.1,81.5,16893.3,12,114.7,915.8,7.0,100,16591.6,4719.2,1796.2,0,1
BGH-149,1179.2,1734.1,16.5,1149.7,2,279.2,70.3,13422.8,12,125.1,667.4,6.3,100,15990.9,4505.8,1115.6,0,0
BGH-136,1256.0,1430.2,15.7,1191.1,5,318.2,71.7,15251.4,6,147.1,359.8,3.1,54,15833.1,4984.3,868.6,0,0
BGH-143,1198.7,1564.5,16.1,1118.9,2,259.2,80.8,17566.2,10,153.8,301.9,4.6,74,15702.3,4910.1,927.0,0,0
BGH-143,1218.9,1431.0,15.9,1047.6,5,277.4,78.9,17365.6,8,140.5,430.1,6.9,74,15813.5,4658.5,1587.8,0,0
BGH-129,1177.9,1198.5,15.1,1109.4,1,280.1,80.7,15683.3,6,173.8,184.5,5.9,54,16262.9,4869.1,1265.2,0,0
BGH-137,1266.0,1543.8,15.0,1071.8,3,294.2,73.5,12654.7,6,42.6,14572.3,3.9,54,15310.6,4646.3,792.6,1,0
BGH-133,1104.8,1531.7,16.4,1144.9,4,278.5,82.1,14005.2,11,67.4,4929.0,5.1,54,15494.4,4616.3,876.0,0,0
BGH-111,1139.0,1494.0,15.5,1110.4,1,256.8,77.2,19832.3,5,41.1,15645.3,3.4,100,15934.3,5063.6,824.3,1,0
BGH-118,1219.0,1574.8,15.4,1094.0,1,316.3,79.2,16895.5,12,130.6,568.2,5.3,100,16095.3,4884.3,1687.4,0,0
BGH-136,1287.5,1782.4,15.4,1049.6,1,279.1,71.4,14537.8,9,165.7,224.0,7.1,64,15487.9,4607.9,1503.2,0,1
BGH-143,1188.7,1459.1,15.7,1007.0,4,274.0,73.1,12481.1,12,74.1,3776.7,3.2,54,15793.1,5149.6,518.9,0,0
BGH-148,1157.9,1308.6,14.6,1059.4,5,281.3,81.6,11200.0,6,169.8,202.8,5.8,100,14946.1,4844.1,943.3,0,0
BGH-116,1250.0,1450.4,15.4,1132.6,3,265.2,73.4,17430.3,5,48.4,11141.0,4.0,74,15367.1,4980.6,979.2,1,0
BGH-109,1216.2,1472.6,15.7,1159.1,3,257.0,71.4,17470.1,6,170.8,198.0,7.5,54,16211.8,4906.6,1551.2,0,0
BGH-148,1264.5,1696.7,14.5,1084.5,3,260.4,79.0,14923.7,10,89.2,2148.6,3.3,74,15175.1,4908.4,522.1,0,0
BGH-146,1135.5,1521.3,15.7,1052.8,5,261.7,78.2,14178.0,8,54.2,8599.0,5.8,86,16102.8,4805.9,880.1,1,0
BGH-111,1260.6,1270.4,14.8,1109.5,2,263.8,79.1,17268.5,12,108.0,1133.2,4.2,64,15745.9,5120.6,858.7,0,0
BGH-115,1122.6,1661.1,15.7,1134.4,2,279.4,79.3,12042.4,13,75.9,3522.1,7.0,86,16067.4,4565.9,1129.0,0,1
BGH-123,1185.6,1629.0,17.2,1138.9,3,293.7,77.5,18996.5,13,79.9,3023.7,3.5,64,15802.1,4524.4,1060.4,0,0
BGH-118,1220.6,1521.4,15.4,1109.7,1,294.0,77.4,16475.6,9,83.0,2692.9,4.9,54,15376.7,4769.0,1352.3,0,0
BGH-107,1209.3,1689.6,14.6,1203.5,1,250.0,83.9,12494.1,10,152.4,313.0,3.8,64,15156.5,4761.3,436.6,0,0
BGH-130,1253.0,1723.1,15.7,1163.4,4,314.5,78.0,16572.0,11,115.5,893.2,6.6,100,15280.3,4550.2,1947.3,0,0
BGH-120,1108.7,1424.5,15.9,1038.9,2,307.6,79.3,13633.1,8,83.6,2633.8,4.6,74,15208.6,5006.3,1074.5,0,0
BGH-116,1207.1,1320.0,14.8,1026.6,1,317.5,74.0,12328.4,7,125.4,661.4,3.8,100,16364.6,4899.0,896.3,0,0
BGH-122,1260.0,1497.6,14.1,1043.5,3,275.2,83.1,16565.1,6,140.3,432.4,6.3,54,15035.9,4982.1,1335.7,0,0
BGH-136,1203.0,1607.3,14.8,1158.4,4,296.5,70.4,12790.8,8,78.2,3224.9,6.7,86,15199.8,4856.1,1372.6,0,1
BGH-115,1142.9,1478.9,15.5,1014.5,2,261.8,78.4,12327.3,13,97.9,1585.2,5.1,74,15289.1,4582.6,675.0,0,0
BGH-105,1250.4,1302.3,15.1,1122.9,4,307.2,75.8,15969.4,9,57.1,7580.4,4.7,54,16193.1,4771.7,1303.8,1,0
BGH-107,1167.6,1532.5,16.4,1091.5,1,261.3,79.1,14792.8,5,65.4,5347.7,5.8,100,15805.3,4882.8,1101.4,0,0
BGH-124,1158.8,1093.3,15.9,1037.8,3,272.8,75.4,17023.0,9,135.4,495.6,5.9,100,15167.0,5132.9,1241.5,0,0
BGH-117,1152.5,1435.1,15.6,1112.4,3,284.4,80.8,14399.6,10,65.4,5347.7,6.0,64,15633.0,4888.9,1318.4,0,0
BGH-124,1190.1,1670.2,14.1,1091.2,3,291.6,70.3,14219.9,10,113.5,950.9,4.2,64,15248.9,4935.3,921.7,0,0
BGH-111,1209.2,1681.1,16.0,1140.3,1,289.2,76.1,10926.6,9,139.3,444.5,7.2,86,15556.6,5073.9,1126.0,0,0
BGH-114,1136.5,748.0,17.1,1018.7,5,257.1,82.5,16004.6,12,55.0,8303.2,4.0,64,15941.2,4957.9,604.5,1,0
BGH-125,1146.8,1461.5,16.2,1055.3,3,279.5,73.8,14964.4,9,119.4,792.1,4.7,64,15243.0,4888.2,1073.2,0,0
BGH-140,1165.3,1619.9,15.0,1056.3,5,314.6,70.8,17376.5,7,75.9,3522.1,4.3,64,15651.7,4783.5,1380.3,0,0
BGH-144,1152.3,1264.8,15.4,1133.1,3,311.1,77.4,16519.8,7,174.8,180.2,7.2,86,15895.5,5277.8,2254.1,0,1
BGH-125,1201.8,1425.6,15.9,1088.1,5,291.4,84.6,15664.2,8,107.7,1144.2,6.7,54,15195.7,4645.3,1633.9,0,0
BGH-146,1218.1,1741.5,16.6,1159.0,2,290.1,71.0,13538.5,12,152.8,309.8,6.7,74,15472.5,4729.9,1251.1,0,0
BGH-131,1211.2,1403.2,14.9,1080.1,2,257.8,71.1,14169.3,13,117.0,852.6,3.0,54,15464.4,4493.5,391.5,0,0
BGH-109,1211.3,1819.7,15.1,1111.0,3,264.0,78.9,16098.5,11,46.1,12378.1,6.1,54,17037.7,5187.9,956.8,1,0
BGH-115,1283.5,1351.8,15.5,1174.2,4,267.7,73.8,14896.8,6,128.6,602.1,4.0,54,15430.4,4880.0,786.1,0,0
BGH-106,1221.2,1782.0,15.4,1011.4,4,284.2,76.2,17836.4,13,173.2,187.1,7.4,100,15971.8,5053.8,1794.1,0,0
BGH-116,1239.2,1506.7,16.1,1101.4,1,301.2,82.5,17629.2,10,124.2,685.4,5.4,74,15373.8,4932.0,1608.1,0,0
BGH-122,1179.3,1324.3,15.7,1098.4,2,282.3,73.0,14499.2,10,154.7,295.0,5.5,74,15321.0,4998.3,1036.1,0,0
BGH-125,1247.2,1782.6,14.4,1060.6,2,258.8,80.8,15186.6,10,163.8,234.6,4.6,100,15226.2,4801.0,824.4,0,0
BGH-120,1176.9,1258.7,15.0,1091.8,4,280.8,77.6,13411.2,5,71.9,4117.1,5.4,100,15686.0,4305.3,1053.1,0,0
BGH-121,1220.6,1340.8,15.0,1115.6,3,261.4,83.6,14795.6,13,69.7,4493.1,6.4,64,16393.1,4978.8,819.6,0,0
BGH-106,1131.4,1598.0,13.7,1062.7,1,302.6,84.6,16899.8,10,125.5,659.5,5.5,100,14433.0,4890.0,1700.3,0,0
BGH-113,1208.3,1516.2,16.2,1102.8,2,261.7,77.3,13912.2,11,97.5,1607.0,5.9,86,15950.1,4890.2,933.1,0,0
BGH-114,1151.2,1554.8,15.6,1049.0,1,283.8,78.8,14266.1,5,157.6,273.9,5.1,100,15656.7,4964.3,1320.5,0,0
BGH-106,1246.8,1426.3,15.1,1089.8,2,298.5,81.2,12662.9,9,166.0,222.3,6.2,64,16232.2,4778.8,1415.4,0,0
BGH-108,1243.8,1260.1,16.2,1146.4,5,266.0,74.8,13873.2,7,89.5,2125.7,7.0,100,16351.4,4990.1,1212.9,0,0
BGH-147,1176.7,1369.5,15.7,1148.8,5,255.3,73.4,16227.2,13,73.2,3911.9,3.2,86,15332.0,4619.6,430.0,0,0
BGH-107,1302.5,1764.1,14.5,1158.6,1,289.4,84.5,14518.6,6,149.3,339.4,3.5,100,14836.0,4950.6,787.4,0,0
BGH-149,1185.7,1232.6,16.0,1094.9,4,253.8,76.5,12697.0,8,78.5,3188.3,6.1,54,15561.9,4698.0,827.8,0,0
BGH-122,1119.4,1828.9,16.6,1083.7,4,291.1,70.0,15424.2,7,155.2,291.2,4.7,74,15666.6,4898.9,1133.3,0,0
BGH-128,1161.0,1563.2,15.4,1136.9,2,302.7,82.6,14897.3,13,99.3,1511.5,4.3,86,15208.9,4917.6,1092.5,0,0
BGH-117,1147.8,1380.6,15.4,1158.3,5,273.1,79.0,17241.3,7,133.5,523.0,3.8,86,15703.8,5020.4,832.1,0,0
BGH-130,1219.0,1099.6,15.6,1104.2,5,284.2,72.5,14728.3,5,53.4,8906.9,5.6,86,16424.5,4581.6,1351.4,1,0
BGH-129,1138.2,1125.9,14.5,1175.6,1,315.0,70.5,13009.9,12,127.3,625.5,4.6,54,15853.8,4475.2,1119.3,0,0
BGH-138,1173.0,1428.8,15.6,1135.5,1,283.0,74.4,16926.6,5,103.2,1326.2,5.3,54,15672.8,4852.4,1471.5,0,0
BGH-134,1215.7,1404.6,14.8,1071.4,4,319.8,83.9,13060.9,5,122.1,729.9,7.3,74,15563.6,5336.7,1824.2,0,1
BGH-117,1206.9,1523.5,15.5,1077.5,4,261.0,84.0,12397.2,11,63.5,5783.5,6.4,64,15936.4,5122.6,764.4,1,0
BGH-141,1199.4,1843.8,15.6,1098.0,4,299.6,74.7,12920.0,13,143.2,399.5,6.6,74,16011.0,4804.8,1398.7,0,0
BGH-138,1206.3,1607.5,15.9,1021.5,3,295.7,82.5,13778.5,8,160.8,252.8,3.6,86,15337.3,5154.8,809.2,0,0
BGH-116,1181.5,1474.3,16.0,1072.3,5,311.1,76.6,11219.3,8,70.3,4386.8,4.5,86,15620.7,5200.4,965.9,1,0
BGH-113,1119.8,1743.4,14.8,1157.0,5,256.5,79.8,11546.7,9,53.4,8906.9,3.5,86,15227.8,4660.0,361.3,1,0
BGH-130,1180.2,1530.1,15.7,1167.3,1,269.6,75.0,16561.6,9,43.3,14100.3,7.4,74,15859.7,4871.4,1614.0,1,0
BGH-123,1223.4,1819.9,16.3,1114.3,5,259.3,77.7,14657.7,6,129.9,579.8,6.1,64,15842.3,4372.7,1003.5,0,0
BGH-134,1193.2,1365.6,14.6,1122.7,1,315.3,74.4,14669.7,13,125.0,669.3,3.1,64,15479.2,4842.5,870.1,0,0
BGH-143,1219.6,1270.4,16.9,1084.5,3,279.9,70.9,14887.3,13,116.5,865.9,5.1,74,15000.8,4704.6,889.1,0,0
BGH-144,1170.7,1099.9,14.7,1068.0,4,313.7,72.1,16128.3,13,72.5,4020.9,4.2,86,15658.1,5017.8,1116.0,0,0
BGH-133,1249.7,1478.9,16.8,1128.5,3,270.6,74.4,13362.0,13,94.7,1769.8,5.4,74,15843.5,4757.1,730.1,0,0
BGH-102,1072.2,1253.1,14.7,1078.0,4,258.8,84.6,16120.8,5,123.2,706.2,3.8,74,14640.1,4820.6,798.3,0,0
BGH-136,1207.1,1250.2,15.5,1184.5,4,270.8,84.5,15225.4,12,109.5,1079.7,3.3,100,16072.4,5153.2,493.6,0,0
BGH-142,1267.4,1706.9,15.3,1120.4,1,291.8,82.4,13084.6,12,178.3,166.1,4.5,100,14887.8,4500.6,913.8,0,0
BGH-139,1274.9,1155.6,14.4,1122.3,4,309.2,73.5,16218.0,8,59.1,6958.1,4.3,54,15182.1,4657.1,1334.3,1,0
BGH-125,1188.4,1520.7,16.1,1047.0,3,277.0,76.6,15114.5,5,137.3,469.9,6.2,54,14590.5,4997.0,1479.6,0,0
BGH-122,1133.7,1483.4,16.1,984.1,2,314.0,76.6,12906.9,5,96.6,1657.3,5.1,74,15751.1,4795.5,1259.4,0,0
BGH-143,1268.3,1518.4,16.0,1122.3,1,267.1,75.8,13058.7,5,99.9,1481.1,4.3,100,15492.8,4994.8,885.2,0,0
BGH-138,1197.4,1776.8,15.3,1075.2,4,298.5,70.7,15959.5,7,140.5,430.1,5.6,86,16212.1,5130.6,1518.2,0,0
BGH-114,1192.1,1334.9,14.9,1149.2,4,301.5,78.0,17028.9,7,136.9,475.2,3.3,54,15157.4,5102.7,983.0,0,0
BGH-148,1155.4,1777.0,16.4,1054.4,5,269.2,71.1,15565.2,8,178.8,164.2,6.0,86,16022.6,5099.9,1100.4,0,0
BGH-103,1137.5,1148.0,15.7,1073.4,1,251.9,82.0,16778.7,6,58.0,7292.8,3.7,86,15854.1,4927.6,714.7,1,0
BGH-128,1228.2,1630.1,14.9,1156.0,1,275.6,80.4,17465.3,13,54.6,8449.7,4.3,54,15646.0,4707.1,912.5,1,0
BGH-121,1233.5,1795.3,15.7,1121.8,3,253.2,75.3,14549.6,13,141.4,419.6,4.3,74,15412.7,4641.0,652.6,0,0
BGH-124,1210.1,689.2,14.2,1049.9,2,313.1,79.7,15329.1,11,121.0,754.5,5.1,100,14963.9,4786.9,1417.1,0,0
BGH-112,1161.8,1492.9,15.6,1101.7,3,316.7,73.5,16338.6,6,78.4,3200.5,7.3,54,15142.2,5036.9,2282.0,0,0
BGH-117,1146.8,1476.7,16.0,1195.2,3,301.5,74.0,12705.5,7,51.1,9864.2,4.5,64,15756.9,4980.8,926.2,1,0
BGH-132,1128.4,1514.4,15.4,1107.2,3,300.9,74.7,17068.5,12,52.0,9476.3,4.3,64,15025.3,5156.5,1238.4,1,0
BGH-115,1172.0,1842.3,16.1,1092.6,2,266.9,82.0,17726.7,13,165.2,226.7,3.8,86,15115.6,5175.5,855.6,0,0
BGH-144,1149.7,1347.3,16.2,1144.8,3,255.2,73.2,13523.7,8,66.9,5030.0,4.8,64,15391.2,4627.6,582.2,0,0
BGH-141,1114.5,1263.1,15.7,1117.6,1,306.1,78.4,20739.5,13,85.3,2474.3,3.8,86,15254.9,5103.2,1507.8,0,0
BGH-143,1232.6,1515.8,16.9,1172.2,2,289.1,73.0,16589.1,8,71.7,4149.7,3.6,100,15489.8,4873.4,997.6,0,0
BGH-101,1134.0,1724.9,16.6,1137.8,4,297.7,74.3,14694.8,6,89.7,2110.5,6.9,54,15838.3,4660.6,1880.0,0,0
BGH-134,1249.2,1611.7,16.0,1145.3,5,304.6,73.5,10845.5,11,49.7,10504.2,3.2,54,14864.8,5256.9,567.7,1,0
BGH-141,1219.7,1506.9,15.8,1174.6,5,278.7,79.7,14816.5,13,112.7,975.1,6.2,100,15776.8,4806.5,1119.8,0,0
BGH-133,1214.7,1454.2,15.3,1085.0,1,260.1,77.9,15843.9,6,49.5,10599.4,3.9,86,14254.9,5090.0,801.8,1,0
BGH-129,1283.3,1098.6,15.0,1070.1,5,305.7,80.8,15615.2,12,152.0,316.3,3.1,74,15419.9,5359.6,710.1,0,0
BGH-112,1135.7,1617.2,16.1,1032.7,5,281.8,73.3,12378.7,10,72.7,3989.4,6.6,64,15510.5,4537.6,1044.3,0,0
BGH-112,1243.7,1641.1,15.3,1089.5,5,307.9,70.1,13677.2,13,115.6,890.4,6.2,100,14567.9,4876.2,1292.0,0,0
BGH-117,1185.1,1361.5,14.7,1034.6,4,280.6,80.2,16360.4,9,163.2,238.1,4.5,64,14897.4,4738.4,1069.0,0,0
BGH-131,1328.6,1407.1,14.9,1118.3,5,265.2,71.7,16185.3,5,131.1,560.1,3.4,74,15390.7,4859.1,652.5,0,0
BGH-131,1181.0,1290.4,15.0,1069.3,3,262.0,73.7,16884.4,9,114.6,918.6,4.6,86,15273.3,4919.4,913.7,0,0
BGH-134,1172.9,1673.6,16.9,1148.1,1,302.1,74.6,15237.5,11,85.4,2465.2,3.8,64,15375.8,4770.0,932.4,0,0
BGH-138,1221.3,1426.8,16.2,1138.9,1,290.2,81.2,14936.6,11,86.6,2359.7,7.2,86,15681.4,5008.3,1893.4,0,0
BGH-145,1189.6,1470.1,15.5,1080.5,1,278.3,79.4,16023.0,8,133.7,520.0,5.4,74,15682.3,5115.7,1290.1,0,0
BGH-128,1162.1,1625.9,15.8,1148.8,4,284.4,72.8,15188.8,10,179.2,162.7,7.3,86,15850.8,4927.7,1366.1,0,1
BGH-148,1151.5,1565.4,15.9,1107.5,4,288.5,79.0,11939.9,10,132.7,535.0,4.6,74,14864.0,5020.7,841.5,0,0
BGH-128,1272.9,1612.7,14.8,1011.4,5,266.8,80.6,18040.9,5,118.1,824.2,5.5,54,16004.1,4821.2,1245.0,0,0
BGH-143,1141.8,1535.0,14.6,1050.6,3,276.5,75.8,16843.5,9,142.3,409.4,3.9,64,15447.6,4777.9,922.6,0,0
BGH-115,1211.2,1539.4,16.3,1063.8,5,270.5,73.7,15846.1,11,105.1,1245.5,6.6,64,14985.6,4829.1,1481.4,0,0
BGH-143,1252.8,1537.5,14.4,1100.5,1,277.2,80.2,12263.7,9,48.4,11141.0,3.2,74,14926.3,4945.2,604.1,1,0
BGH-146,1255.2,1590.6,15.5,1078.5,3,285.0,79.2,16675.4,12,118.7,809.2,6.1,74,16072.9,4825.6,1492.2,0,0
BGH-109,1169.9,1600.3,14.9,1073.6,1,262.1,71.2,14122.6,5,174.1,183.2,4.8,100,14863.5,4885.6,872.8,0,0
BGH-129,1189.7,1255.1,15.7,1129.0,3,277.5,80.0,16660.3,13,64.5,5549.3,5.6,74,16233.8,4688.4,1149.5,0,0
BGH-124,1180.0,1380.6,15.3,1139.3,2,277.0,77.3,16092.8,6,136.6,479.2,5.7,74,16670.3,5060.8,1309.2,0,0
BGH-138,1123.2,1459.3,15.9,1069.1,4,270.0,81.3,14320.3,12,68.1,4791.4,6.2,86,15624.6,4789.4,892.3,0,1
BGH-119,1226.9,1590.4,13.7,1057.5,4,319.9,72.9,17103.9,9,115.0,907.2,3.9,86,14910.5,5265.4,1276.2,0,0
BGH-104,1201.9,1819.5,16.4,1163.2,1,255.2,73.9,12616.3,11,53.5,8867.7,5.4,64,16049.3,5076.1,795.3,1,0
BGH-100,1272.0,1337.4,16.1,1236.3,1,295.0,78.1,15112.4,11,103.1,1330.6,4.9,86,15236.6,5101.4,1233.5,0,0
BGH-129,1158.8,1675.7,16.3,1052.9,2,262.2,77.2,18317.4,5,145.9,371.5,4.3,86,15291.4,4797.8,925.2,0,0
BGH-148,1254.4,1386.2,16.2,1144.6,5,308.8,75.8,15973.3,12,88.7,2187.4,5.2,64,15760.8,4836.8,1339.7,0,0
BGH-102,1258.0,1774.1,15.8,1093.0,3,314.0,81.2,16826.9,7,133.1,529.0,7.3,54,15263.0,4858.5,2330.9,0,0
BGH-144,1202.4,1882.5,15.0,1133.8,2,278.1,78.5,15158.7,8,151.4,321.3,7.3,100,15598.6,4927.7,1623.4,0,0
BGH-113,1091.5,1150.4,15.9,1052.4,2,307.6,80.7,14957.1,7,169.8,202.8,4.3,86,15161.0,5021.8,1188.1,0,0
BGH-129,1174.4,1434.7,15.7,1037.4,1,267.5,72.3,12558.9,6,72.8,3973.7,7.0,54,15785.3,4775.8,1154.7,0,1
BGH-149,1289.3,1030.0,16.2,1043.9,1,259.8,80.9,14688.2,11,95.9,1697.8,6.9,100,15273.6,5212.9,1026.8,0,0
BGH-103,1214.9,1162.0,16.0,1071.8,5,272.1,76.9,16347.5,9,61.3,6339.8,4.1,64,15241.8,4809.6,904.1,0,0
BGH-117,1234.7,1174.5,15.6,1088.3,5,273.9,70.5,12812.0,11,178.9,163.8,5.7,86,15288.7,4339.5,842.0,0,0
BGH-136,1195.5,1624.8,15.8,1147.3,1,277.8,73.5,13074.1,5,169.8,202.8,6.9,86,15173.6,4689.8,1390.0,0,0
BGH-124,1188.8,1587.4,15.9,1058.3,4,276.1,70.4,15838.6,6,115.6,890.4,5.3,74,16317.3,4919.1,1176.8,0,0
BGH-147,1106.6,1660.2,16.4,1068.1,5,278.8,76.9,16653.4,10,157.9,271.9,4.7,86,16647.3,4822.4,1007.8,0,0
BGH-100,1239.7,1621.6,16.9,1204.0,2,299.7,74.9,19030.2,10,112.9,969.0,5.9,86,15053.1,4992.4,1806.1,0,0
BGH-145,1254.0,1597.0,16.0,1102.7,1,267.2,84.8,14451.6,7,127.3,625.5,3.8,54,15640.3,4925.0,745.5,0,0
BGH-114,1152.5,1522.4,15.9,1114.3,3,251.3,83.0,14505.8,5,52.5,9268.3,3.7,54,15216.2,4843.9,598.6,1,0
BGH-108,1191.1,1473.8,15.3,1137.3,3,284.3,82.4,16663.2,7,145.7,373.5,6.7,86,15936.7,4682.0,1800.7,0,0
BGH-114,1184.3,1703.9,15.2,1073.8,4,281.4,77.5,16141.2,8,57.9,7324.2,3.2,100,14389.3,5096.5,754.4,0,0
BGH-148,1221.0,1502.5,14.9,1099.1,1,254.2,82.1,14483.5,5,155.6,288.2,6.6,64,15489.0,4599.0,1161.5,0,0
BGH-123,1172.8,1605.0,12.9,1083.9,2,259.4,74.0,14943.3,11,149.5,337.6,4.3,54,15525.7,4717.5,697.7,0,0
BGH-103,1246.6,1033.9,14.8,1095.8,4,285.7,78.4,13743.5,7,139.2,445.8,5.2,100,14562.5,5188.2,1039.3,0,0
BGH-111,1203.6,1265.0,15.4,1142.2,2,266.4,75.9,12687.9,12,45.1,12964.2,5.4,86,15843.8,4792.1,789.9,1,0
BGH-136,1072.5,1696.0,15.3,1133.7,3,311.4,72.6,14729.7,11,82.4,2753.5,6.5,74,14757.8,4436.2,1718.9,0,0
BGH-136,1222.1,1366.3,15.9,985.9,2,262.1,71.1,18045.3,10,76.8,3402.2,7.0,54,16295.0,4971.6,1463.1,0,0
BGH-142,1249.8,1220.9,14.9,1149.9,3,251.4,78.4,13562.9,12,90.4,2058.5,6.6,54,15817.3,5090.8,738.6,0,1
BGH-105,1142.4,1628.3,14.9,1082.7,5,281.3,71.5,12130.0,13,52.3,9350.9,5.6,74,15461.4,4571.6,773.4,1,0
BGH-138,1220.4,1500.3,13.8,1119.7,3,319.0,80.8,12992.6,6,171.2,196.2,4.6,86,15342.5,4913.1,1143.5,0,0
BGH-145,1291.5,1418.6,15.9,1079.6,3,294.4,83.8,16063.2,13,117.5,839.6,5.4,54,15428.1,5316.1,1205.3,0,0
BGH-123,1205.6,1801.8,14.8,1097.4,4,274.8,72.4,15857.6,9,82.8,2712.9,3.1,86,15511.7,5205.2,614.0,0,0
BGH-110,1257.1,1767.5,14.9,1165.8,4,251.2,77.1,17541.5,5,95.6,1715.5,4.1,100,16474.0,5233.2,783.4,0,0
BGH-112,1177.9,1462.4,16.0,1116.8,1,283.9,81.1,17123.1,5,102.6,1352.9,4.6,54,15994.4,4803.7,1284.9,0,0
BGH-133,1199.1,1644.5,14.8,1163.2,1,264.5,74.3,15595.2,11,124.1,687.5,4.4,86,14855.5,4806.4,776.2,0,0
BGH-124,1189.8,1052.3,15.8,1097.5,3,295.3,83.8,16301.1,10,112.2,990.7,3.4,100,14902.2,5200.5,928.4,0,0
BGH-106,1180.6,1718.7,14.5,1092.3,5,290.8,83.3,13501.2,13,168.7,208.3,3.2,54,15245.8,4969.5,529.0,0,0
BGH-103,1192.6,1282.7,15.5,1100.6,1,268.6,71.6,16378.5,5,109.6,1076.3,4.9,64,14905.6,5134.7,972.4,0,0
BGH-107,1118.5,1209.6,15.0,1036.5,3,254.8,70.4,14782.3,11,178.9,163.8,3.3,86,15520.6,4854.2,539.0,0,0
BGH-119,1183.5,1142.9,15.3,965.4,4,302.9,84.6,16701.4,12,159.2,263.1,4.3,100,16161.3,5091.5,1032.3,0,0
BGH-128,1266.9,1127.5,16.7,1061.0,1,291.0,84.3,15837.4,8,69.2,4584.0,5.1,64,15265.2,4807.2,1410.4,0,0
BGH-144,1151.8,1716.1,14.2,1151.4,1,308.9,76.3,14053.3,5,170.3,200.4,3.9,86,15431.7,4734.9,1048.6,0,0
BGH-145,1146.7,1626.2,16.6,1171.0,3,268.2,70.8,12799.1,7,56.3,7847.0,3.4,54,14877.6,4964.7,618.4,1,0
BGH-109,1203.1,1346.8,14.8,999.9,3,295.7,79.3,13999.4,6,154.4,297.2,4.9,86,15476.3,4766.1,1157.4,0,0
BGH-142,1205.6,1671.0,16.2,1164.3,2,258.3,74.4,15369.3,7,93.3,1858.3,5.0,100,15555.9,4566.8,866.7,0,0
BGH-133,1218.9,1381.0,16.4,1070.4,2,270.4,84.1,13367.9,10,162.9,239.9,7.1,54,15662.3,4515.8,1268.9,0,0
BGH-125,1194.3,1564.7,15.8,1028.7,5,296.0,81.9,14694.3,7,161.5,248.4,3.6,54,15002.8,5055.7,918.9,0,0
BGH-140,1203.6,1403.5,14.5,1153.0,1,307.8,79.7,17175.3,8,152.8,309.8,5.8,54,15963.4,4896.9,1905.9,0,0
BGH-148,1182.5,1476.0,15.7,1074.7,2,272.5,74.3,17349.8,5,150.6,328.0,4.4,74,15834.4,4709.0,903.8,0,0
BGH-102,1136.2,1318.4,17.5,1230.8,3,305.9,80.5,15956.3,10,82.7,2723.0,3.6,100,15678.5,4960.2,870.3,0,0
BGH-105,1196.4,1348.0,15.5,1066.3,1,297.4,74.3,17726.6,6,51.3,9776.5,4.8,64,15298.5,5042.7,1453.7,1,0
BGH-104,1236.2,1608.8,15.4,1086.2,2,274.4,70.6,12469.3,8,96.4,1668.8,4.9,54,15547.9,4968.9,766.6,0,0
BGH-104,1225.8,1641.0,15.3,1051.2,5,311.3,77.6,17595.1,9,64.3,5595.2,4.6,100,15036.3,5019.4,1386.7,0,0
BGH-146,1112.8,1417.2,15.9,1107.5,5,285.6,77.3,12280.3,9,137.3,469.9,6.4,74,15416.6,4957.3,1082.6,0,0
BGH-122,1212.6,1194.9,15.4,1139.9,5,295.4,81.4,15020.1,8,88.5,2203.2,6.8,74,15429.5,4756.9,1603.4,0,0
BGH-148,1155.4,1994.2,15.7,1013.5,5,284.7,83.0,13374.2,7,176.6,172.8,3.7,54,15046.1,5052.2,732.4,0,0
BGH-108,1269.6,1507.3,15.3,1132.8,3,281.7,75.3,16477.8,8,129.7,583.2,3.8,100,15226.1,4686.2,850.0,0,0
BGH-134,1216.3,1562.4,14.7,1079.6,5,309.4,76.7,11868.2,7,155.1,291.9,4.9,74,16233.9,4982.6,1048.5,0,0
BGH-119,1244.8,1247.7,17.4,1057.0,4,270.6,77.1,11470.3,7,58.6,7108.0,4.4,54,15799.3,4724.4,634.3,0,0
BGH-148,1201.1,1743.0,15.4,1029.9,5,252.6,74.9,13691.1,8,160.7,253.4,6.7,86,16129.1,4441.1,899.6,0,0
BGH-141,1196.7,1773.6,18.1,1148.9,2,311.6,81.2,13549.6,13,169.2,205.8,7.5,86,15169.7,4518.4,1746.1,0,1
BGH-134,1274.8,1158.4,15.8,1114.3,1,307.8,77.8,13858.1,13,108.2,1125.9,3.8,86,14814.7,4552.0,941.5,0,0
BGH-149,1248.6,1479.5,16.0,1070.9,2,275.7,83.7,13650.1,12,124.9,671.3,6.4,64,15102.1,4944.2,1019.8,0,0
BGH-117,1205.9,1463.9,15.3,1139.0,1,263.0,79.8,16374.6,8,147.1,359.8,5.7,100,16272.3,5135.9,1324.5,0,0
BGH-116,1190.0,1977.7,15.0,1126.5,3,297.3,73.2,14830.5,6,64.5,5549.3,5.9,86,15652.5,5141.7,1433.6,0,0
BGH-123,1114.6,1788.7,15.3,1143.4,1,255.5,72.5,18098.2,13,110.4,1049.0,4.2,74,15375.2,5012.2,800.7,0,0
BGH-102,1216.2,1209.8,14.8,1182.0,4,279.7,75.6,15461.7,10,95.8,1703.7,3.4,64,15442.9,4884.6,666.8,0,0
BGH-131,1193.7,1354.4,14.8,1110.9,5,256.0,75.2,16764.5,12,60.5,6557.1,5.4,86,16201.5,4528.7,801.1,0,0
BGH-134,1227.7,1321.4,16.9,1196.6,2,291.9,76.1,16159.7,8,91.5,1979.8,5.8,54,14952.6,4970.1,1370.9,0,0
BGH-137,1242.9,1574.3,16.1,1171.4,1,251.9,72.8,13203.5,12,49.5,10599.4,7.3,74,16297.0,4925.6,925.3,1,0
BGH-112,1261.6,1814.4,16.7,1139.2,2,294.0,84.7,13958.4,10,43.6,13903.3,6.0,64,15523.7,4859.9,1312.7,1,0
BGH-146,1216.8,1521.8,16.4,1015.4,5,297.1,72.2,16988.3,10,58.9,7017.6,5.0,64,15361.9,5101.4,1229.8,1,0
BGH-124,1147.7,1600.2,15.0,1105.5,3,284.1,79.8,11447.7,10,174.8,180.2,7.5,74,15853.2,4691.9,1263.2,0,0
BGH-108,1092.5,1367.1,14.3,1112.3,5,262.3,70.2,15973.3,13,116.9,855.3,4.7,86,16144.1,5049.1,832.0,0,0
BGH-103,1158.8,1599.2,15.1,1110.8,3,257.1,76.1,14643.5,5,175.2,178.5,3.7,54,16591.1,4824.7,635.4,0,0
BGH-113,1266.7,1405.6,15.6,1094.5,2,271.9,74.6,13510.2,5,100.5,1451.4,5.8,54,15945.5,5028.0,1156.3,0,0
BGH-136,1291.2,1171.8,16.4,1132.3,3,282.6,75.7,14467.4,9,83.7,2624.1,4.2,54,14463.4,5171.8,937.7,0,0
BGH-133,1188.1,1586.2,15.5,1139.0,3,295.0,77.5,18240.7,5,110.9,1032.4,7.1,64,15829.8,4682.5,2092.2,0,0
BGH-110,1127.0,1498.0,17.9,1016.4,3,250.1,79.0,11552.5,13,101.5,1403.5,4.9,86,15674.6,4768.1,587.6,0,0
BGH-140,1167.6,1280.6,15.2,1167.7,3,299.8,78.8,12562.6,8,54.8,8376.1,3.7,74,15876.5,4802.7,725.5,0,0
BGH-102,1256.9,1829.1,16.0,1026.2,3,299.9,79.5,11124.0,6,129.7,583.2,3.6,100,15459.3,5165.6,715.1,0,0
BGH-127,1170.4,1346.7,15.0,1079.7,1,281.1,82.7,14124.0,7,70.2,4404.3,5.9,54,15644.9,5111.0,1344.1,0,0
BGH-128,1229.5,1621.8,15.8,1055.6,3,274.0,83.3,13750.8,13,126.7,636.6,4.6,74,15517.9,4834.7,837.1,0,0
BGH-108,1208.4,1427.5,15.4,1063.9,3,309.0,81.1,15321.1,12,131.0,561.7,4.6,74,15320.5,5042.4,1212.3,0,0
BGH-102,1235.5,1808.7,15.3,1154.3,5,304.9,71.2,14041.0,7,61.3,6339.8,5.8,54,15525.9,4803.6,1424.6,1,0
BGH-124,1290.9,1452.5,15.0,1106.1,5,318.8,84.4,15901.9,12,48.6,11040.2,4.0,100,16563.9,4780.6,1217.0,1,0
BGH-133,1229.5,1165.1,15.6,1134.1,5,276.0,84.2,13424.5,8,149.3,339.4,3.7,64,15287.1,5006.4,561.0,0,0
BGH-111,1207.3,1662.0,16.2,1131.6,3,313.5,80.7,19194.9,10,104.4,1274.6,6.0,64,15136.3,5018.6,2014.6,0,0
BGH-141,1296.4,1807.9,14.7,1004.2,5,256.1,77.8,16229.9,8,48.1,11294.1,3.0,86,15476.7,4710.0,448.5,1,0
BGH-108,1217.5,1414.5,15.5,1072.1,1,278.8,73.8,16031.4,9,179.3,162.3,7.1,64,14936.6,4827.2,1510.3,0,0
BGH-114,1160.4,1635.8,15.9,1137.4,2,282.6,81.3,16253.0,13,48.1,11294.1,3.8,74,14692.5,4862.3,765.6,1,0
BGH-139,1234.4,1525.9,16.0,1132.8,5,280.9,83.2,12908.1,6,137.3,469.9,5.0,64,14848.2,4525.0,986.4,0,0
BGH-124,1222.4,1423.5,17.0,1012.2,5,293.8,80.0,14506.5,13,177.7,168.4,4.0,86,14934.8,4816.2,886.8,0,0
BGH-104,1184.6,1668.2,16.0,1151.5,1,261.9,79.4,14593.0,7,73.5,3866.2,4.0,74,17024.6,4937.1,757.4,0,0
BGH-110,1174.1,1340.0,15.2,1130.8,4,310.7,72.9,14056.0,9,59.9,6725.6,6.8,74,15032.4,4748.9,1828.7,1,0
BGH-133,1185.1,1506.5,15.0,1051.9,4,288.6,75.4,14305.8,11,57.0,7613.2,5.6,100,15522.7,4718.9,1185.7,1,0
BGH-123,1173.4,1551.5,15.0,1120.4,1,313.3,80.8,16658.6,6,82.5,2743.3,4.4,54,14997.7,4929.1,1402.4,0,0
BGH-114,1186.7,1544.2,15.0,1088.5,5,250.2,70.3,14882.6,8,54.1,8636.8,4.1,54,15629.1,4880.9,627.3,1,0
BGH-137,1157.9,1344.9,15.7,1124.6,2,294.1,79.6,15599.2,5,136.9,475.2,4.0,54,16078.0,4972.6,1164.8,0,0
BGH-107,1219.3,1911.9,15.8,1010.0,5,278.9,81.5,11622.2,7,48.7,10990.2,5.5,86,16300.5,4883.0,897.8,1,0
BGH-104,1215.6,1752.4,16.2,1082.4,1,285.4,75.0,11503.4,10,111.3,1019.4,6.3,64,15315.0,5023.3,1098.1,0,0
BGH-147,1217.3,1698.1,16.0,1159.0,1,302.1,71.1,13112.1,6,179.5,161.6,4.1,54,15118.8,5083.4,1028.6,0,0
BGH-125,1196.9,1786.6,16.5,1126.9,3,265.9,82.3,18278.9,12,154.0,300.3,4.5,64,15933.4,5043.5,894.4,0,0
BGH-117,1191.1,1513.8,15.0,1139.6,1,264.3,72.1,19017.1,11,126.1,647.9,6.2,54,16250.7,5043.1,1210.5,0,0
BGH-105,1272.1,1425.7,16.8,1088.3,3,299.2,75.6,16966.0,7,82.9,2702.9,6.3,100,15507.1,5087.3,1849.2,0,0
BGH-136,1203.4,1282.2,15.0,1128.2,1,286.5,80.6,14211.3,5,127.3,625.5,3.9,64,15669.3,4791.0,941.5,0,0
BGH-147,1263.2,1359.3,15.8,1091.8,3,266.4,82.3,15853.0,8,113.8,942.0,4.7,86,15047.8,4630.5,845.7,0,0
BGH-112,1150.2,1297.2,15.3,1053.8,3,283.9,82.9,17524.4,8,99.7,1491.1,6.9,86,15198.1,4985.2,1705.5,0,0
BGH-127,1229.5,1394.4,15.5,1087.4,5,282.2,78.0,18708.8,9,58.3,7199.7,6.3,64,15427.3,5134.7,1643.1,1,0
BGH-104,1163.3,1555.3,16.0,1172.7,3,298.4,77.1,12700.0,7,164.1,232.9,3.7,86,14769.6,4804.8,861.1,0,0
BGH-112,1172.2,1682.8,14.3,1156.6,4,250.2,82.7,15408.2,6,103.0,1335.0,4.7,74,16096.8,5004.4,652.8,0,0
BGH-116,1179.4,1677.3,14.8,1050.4,1,291.1,78.4,14354.8,6,67.2,4969.1,7.4,86,14652.7,5213.3,1754.8,1,0
BGH-149,1176.3,1265.7,16.1,1079.1,2,292.4,78.7,16172.1,12,91.5,1979.8,5.4,100,15431.8,4871.6,1390.6,0,0
BGH-139,1176.5,1637.8,15.5,1053.8,1,302.2,76.5,15104.6,11,98.0,1579.8,6.2,100,15432.2,4618.0,1491.2,0,0
BGH-144,1260.9,1728.8,15.3,1109.0,5,312.2,75.6,12999.4,5,155.9,286.0,3.4,64,15448.7,5227.3,845.6,0,0
BGH-131,1202.3,1449.2,14.6,1149.9,5,280.8,77.2,15789.6,13,142.7,405.0,6.7,86,15801.5,4940.1,1141.2,0,0
BGH-128,1211.3,1739.6,15.3,1201.6,3,274.0,75.5,13606.9,7,147.7,354.1,5.7,64,15929.1,4906.0,979.3,0,0
BGH-102,1177.1,1675.2,16.0,1028.6,5,257.2,75.2,14929.3,7,41.5,15350.7,3.8,54,15251.4,5045.8,616.9,1,0
BGH-139,1242.8,1247.1,15.0,1142.9,5,273.6,84.9,15025.2,5,98.3,1563.7,4.7,74,15052.9,4848.9,979.9,0,0
BGH-133,1217.8,1938.3,16.6,1099.6,1,254.8,75.0,18374.1,8,107.4,1155.4,3.4,64,15069.6,5229.7,773.2,0,0
BGH-139,1184.6,1356.9,16.4,1081.6,4,306.2,73.8,15641.3,6,42.7,14503.8,6.5,64,15411.8,4885.6,1945.2,1,1
BGH-126,1120.8,1691.5,15.2,1053.2,4,306.5,75.3,14821.6,7,76.4,3454.9,6.4,64,15231.5,4518.6,1697.9,0,0
BGH-112,1210.8,1684.2,15.0,1189.0,3,279.2,78.9,16448.5,5,146.4,366.6,5.2,64,15165.3,4815.5,1258.4,0,0
BGH-144,1228.8,1255.2,13.3,1018.6,5,268.2,83.7,13231.7,7,59.2,6928.5,5.0,100,14549.7,4504.2,870.1,1,0
BGH-132,1151.1,1535.8,14.6,1075.5,5,258.3,81.8,15201.9,8,114.9,910.1,5.1,74,16228.8,4878.8,885.4,0,0
BGH-105,1185.2,1681.8,14.6,1118.4,4,309.6,82.6,16268.9,10,70.1,4421.9,3.2,54,15376.6,5381.9,948.9,0,0
BGH-123,1226.9,1253.1,14.4,1122.7,3,311.4,82.9,16177.6,7,41.7,15205.7,4.7,74,15103.5,4692.1,1446.4,1,0
BGH-118,1121.5,1519.9,15.5,1162.3,5,268.6,83.8,13940.9,10,73.8,3821.1,3.6,64,16107.7,4807.4,594.2,0,0
BGH-115,1167.6,1698.5,15.7,1056.0,3,293.5,73.5,15727.9,6,176.6,172.8,3.8,100,14699.4,4636.6,962.4,0,0
BGH-139,1218.8,1711.4,17.0,1131.2,1,268.1,76.9,16360.6,12,152.2,314.6,7.3,54,15631.6,4786.8,1363.9,0,0
BGH-127,1255.3,1420.6,15.6,1096.9,5,265.8,75.8,13189.8,9,174.3,182.3,4.2,64,15721.9,4932.4,627.6,0,0
BGH-132,1309.3,1808.9,13.9,1102.0,5,251.5,75.7,13791.8,5,108.3,1122.2,5.2,64,15465.6,4480.4,878.2,0,0
BGH-147,1297.9,1761.1,14.9,1077.0,5,290.4,79.8,14355.2,10,55.4,8159.7,7.0,86,15758.5,4988.0,1388.6,0,1
BGH-140,1207.2,1548.2,16.0,1108.1,4,260.5,76.0,19659.1,7,116.7,860.6,4.9,74,15284.6,4824.3,1095.1,0,0
BGH-112,1175.8,1368.2,15.4,1092.9,4,250.9,79.2,13504.0,8,103.6,1308.7,5.4,74,15253.0,4775.6,634.5,0,0
BGH-142,1246.2,1266.8,16.2,1082.2,5,257.3,75.7,15650.3,12,158.2,269.8,3.8,74,15235.0,4656.7,516.5,0,0
BGH-144,1172.8,1575.5,15.1,1073.7,5,272.0,74.7,14293.9,12,53.7,8790.0,4.3,86,15804.4,4903.5,699.8,1,0
BGH-124,1161.9,1792.9,16.4,1118.6,1,296.8,75.3,13124.9,12,108.4,1118.6,5.3,100,15638.8,5227.4,1163.9,0,0
BGH-141,1184.7,1470.6,15.7,1033.5,1,264.2,82.1,16395.8,9,61.0,6420.3,4.6,100,14993.9,5065.4,1076.4,0,0
BGH-135,1178.5,1328.2,15.7,1090.4,3,312.1,79.0,12178.4,5,85.5,2456.2,3.2,100,14230.4,5121.3,742.3,0,0
BGH-126,1220.6,1665.0,15.6,1061.6,3,270.2,84.6,17887.1,13,143.2,399.5,4.8,54,15609.2,4613.0,979.0,0,0
BGH-137,1169.9,1534.9,14.9,1093.9,4,273.2,82.5,12921.3,13,106.6,1185.9,6.7,86,15590.2,5296.2,944.4,0,0
BGH-106,1204.3,1603.2,15.5,1094.5,2,265.3,77.3,13668.9,12,92.6,1904.5,3.5,86,15388.9,4811.1,552.4,0,0
BGH-104,1279.7,1394.9,15.7,1143.3,1,267.8,73.6,16143.7,7,95.2,1739.4,3.1,100,15620.0,5050.8,645.5,0,0
BGH-142,1206.1,1426.0,14.4,1133.0,3,255.2,80.1,16505.0,10,104.3,1278.8,3.5,100,16466.0,4910.8,513.8,0,0
BGH-144,1275.8,1394.0,15.6,1114.6,1,270.6,80.9,15466.6,11,149.9,334.1,6.1,100,15421.6,4892.9,1250.2,0,0
BGH-130,1260.1,1599.8,16.5,1108.6,1,310.2,77.0,13934.4,8,164.9,228.4,6.6,86,15316.4,5073.2,1745.1,0,0
BGH-122,1229.6,1432.1,15.8,1090.5,2,298.2,73.4,11813.1,11,173.7,184.9,3.2,100,15136.0,5155.0,605.5,0,0
BGH-141,1182.3,1618.5,16.6,1089.5,1,311.3,78.4,14820.2,13,150.2,331.5,7.0,74,16006.4,4569.2,1897.7,0,0
BGH-109,1252.0,1375.7,15.8,1012.6,2,257.3,73.8,13299.9,10,84.2,2576.2,5.8,100,15947.9,4555.0,834.8,0,0
BGH-131,1187.5,1599.5,14.8,1136.7,2,281.9,84.1,19824.1,6,136.3,483.2,5.3,74,15635.4,4845.9,1298.7,0,0
BGH-142,1199.9,1640.8,16.1,1113.3,1,266.0,79.4,15266.0,10,101.3,1412.9,4.1,64,15777.6,4987.3,679.6,0,0
BGH-129,1216.5,1566.3,14.6,1160.0,1,300.5,74.4,12421.6,7,75.7,3549.4,4.7,64,14570.5,4933.4,1065.4,0,0
BGH-138,1199.7,1683.4,15.3,1072.3,3,317.9,73.2,14335.6,11,157.7,273.2,7.3,86,15648.2,4699.5,2002.2,0,1
BGH-130,1164.0,1403.7,15.3,1163.0,1,307.1,80.8,16515.9,7,45.4,12785.1,7.1,54,16195.8,5048.6,2178.3,1,0
BGH-117,1123.6,1638.5,15.0,1090.4,1,252.5,80.6,17325.0,12,166.2,221.3,5.8,64,15919.7,5131.3,985.5,0,0
BGH-135,1248.0,1546.7,17.4,1071.3,1,272.2,79.0,14381.3,9,104.6,1266.2,5.6,86,15617.3,4860.7,1195.5,0,0
BGH-101,1228.5,1338.1,15.4,1177.3,3,252.0,79.2,14762.8,7,129.2,591.7,3.9,86,15526.1,4997.4,647.4,0,0
BGH-113,1114.0,1118.6,16.9,1118.2,2,252.8,79.1,16129.6,5,132.3,541.2,7.3,74,16685.8,4502.8,1413.5,0,0
BGH-112,1162.7,1161.4,15.8,1183.6,3,255.6,75.4,13128.6,9,165.3,226.2,6.4,74,16864.9,4747.9,895.1,0,0
BGH-128,1209.0,1058.3,14.8,1108.5,1,269.3,84.1,15694.5,7,129.1,593.5,4.7,100,15405.3,5013.0,870.5,0,0
BGH-111,1222.1,1585.2,15.2,1140.4,5,271.3,77.2,15571.3,8,126.0,649.8,6.7,64,15884.4,4834.8,1111.4,0,0
BGH-138,1124.1,1435.0,15.5,1151.4,1,278.0,70.3,16067.2,8,49.3,10695.6,4.0,74,15040.7,4751.5,876.0,1,0
BGH-101,1195.5,1517.4,15.2,1085.9,3,278.3,75.2,14922.3,7,112.6,978.2,4.0,54,15902.4,4848.0,817.3,0,0
BGH-131,1227.0,1463.9,15.3,1117.3,3,304.0,72.0,11870.9,10,61.0,6420.3,6.6,86,15771.1,5065.8,1455.4,0,0
BGH-112,1182.4,1616.3,16.0,1107.7,4,259.9,75.5,15455.5,10,143.2,399.5,5.5,100,14726.0,4782.6,892.6,0,0
BGH-145,1212.8,1622.2,15.8,1141.6,5,261.0,79.1,13247.9,5,111.7,1006.5,5.5,74,15898.3,4740.5,801.3,0,0
BGH-126,1175.6,1508.6,16.1,1046.7,3,293.9,70.3,18451.8,8,135.2,498.4,5.6,74,15282.0,4974.6,1635.8,0,0
BGH-148,1245.5,1520.7,16.7,1130.1,2,290.0,83.1,18509.0,5,45.8,12550.7,3.6,74,15320.2,4929.2,1247.8,1,0
BGH-140,1160.0,1528.7,15.1,1146.0,1,260.8,79.2,12710.4,11,51.9,9518.5,4.6,64,14910.3,5083.6,670.8,1,0
BGH-116,1142.9,1778.4,16.4,1065.9,2,309.7,74.4,13289.9,11,140.3,432.4,5.6,74,15146.5,4805.5,1415.8,0,0
BGH-139,1201.4,1099.1,16.6,1055.9,3,273.0,74.7,10384.3,10,50.1,10316.6,4.1,86,15081.0,4979.3,511.9,1,0
BGH-130,1128.3,1365.9,16.5,1017.1,3,275.7,77.0,16470.9,6,50.0,10363.2,5.3,74,15599.6,4619.5,1060.7,1,0
BGH-133,1094.7,1673.1,14.1,1203.9,2,279.4,73.7,13853.8,8,41.7,15205.7,5.5,54,15357.8,4918.8,1149.3,1,0
BGH-123,1254.2,1721.6,16.9,1063.4,2,272.6,70.1,15541.3,7,173.9,184.0,7.2,74,15857.7,5128.6,1568.7,0,0
BGH-144,1150.8,1585.4,15.0,1170.9,4,289.0,70.4,13921.7,12,143.3,398.4,4.1,100,14872.5,4480.1,838.6,0,0
BGH-134,1133.3,1463.2,14.0,1089.6,1,277.2,75.4,11795.7,6,89.5,2125.7,5.0,100,14983.7,4989.5,897.2,0,0
BGH-147,1159.4,1872.3,16.9,1154.9,2,268.2,71.9,15421.3,6,81.5,2847.5,7.4,54,15717.7,4789.4,1820.1,0,0
BGH-105,1157.2,1535.6,15.9,1129.0,1,313.3,70.3,17577.6,5,89.0,2164.0,3.8,100,14777.0,4931.2,1278.0,0,0
BGH-118,1192.9,1506.2,15.9,1205.1,5,271.6,82.9,14944.0,13,148.5,346.7,6.5,64,15614.1,4731.7,957.3,0,0
BGH-129,1145.3,1766.4,15.2,1172.3,3,298.9,74.1,12946.1,7,132.6,536.6,3.8,86,15384.1,4940.1,841.4,0,0
BGH-106,1224.9,1595.1,15.6,1110.7,2,274.3,77.5,14703.6,12,65.9,5239.3,6.8,86,16592.4,4933.0,1216.8,0,0
BGH-109,1232.3,1688.0,15.4,1115.5,5,280.5,72.7,16026.6,11,64.4,5572.2,5.2,64,15134.6,4601.9,1020.5,1,0
BGH-140,1136.3,1711.4,15.0,1134.0,3,266.5,70.7,14596.3,5,53.8,8751.4,7.4,100,14975.3,4939.4,1399.1,1,0
BGH-131,1169.1,1425.5,15.5,1234.1,4,302.7,81.2,12802.9,10,132.4,539.6,3.8,54,15158.3,5249.7,781.3,0,0
BGH-133,1173.8,1853.5,15.6,1103.4,3,301.6,71.9,19039.6,12,147.0,360.7,6.1,54,15494.7,4832.9,1789.5,0,0
BGH-127,1191.7,1007.6,14.4,1035.4,2,251.6,70.4,11974.9,10,77.1,3363.3,6.1,86,16765.1,4689.3,685.2,0,0
BGH-114,1254.1,1104.1,15.5,1112.2,5,254.2,78.8,19549.2,13,42.9,14367.8,6.2,54,16212.4,4758.4,1118.5,1,0
BGH-129,1257.0,1364.0,14.1,1068.0,5,314.6,70.2,14814.4,7,51.5,9689.6,3.5,64,15315.2,4996.5,992.0,1,0
BGH-136,1324.9,1415.3,17.0,1110.6,5,312.2,76.5,16794.4,10,175.5,177.2,4.3,86,15495.5,4781.4,1381.7,0,0
BGH-128,1086.5,1572.5,15.4,1157.6,3,285.4,74.3,15430.4,8,81.4,2858.1,4.5,74,15235.7,5027.4,1058.0,0,0
BGH-121,1153.8,1362.1,14.6,1125.2,1,284.5,74.8,13244.6,7,147.7,354.1,4.5,64,14791.2,5313.9,1026.4,0,0
BGH-103,1290.7,1497.6,15.9,1070.3,1,306.9,70.1,17657.8,12,127.5,621.8,6.0,64,16129.4,5235.3,1917.0,0,0
BGH-119,1110.0,1459.0,14.9,1089.9,3,259.7,84.5,16231.9,11,93.5,1845.4,3.2,54,15203.6,5106.6,578.4,0,0
BGH-131,1289.6,1900.9,15.5,1046.7,2,295.8,77.8,14808.8,11,68.8,4658.2,6.3,54,16140.9,5069.3,1475.4,0,0
BGH-135,1207.4,1339.0,15.9,1163.8,3,283.3,78.6,16455.3,9,57.0,7613.2,5.4,54,15435.6,5118.3,1237.0,1,0
BGH-149,1209.2,1163.4,14.7,1141.0,1,302.0,80.0,14725.3,5,126.1,647.9,3.8,74,15734.2,4945.0,1070.6,0,0
BGH-103,1136.0,1723.8,17.1,1045.6,3,252.1,82.0,10597.7,10,148.4,347.6,4.0,64,16003.5,4611.6,488.7,0,0
BGH-126,1177.4,1357.2,17.1,1226.1,5,291.5,79.1,11578.7,10,130.1,576.5,3.4,100,15043.4,5135.0,638.7,0,0
BGH-116,1287.4,1481.7,15.1,1089.2,2,289.0,81.4,14955.8,7,114.2,930.2,5.1,86,15430.0,4602.4,1162.1,0,0
BGH-111,1197.6,1370.8,14.6,1114.8,2,308.9,76.7,14364.7,9,45.9,12492.9,5.7,54,15601.4,4799.1,1566.6,1,0
BGH-121,1177.8,1647.4,15.1,1083.1,4,297.4,75.6,14820.9,13,175.6,176.8,5.6,54,16013.5,4989.1,1189.6,0,0
BGH-116,1220.3,1225.1,15.1,1121.0,3,311.6,82.3,14319.7,11,151.8,317.9,7.3,64,14934.3,4715.2,2000.0,0,0
BGH-109,1190.4,940.2,16.4,1104.7,5,312.1,83.0,12756.7,12,81.0,2901.2,4.3,74,16355.3,5304.0,846.5,0,0
BGH-100,1217.3,1759.1,15.1,1030.1,3,278.6,72.1,12234.8,13,177.2,170.4,6.4,54,15415.9,4773.4,1054.8,0,0
BGH-121,1157.5,1549.5,14.6,1158.7,4,259.6,78.1,13308.4,10,124.3,683.4,6.3,74,15546.4,4570.7,881.6,0,0
BGH-125,1196.1,1714.5,15.6,1058.6,4,294.1,80.3,16508.6,9,121.5,743.2,3.3,74,16071.1,4985.6,732.9,0,0
BGH-117,1167.9,1752.4,14.3,1145.9,3,311.2,71.3,13365.8,9,144.7,383.7,7.2,100,15243.3,4738.4,1841.2,0,0
BGH-149,1109.8,1316.7,16.4,1088.4,3,255.2,83.9,17084.3,9,153.6,303.4,7.2,74,16496.8,4680.2,1121.6,0,0
BGH-113,1224.1,1512.1,16.0,1103.2,3,289.1,77.8,12926.7,8,131.9,547.4,4.8,100,15035.1,5005.8,888.1,0,0
BGH-146,1138.3,1601.1,15.0,1124.1,1,258.0,79.7,17370.2,6,57.9,7324.2,4.9,86,15927.0,5026.4,957.1,1,0
BGH-128,1191.8,1478.3,15.1,1106.9,4,251.9,72.7,13968.8,11,87.4,2292.3,6.7,74,15636.9,4917.7,970.2,0,0
BGH-111,1246.3,1437.6,15.7,1137.2,2,297.6,74.0,14383.9,11,169.9,202.3,5.2,86,15438.1,4880.2,1159.0,0,0
BGH-135,1125.1,1457.3,14.6,1064.6,1,297.7,71.8,14401.3,12,71.4,4199.3,6.6,74,16115.6,4593.8,1427.2,0,0
BGH-134,1230.2,1716.7,14.9,1151.8,5,292.0,74.0,16164.2,12,92.1,1938.3,3.2,100,14668.9,5037.5,742.5,0,0
BGH-111,1185.0,1448.2,15.3,1048.5,2,310.1,77.4,15504.2,12,100.5,1451.4,4.1,100,15773.8,4945.1,1053.0,0,0
BGH-106,1151.7,1620.0,14.4,1054.4,2,255.7,82.5,15278.3,13,101.5,1403.5,3.4,86,15431.8,4924.6,534.1,0,0
BGH-128,1301.1,1569.4,15.1,1129.0,2,257.4,78.0,14838.2,10,125.8,653.7,5.0,64,16041.9,4737.3,828.9,0,0
BGH-110,1200.0,1307.2,14.6,1152.5,4,310.5,73.7,13861.2,8,172.0,192.5,6.8,64,14683.2,4937.9,1769.5,0,0
BGH-132,1171.6,1560.4,16.6,1114.2,5,285.2,70.7,17193.8,6,73.7,3836.1,5.6,64,15653.4,4749.6,1215.7,0,0
BGH-105,1161.0,1192.3,15.2,1174.6,1,269.1,79.3,15171.9,9,57.0,7613.2,5.3,74,15263.5,4938.3,1141.1,1,0
BGH-146,1244.1,1580.3,14.7,1058.3,5,301.7,76.3,16148.3,10,67.6,4889.2,4.6,64,15060.9,4565.7,1300.9,0,0
BGH-114,1169.4,1678.2,16.0,1041.7,1,312.6,84.8,15400.3,11,164.2,232.3,3.3,86,14694.6,5263.4,972.3,0,0
BGH-131,1237.8,1724.3,15.0,1141.9,4,298.3,81.7,14156.9,10,130.4,571.5,6.4,64,15540.9,4926.1,1503.4,0,0
BGH-110,1199.9,1309.5,14.6,1106.1,5,305.4,82.1,19790.8,8,80.0,3012.3,5.6,86,14729.4,4820.6,1872.1,0,0
BGH-122,1255.8,1392.8,16.2,1140.3,2,269.8,70.2,17460.3,8,154.2,298.8,7.2,86,15000.9,4783.6,1857.8,0,1
BGH-125,1147.9,1556.8,15.2,1048.6,5,270.2,81.7,13919.8,11,160.6,254.0,4.9,74,14784.5,5110.5,677.8,0,0
BGH-133,1154.8,1404.8,16.2,1077.8,4,310.5,72.9,19105.1,5,158.5,267.8,4.8,100,14610.0,4713.6,1540.4,0,0
BGH-145,1185.9,1114.2,15.5,1187.1,4,293.0,78.8,16854.7,7,168.6,208.8,7.4,74,15231.3,4757.0,2162.9,0,1
BGH-133,1190.1,1391.7,15.6,1089.9,4,266.4,76.7,12814.0,6,75.3,3604.7,3.6,74,14809.0,4666.1,496.9,0,0
BGH-128,1182.3,1556.0,16.0,1171.3,1,286.7,78.6,16764.0,6,145.7,373.5,4.1,54,14880.4,4958.2,1232.5,0,0
BGH-103,1331.6,1713.5,15.0,1138.8,5,298.0,72.0,15832.3,11,104.5,1270.4,5.2,64,15040.0,4997.4,1105.6,0,0
BGH-116,1303.2,1837.8,14.9,1085.7,2,265.3,76.9,15331.1,9,157.9,271.9,5.4,64,15264.7,4918.0,1053.3,0,0
BGH-134,1215.0,1525.0,16.5,1170.6,2,295.8,70.6,17029.5,7,142.0,412.8,5.5,86,15355.9,4995.8,1538.8,0,0
BGH-112,1220.8,1613.3,16.0,1116.3,3,253.0,70.6,15681.7,13,148.7,344.8,4.0,100,15324.0,5087.9,602.2,0,0
BGH-140,1188.2,1692.2,15.4,1100.7,4,271.3,79.9,10980.3,13,131.9,547.4,7.2,64,16114.1,4798.4,977.2,0,1
BGH-138,1147.5,1089.9,16.1,1096.0,2,297.2,84.3,12293.2,7,64.8,5481.1,6.2,64,15056.9,4711.6,1261.2,0,0
BGH-114,1190.9,1296.2,15.9,1121.9,4,260.5,81.7,13288.9,6,116.3,871.3,4.2,100,15860.0,4720.4,734.1,0,0
BGH-128,1238.6,1520.5,16.3,1043.6,2,265.6,77.0,18991.2,7,177.9,167.6,4.3,64,14500.5,4740.9,1040.7,0,0
BGH-128,1265.3,1811.2,14.6,1145.0,5,311.5,70.8,16303.4,13,171.2,196.2,7.0,54,15691.2,5105.2,1880.1,0,0
BGH-110,1249.8,1626.0,15.4,1122.1,3,297.2,70.7,16082.2,12,46.0,12435.4,4.7,64,14703.6,5063.8,1261.2,1,0
BGH-131,1124.5,1565.9,16.4,1071.4,4,284.9,72.4,15215.7,7,63.1,5880.4,5.5,54,14756.5,4400.1,1347.6,1,0
BGH-101,1185.5,1454.4,16.8,1036.6,1,264.8,84.6,13156.9,8,58.4,7169.0,3.5,74,15497.7,4967.8,582.4,0,0
BGH-146,1126.6,1585.4,15.1,1087.5,1,273.9,76.0,12092.7,9,141.6,417.3,4.1,74,15407.4,4998.1,604.4,0,0
BGH-113,1258.4,1380.7,15.6,1112.5,2,290.2,82.7,16991.6,8,154.5,296.5,4.9,54,16187.0,4765.3,1339.3,0,0
BGH-119,1179.4,1344.0,15.5,1107.8,5,260.9,80.6,18326.8,6,69.9,4457.3,6.0,86,15495.1,4738.3,1100.0,1,0
BGH-121,1197.6,1361.4,14.5,1107.5,4,283.7,79.1,16355.1,13,110.8,1035.7,4.3,54,15098.0,4701.3,883.9,0,0
BGH-110,1224.0,1768.1,15.3,1133.7,3,278.6,84.2,14018.4,6,157.7,273.2,7.3,86,15112.5,4597.2,1443.4,0,0
BGH-126,1338.3,1331.9,14.2,1042.5,5,283.4,73.5,14182.0,9,142.6,406.1,4.0,100,15406.1,4796.6,682.1,0,0
BGH-102,1213.4,1420.2,15.4,1096.7,2,257.4,76.8,16386.3,13,115.9,882.2,6.5,100,16516.3,5114.8,1001.0,0,0
BGH-116,1188.1,1594.2,14.7,1114.9,5,257.5,83.0,14766.9,12,122.6,719.0,4.6,54,14984.2,4731.4,707.6,0,0
BGH-143,1137.9,1324.0,15.6,1123.0,3,317.5,78.3,14685.3,5,111.2,1022.6,6.8,86,14998.7,4845.5,1910.6,0,0
BGH-127,1272.9,1545.2,15.3,1144.9,5,318.6,73.7,13923.0,7,81.7,2826.3,7.2,74,15473.7,4706.8,1918.0,0,1
BGH-128,1190.9,1545.2,15.2,1089.8,4,279.8,73.1,13673.3,13,119.1,799.4,3.8,54,15913.1,4520.1,657.1,0,0
BGH-120,1282.9,1375.1,16.7,1102.7,2,305.2,81.3,14759.3,7,136.4,481.9,5.2,54,15221.4,4882.7,1468.4,0,0
BGH-146,1255.3,1448.2,15.6,1062.9,3,295.9,70.2,11832.6,8,162.3,243.5,3.7,86,15702.7,5117.3,692.4,0,0
BGH-115,1176.9,1311.3,17.0,1119.4,2,258.2,83.7,16238.6,7,129.1,593.5,6.2,100,15724.5,4936.3,1294.6,0,0
BGH-136,1130.4,1776.6,15.9,1056.5,4,270.8,70.3,11265.6,11,146.6,364.6,6.7,74,16080.9,4721.1,871.6,0,0
BGH-119,1213.6,1551.5,16.2,1128.7,3,272.0,79.5,17130.7,13,62.4,6054.4,4.8,86,15404.2,4996.9,1097.8,0,0
BGH-105,1169.3,1290.3,14.8,1159.1,3,291.7,79.1,13944.6,8,104.6,1266.2,4.8,86,14825.9,4834.8,1140.3,0,0
BGH-118,1202.0,1525.3,14.9,1123.4,2,290.6,78.7,14762.1,13,41.3,15497.2,3.9,74,15772.1,4650.2,809.7,1,0
BGH-104,1252.5,1534.3,15.5,1164.2,5,314.6,77.1,16116.1,6,74.5,3718.3,4.4,54,15511.9,4500.1,1356.7,0,0
BGH-102,1117.3,1051.4,16.5,1077.3,5,305.3,82.8,14424.2,6,141.7,416.2,4.5,54,15482.8,4874.8,1093.4,0,0
BGH-100,1213.2,1768.1,15.2,1040.1,1,310.0,79.9,13523.2,13,178.9,163.8,3.7,64,14781.2,5401.3,910.3,0,0
BGH-137,1238.0,1302.1,14.4,1091.9,1,312.4,81.7,15572.9,11,53.9,8713.0,4.4,74,14356.7,4689.5,1242.1,1,0
BGH-114,1240.4,1918.0,15.8,1069.3,3,306.1,71.7,19396.7,9,96.2,1680.3,7.1,86,15818.5,4723.9,2339.5,0,1
BGH-133,1131.8,1659.1,15.6,1075.3,2,273.3,70.7,16575.6,9,152.0,316.3,4.5,64,14638.4,5087.9,1073.8,0,0
BGH-134,1221.0,1274.6,15.1,988.9,3,265.1,70.4,13484.1,13,68.6,4695.8,4.2,64,15191.7,4675.4,614.9,0,0
BGH-148,1260.2,1437.1,15.2,1108.8,2,290.0,72.2,14296.0,8,117.7,834.4,4.7,64,15589.1,4944.1,1102.1,0,0
BGH-124,1217.2,1684.5,14.8,1101.1,4,298.3,80.0,14045.4,5,142.6,406.1,7.3,54,14706.1,4679.5,1730.0,0,0
BGH-123,1194.2,1452.4,16.2,1142.2,1,277.1,77.4,12936.7,10,126.2,646.0,6.4,100,15695.3,4553.7,1118.8,0,0
BGH-111,1257.0,1735.6,15.5,1127.7,3,309.4,81.3,16199.7,7,66.3,5154.4,3.9,64,14956.7,4687.9,1181.6,1,0
BGH-117,1165.3,1424.8,15.7,1091.2,4,317.2,72.9,14347.9,6,89.8,2103.0,6.4,86,15300.5,4905.1,1756.9,0,0
BGH-114,1123.5,1484.3,15.0,1145.6,5,289.9,75.5,15635.5,8,149.7,335.9,6.4,54,14693.2,5229.8,1400.8,0,0
BGH-143,1190.0,1690.0,16.6,1144.3,1,282.0,83.3,9770.3,13,117.6,837.0,7.3,100,15685.7,4794.5,910.1,0,0
BGH-115,1226.8,1620.7,15.7,1075.7,2,309.0,84.0,16380.0,12,40.7,15946.4,7.0,100,16137.7,5050.0,1844.4,1,0
BGH-126,1251.9,1315.0,13.8,1109.8,5,251.7,83.8,13816.0,11,146.5,365.6,3.4,64,15406.0,4717.4,419.9,0,0
BGH-107,1226.5,1586.8,15.9,1175.5,5,259.0,82.3,12989.5,6,44.9,13085.2,5.0,64,16652.1,4850.0,664.5,1,0
BGH-145,1241.8,1533.5,15.3,1116.3,4,309.2,80.3,12324.6,5,144.4,386.8,6.2,54,14833.9,4635.7,1462.0,0,0
BGH-124,1252.3,1317.7,15.4,1058.9,3,301.2,83.7,13160.3,11,68.3,4752.9,7.4,64,16769.9,4801.4,1443.5,1,0
BGH-116,1183.0,1221.9,16.3,1043.9,3,279.1,80.7,14144.3,9,174.1,183.2,3.4,54,15773.2,4819.3,634.4,0,0
BGH-128,1192.6,1113.7,15.6,1026.4,4,312.2,84.3,16777.4,12,91.5,1979.8,4.7,100,16181.0,5158.4,1432.8,0,0
BGH-107,1264.4,1441.1,16.9,997.6,5,274.6,70.4,14112.6,9,85.8,2429.5,5.2,86,16603.8,4794.7,757.1,0,0
BGH-114,1139.5,1489.2,15.6,1075.8,1,294.4,83.8,16965.5,9,60.8,6474.6,4.9,86,15645.2,4903.4,1475.7,1,0
BGH-126,1221.5,1600.9,15.1,1091.3,5,294.4,78.3,15584.3,12,82.8,2712.9,5.1,74,14835.4,5122.4,1051.8,0,0
BGH-145,1164.2,1664.1,14.0,1051.2,4,262.9,71.7,18638.7,13,162.7,241.1,4.7,74,15850.5,4980.8,806.9,0,0
BGH-149,1255.0,1417.2,14.9,1065.8,5,269.9,73.2,13998.2,6,179.5,161.6,7.4,74,14851.0,4971.1,1348.2,0,0
BGH-106,1199.1,1483.4,15.2,1052.3,5,314.1,82.8,15827.5,12,91.6,1972.8,6.6,86,16047.7,4603.0,1877.7,0,0
BGH-102,1200.4,1348.3,16.7,1021.0,5,262.8,77.6,17497.6,11,102.8,1343.9,6.3,64,17035.5,5053.7,1029.0,0,0
BGH-128,1286.4,1517.4,15.1,1091.5,5,262.2,84.7,16260.7,12,141.1,423.0,4.8,54,15952.9,5141.0,753.1,0,0
BGH-143,1146.2,1693.7,16.8,1133.4,1,283.6,71.8,14659.4,7,164.1,232.9,7.0,86,15311.5,5076.1,1763.2,0,0
BGH-123,1210.8,1520.2,14.6,1074.5,2,256.5,76.2,14024.8,8,123.0,710.4,3.4,74,15930.1,5044.2,518.5,0,0
BGH-102,1191.0,1732.7,14.9,1156.8,2,312.6,75.0,11112.7,11,94.8,1763.7,3.6,74,15721.1,5025.1,698.6,0,0
BGH-119,1226.6,1690.4,16.4,1107.7,3,257.0,77.7,14520.9,9,97.8,1590.6,7.3,64,16171.1,5097.0,1125.7,0,0
BGH-145,1296.5,1791.5,15.0,1144.7,2,293.2,79.5,13155.1,11,137.4,468.6,5.6,74,15777.4,4894.8,1133.9,0,0
BGH-114,1169.7,1525.8,16.4,1101.6,2,273.8,79.9,13916.5,10,40.5,16099.4,3.7,74,15013.6,5111.1,655.1,1,0
BGH-124,1140.1,1393.5,14.8,1133.6,2,306.3,70.0,15103.3,8,126.7,636.6,7.3,54,15698.3,5036.9,2109.5,0,1
BGH-129,1159.5,1624.2,14.9,1029.5,5,291.3,71.3,11877.8,6,89.8,2103.0,7.4,64,16053.6,4933.8,1302.8,0,0
BGH-113,1188.4,1425.4,16.0,1142.1,5,277.2,70.5,13014.4,10,151.2,322.9,7.0,100,15682.6,5049.1,1173.0,0,0
BGH-106,1203.2,1618.0,14.9,1100.3,1,318.9,83.0,15774.7,10,53.0,9065.5,4.1,100,15071.7,4958.3,1237.4,1,0
BGH-116,1205.7,1367.4,15.3,1154.9,5,254.6,74.7,12470.0,10,122.3,725.5,4.3,74,15751.9,5033.7,453.3,0,0
BGH-143,1290.1,1334.3,15.8,1087.4,5,290.4,75.5,14909.6,5,107.3,1159.2,4.8,74,15491.7,5083.3,1257.0,0,0
BGH-119,1281.2,1743.3,15.3,1187.1,2,319.3,76.8,12196.6,10,129.9,579.8,5.6,54,15475.1,4865.6,1251.7,0,0
BGH-135,1265.1,1297.5,15.0,1126.7,1,298.4,82.7,16052.7,6,49.1,10792.8,7.5,100,15719.0,4990.0,2303.5,1,1
BGH-108,1325.7,1704.4,14.5,1054.7,1,301.8,70.2,16314.2,9,121.2,750.0,7.3,64,15593.5,4566.8,2129.2,0,0
BGH-137,1241.2,1617.2,16.7,1156.4,2,252.2,71.8,17469.8,11,118.6,811.7,7.1,64,16249.5,4916.5,1240.8,0,1
BGH-147,1255.4,1518.9,16.8,1047.1,2,251.5,80.3,17490.4,5,118.5,814.2,3.4,86,15804.9,4394.2,635.6,0,0
BGH-121,1240.2,1121.5,15.8,1044.3,1,252.5,84.5,15548.3,9,124.5,679.3,6.4,86,15828.7,5080.5,1039.8,0,0
BGH-101,1232.0,1797.1,15.3,1164.4,4,319.4,79.6,11476.6,13,134.7,505.5,6.9,64,15474.9,4603.9,1515.1,0,0
BGH-123,1219.7,1313.0,15.4,1116.8,2,318.6,73.9,15004.2,7,152.7,310.6,4.5,86,15180.7,4887.4,1291.8,0,0
BGH-107,1180.2,1690.6,16.2,1103.6,2,273.4,77.8,15915.8,6,77.8,3274.4,4.0,54,15018.4,5156.8,866.6,0,0
BGH-110,1137.7,1361.8,16.3,1074.8,1,270.4,84.6,15241.9,6,155.5,289.0,6.4,74,15572.3,4978.0,1486.3,0,0
BGH-112,1193.5,1345.8,15.1,1141.6,4,260.2,77.9,18325.5,7,109.8,1069.4,3.4,64,14309.9,4785.2,671.2,0,0
BGH-116,1228.3,1633.7,16.4,1086.4,4,273.0,75.6,17595.3,5,50.8,9997.5,7.2,100,15955.1,4767.0,1719.7,1,0
BGH-107,1203.6,1607.7,16.0,1110.1,3,275.9,75.8,15052.4,6,48.2,11242.8,3.7,100,16306.1,5091.8,790.4,1,0
BGH-120,1146.7,1271.0,16.3,1043.6,4,302.4,84.5,16491.6,10,86.8,2342.7,5.1,64,15187.5,4737.6,1294.6,0,0
BGH-117,1191.7,1787.4,14.2,1097.1,2,310.6,80.8,12067.2,12,149.9,334.1,7.4,86,16220.9,4913.0,1651.6,0,1
BGH-129,1189.1,1458.8,15.2,1108.8,5,302.3,80.3,15378.4,8,139.1,447.0,7.4,86,15714.1,4743.0,1876.9,0,0
BGH-117,1196.9,1513.8,15.4,1126.7,1,295.3,73.5,12472.4,6,150.4,329.8,6.5,64,14991.6,4984.3,1385.0,0,0
BGH-145,1224.5,1440.6,15.1,1116.9,2,303.6,78.4,14641.9,9,112.4,984.4,6.8,64,14982.7,4995.1,1858.7,0,0
BGH-146,1235.3,1279.4,17.0,1083.3,1,301.7,75.4,13642.5,7,101.6,1398.8,7.4,64,15740.6,4808.4,1915.6,0,0
BGH-130,1175.0,1647.0,15.2,1114.2,4,283.3,73.6,13697.6,9,60.6,6529.5,7.2,54,15473.4,4664.5,1354.7,1,0
BGH-137,1249.1,1557.9,15.9,1149.0,1,273.5,83.4,13375.2,7,85.9,2420.6,5.8,100,16520.3,4763.9,1079.9,0,0
BGH-131,1256.6,1339.0,15.6,1025.8,2,269.8,75.7,14199.7,8,100.8,1436.8,6.3,54,15673.4,4582.9,1039.4,0,0
BGH-110,1216.0,1688.8,15.3,1091.7,5,297.6,74.2,13856.3,9,52.4,9309.5,5.7,54,14851.9,4610.2,1212.0,1,0
BGH-144,1233.2,1511.0,14.9,1110.4,2,317.2,84.0,16266.6,11,70.9,4283.3,5.3,74,15309.6,5086.6,1446.5,0,0
BGH-124,1249.2,1515.3,17.1,1053.9,3,290.7,73.0,14471.2,6,123.8,693.6,7.0,54,14726.7,4956.4,1742.5,0,0
BGH-132,1145.1,1855.3,15.3,1146.5,1,313.9,81.2,14908.8,10,143.0,401.7,6.3,100,14402.2,4761.1,1725.5,0,0
BGH-137,1252.7,1178.4,16.2,1130.0,2,251.0,79.8,15582.1,10,179.8,160.5,6.9,86,15928.2,5073.3,1134.1,0,1
BGH-140,1160.5,1175.8,15.5,1149.9,4,305.6,83.8,15575.7,10,170.6,199.0,3.4,100,15246.8,5054.2,810.2,0,0
BGH-107,1165.4,1220.8,15.1,1208.0,4,309.8,82.5,12862.3,11,130.0,578.2,5.6,64,15778.2,4988.0,1134.3,0,0
BGH-110,1209.8,1572.7,15.6,1116.5,2,294.2,80.6,14471.4,7,99.0,1526.9,4.5,64,15268.3,5131.1,1052.0,0,0
BGH-121,1092.8,1428.2,15.7,1085.8,3,315.4,74.7,15474.5,9,129.1,593.5,5.3,64,16447.9,5110.1,1569.2,0,0
BGH-123,1208.8,1444.1,15.1,1146.9,1,291.3,77.4,13238.2,13,150.0,333.2,5.8,54,15676.4,5014.4,1113.3,0,0
BGH-140,1249.1,1311.5,14.9,1070.6,3,266.8,84.2,13012.3,13,56.6,7745.8,6.8,74,16431.9,4820.9,1095.1,1,0
BGH-116,1117.7,1833.1,15.9,1123.2,5,265.1,70.3,12653.7,11,97.4,1612.5,3.1,86,15541.8,4913.3,427.3,0,0
BGH-111,1254.5,1900.2,15.6,1151.8,2,288.9,81.9,15404.0,13,157.6,273.9,3.7,54,15721.9,4571.7,793.4,0,0
BGH-145,1165.1,1679.8,15.0,1141.6,3,313.5,73.8,14412.3,7,93.7,1832.5,7.1,64,15926.3,4952.7,1957.8,0,0
BGH-131,1210.3,1198.5,14.7,1170.4,5,255.1,72.8,14697.3,11,120.1,775.4,7.4,100,16571.5,4886.7,1046.1,0,0
BGH-114,1172.3,1402.6,15.8,1086.3,3,292.3,73.5,11439.7,5,122.3,725.5,3.2,64,15104.2,4933.6,639.2,0,0
BGH-115,1228.6,1665.5,14.0,1135.5,5,303.9,70.9,15141.8,11,65.8,5260.8,4.5,100,15984.5,4508.4,1183.6,0,0
BGH-121,1251.2,1490.8,15.3,1104.6,4,258.1,84.9,15241.2,7,90.7,2036.7,3.0,86,14719.2,4493.5,507.7,0,0
BGH-127,1232.4,1680.4,15.6,1112.7,4,258.2,83.0,15526.9,7,86.8,2342.7,6.4,64,16764.2,4390.3,1151.0,0,0
BGH-119,1199.8,1749.6,16.9,1112.7,2,275.6,77.8,17884.3,11,43.7,13838.4,6.1,86,15134.1,4579.3,1629.1,1,0
BGH-132,1176.2,1881.4,15.5,1126.9,3,269.2,80.7,13480.6,12,43.4,14034.3,5.5,64,15470.5,4869.5,747.7,1,0
BGH-109,1196.5,1369.0,15.3,1098.3,4,263.9,78.3,15975.5,8,156.4,282.4,6.1,64,15093.1,4841.8,1109.5,0,0
BGH-139,1232.8,1516.3,15.7,1029.0,1,263.9,82.2,15668.9,5,78.2,3224.9,5.4,100,15480.3,4886.7,1209.3,0,0
BGH-131,1234.5,1411.8,14.9,1107.7,4,259.1,82.7,15910.6,9,112.5,981.3,4.1,74,15825.1,4801.8,619.1,0,0
BGH-149,1227.5,1099.8,15.3,1118.1,4,292.8,73.5,14379.2,8,81.8,2815.8,6.4,100,16019.7,4703.8,1332.4,0,0
BGH-132,1135.9,1640.3,15.5,1097.9,3,298.2,76.9,16527.0,13,171.7,193.8,6.5,54,15792.2,4754.4,1519.5,0,0
BGH-101,1198.8,1612.7,16.0,1121.8,5,299.2,79.5,13541.3,7,76.3,3468.2,6.8,86,16567.0,4841.9,1555.4,0,1
BGH-132,1168.3,1390.6,15.0,1093.8,1,287.3,84.7,14060.6,8,100.2,1466.2,7.3,86,15565.5,5005.5,1705.0,0,0
BGH-132,1233.2,1180.4,15.5,1086.4,1,316.7,80.2,14629.6,7,162.2,244.1,6.4,74,15646.7,5050.7,1791.4,0,0
BGH-140,1161.8,1423.2,14.1,1169.6,5,311.6,83.5,14541.2,7,157.9,271.9,3.2,64,16066.6,4966.0,888.0,0,0
BGH-112,1222.6,1646.2,15.9,1212.9,3,317.0,82.7,15747.2,11,66.1,5196.7,3.1,86,15853.0,4580.9,887.0,0,0
BGH-129,1185.9,1767.5,15.3,1144.0,4,277.2,78.7,15520.6,9,152.4,313.0,6.3,74,15430.5,4831.2,1389.6,0,0
BGH-132,1106.0,1357.5,17.0,1071.3,5,311.4,83.4,15537.7,9,104.1,1287.3,3.3,54,14769.9,4987.0,942.0,0,0
BGH-112,1246.5,1721.5,15.8,1111.3,1,303.4,75.7,17643.5,8,107.6,1148.0,4.4,86,15415.4,4763.3,1485.3,0,0
BGH-125,1198.7,1624.5,14.8,1107.5,1,273.8,75.7,14584.1,12,58.7,7077.7,3.6,54,15185.0,5316.1,754.7,0,0
BGH-121,1263.8,1582.6,14.6,1133.5,4,257.5,81.7,17112.5,5,51.3,9776.5,7.4,100,16268.6,4688.3,1534.3,1,0
BGH-138,1116.7,1241.3,16.0,1109.4,4,297.8,72.0,12871.0,13,141.9,413.9,4.4,86,14722.7,4831.9,796.5,0,0
BGH-101,1185.4,1250.0,16.9,1130.8,2,259.6,74.6,14743.4,13,109.5,1079.7,3.2,86,15442.3,4848.6,493.0,0,0
BGH-137,1189.2,1333.8,16.7,1189.4,5,270.6,79.1,14865.9,9,101.2,1417.7,7.3,64,15491.5,4533.6,1144.7,0,0
BGH-138,1213.5,1434.7,14.5,1007.8,4,285.0,76.3,12383.4,5,142.1,411.6,5.7,54,15593.7,4527.1,998.4,0,0
BGH-125,1133.7,1860.1,15.7,1074.7,2,297.6,84.1,15090.1,6,147.2,358.8,3.2,100,15712.4,4835.6,903.1,0,0
BGH-145,1227.2,1367.6,16.4,1148.0,3,314.8,84.4,15231.6,6,62.2,6105.2,6.8,74,16858.8,4291.8,1981.7,1,0
BGH-149,1295.6,1654.3,14.4,1097.8,1,291.5,77.5,16194.7,10,125.4,661.4,3.7,100,15443.5,4969.6,1033.7,0,0
BGH-114,1223.7,1407.0,16.3,1129.6,5,297.0,78.1,15964.2,13,58.9,7017.6,6.6,86,16331.1,4771.3,1525.5,1,0
BGH-133,1204.6,1594.5,14.9,1090.5,3,271.7,80.9,12445.0,7,145.2,378.5,5.7,54,15285.1,4725.4,833.2,0,0
BGH-141,1131.1,1487.4,15.3,1178.0,5,298.1,76.9,17391.9,12,132.0,545.8,3.8,86,14186.4,5005.8,973.8,0,0
BGH-143,1161.3,1535.4,15.7,1158.1,5,280.6,72.9,14075.1,6,173.9,184.0,6.4,74,16301.8,4701.8,1163.3,0,0
BGH-148,1197.2,1573.9,16.4,1114.9,4,310.0,81.2,13790.3,9,49.7,10504.2,5.0,74,15578.2,4732.8,1273.7,1,0
BGH-139,1173.5,1450.1,16.7,1183.7,2,277.5,81.1,15980.5,8,48.0,11345.6,5.9,86,15573.2,4507.1,1203.1,1,0
BGH-110,1251.3,1574.9,15.2,1115.5,5,282.8,73.7,16702.1,9,79.5,3069.7,6.9,86,15444.9,4545.0,1554.6,0,1
BGH-102,1226.7,1746.8,15.1,1103.3,3,280.3,82.5,14055.7,8,76.6,3428.4,4.2,86,15664.2,5098.8,799.9,0,0
BGH-105,1334.6,1349.2,15.1,1173.5,5,306.8,79.2,14911.3,5,74.6,3703.9,4.6,54,14343.7,4781.7,1271.8,0,0
BGH-108,1151.0,1737.2,16.1,1030.0,2,316.8,73.5,16822.3,5,166.9,217.5,7.5,64,14986.7,4849.6,2413.9,0,0
BGH-105,1201.7,1447.0,16.3,1108.4,1,272.9,79.8,13138.7,10,74.9,3661.0,5.3,74,15365.5,4756.3,818.0,0,0
BGH-108,1130.8,1425.8,16.2,1117.7,5,283.3,73.5,9402.8,12,78.1,3237.2,5.5,54,15817.9,5000.8,698.9,0,0
BGH-138,1088.9,1639.9,15.7,1088.9,3,299.4,74.0,16075.5,11,146.3,367.5,4.3,74,15640.1,4740.1,1083.5,0,0
BGH-130,1236.1,1431.8,15.8,1062.7,1,312.7,82.7,16830.0,8,103.0,1335.0,4.9,86,15724.4,4722.5,1577.8,0,0
BGH-131,1224.8,1563.8,15.3,1096.4,1,284.6,83.9,11811.3,9,148.7,344.8,5.3,74,15463.3,4565.4,945.6,0,0
BGH-140,1157.3,1545.1,15.4,1024.5,4,257.6,73.9,14959.6,12,49.2,10744.1,4.2,100,16045.1,4902.5,577.8,1,0
BGH-149,1204.7,1083.3,16.2,1177.7,4,275.8,83.9,14003.9,10,108.3,1122.2,4.1,74,14875.0,5044.4,680.8,0,0
BGH-111,1168.5,1583.5,15.7,1180.2,5,288.5,73.6,15257.3,12,44.7,13207.4,5.7,100,15341.1,4991.0,1277.7,1,0
BGH-107,1175.3,1211.8,15.1,1103.7,3,279.2,71.8,10863.1,10,48.8,10940.5,3.8,54,14935.6,5103.1,553.6,1,0
BGH-107,1184.0,1227.0,16.4,1084.5,4,263.1,70.9,12465.4,12,166.9,217.5,5.5,54,16068.4,4851.2,684.7,0,0
BGH-149,1155.2,1573.3,15.0,1026.1,2,252.6,73.6,15897.5,8,59.5,6840.7,6.2,100,15725.4,4908.3,929.3,1,0
BGH-127,1164.2,1607.3,15.6,1067.3,2,298.1,75.8,14733.6,6,114.5,921.5,3.9,74,15623.7,5098.7,1001.1,0,0
BGH-119,1165.6,1741.0,14.5,1174.1,1,319.5,83.9,18009.0,7,97.6,1601.5,6.4,54,15694.1,4686.2,2205.2,0,0
BGH-146,1221.1,1282.1,14.7,1100.4,1,314.3,73.6,16177.1,9,88.6,2195.3,4.6,74,15297.3,5158.7,1423.7,0,0
BGH-106,1061.3,1351.7,15.5,1074.3,1,297.8,75.5,13074.0,8,166.0,222.3,7.5,64,15198.8,4966.8,1876.1,0,0
BGH-110,1188.6,1592.9,14.9,1102.3,2,308.9,81.0,16438.8,9,43.1,14233.3,7.4,64,15719.7,5076.3,2327.4,1,0
BGH-119,1145.6,1744.9,15.3,1073.0,4,267.9,74.5,18416.9,5,132.9,532.0,6.6,100,15724.8,4990.0,1530.2,0,0
BGH-115,1147.4,1538.4,16.5,1021.2,4,293.6,80.3,14855.4,5,174.9,179.8,4.5,100,15833.6,4596.4,1062.8,0,0
BGH-103,1173.7,1324.4,15.4,1084.7,5,254.2,76.5,15805.6,6,118.4,816.7,7.2,74,15099.7,4952.0,1247.4,0,0
BGH-105,1199.3,1801.3,16.2,1047.7,3,299.5,72.9,16650.8,6,171.2,196.2,7.5,64,15620.4,4931.3,2389.3,0,0
BGH-121,1189.3,1447.5,14.9,1121.4,2,317.9,81.0,14666.4,12,47.3,11714.2,5.1,64,15183.7,4827.5,1415.7,1,0
BGH-125,1146.8,1453.8,15.9,1146.4,1,310.3,70.4,10769.7,8,98.6,1547.8,5.8,100,15137.5,5010.2,1195.1,0,0
BGH-102,1236.1,1212.8,14.7,1064.4,3,287.4,74.4,16111.8,10,76.4,3454.9,3.0,86,16061.5,5058.4,673.8,0,0
BGH-140,1154.9,1644.8,15.3,1109.7,1,305.2,75.3,16599.5,6,142.3,409.4,3.2,74,14973.0,5232.1,1016.3,0,0
BGH-141,1163.3,1670.5,16.0,1099.2,3,316.1,76.9,17926.3,5,177.4,169.6,5.3,74,14315.9,5265.1,1817.8,0,0
BGH-113,1214.2,1358.8,15.5,1063.2,3,265.1,80.2,12799.5,11,75.9,3522.1,5.7,54,16055.5,4947.1,794.7,0,0
BGH-110,1216.0,1850.2,16.3,986.1,4,305.5,76.9,12891.9,8,131.6,552.1,4.4,100,15933.6,5012.6,921.3,0,0
BGH-117,1169.4,1382.6,16.0,1048.8,5,268.9,78.9,13621.8,8,67.7,4869.5,3.4,54,15638.4,5059.9,577.7,0,0
BGH-111,1053.2,1625.1,15.3,1061.2,5,311.4,78.9,14664.2,6,119.1,799.4,6.5,86,14540.8,4786.5,1763.0,0,0
BGH-122,1155.7,1544.7,16.5,1107.2,1,256.9,75.6,16076.8,13,105.0,1249.6,4.9,54,15577.2,5073.8,967.8,0,0
BGH-111,1208.1,1094.9,15.8,1112.2,2,262.5,84.0,12757.8,6,176.1,174.8,5.9,86,15208.3,4751.4,1005.0,0,0
BGH-112,1234.4,1608.8,15.3,1162.1,5,300.4,84.3,16898.5,9,125.2,665.4,5.9,54,16300.0,4851.6,1626.4,0,0
BGH-124,1196.0,1590.8,15.6,1048.3,2,262.2,78.7,16797.6,10,88.9,2171.8,5.5,100,15412.8,4764.8,1225.8,0,0
BGH-144,1176.1,1146.7,15.6,1059.0,1,261.1,71.1,16854.7,7,56.0,7949.7,3.8,86,15596.3,4762.6,846.1,1,0
BGH-118,1314.7,1805.1,15.7,1067.8,2,288.9,77.4,14379.4,7,61.2,6366.5,5.8,74,15645.5,5090.9,1415.2,1,0
BGH-145,1181.4,1591.6,15.4,1090.5,3,308.4,72.8,10530.0,10,71.5,4182.7,4.4,100,15818.3,4942.7,789.3,0,0
BGH-135,1230.6,1747.9,15.8,1111.0,3,268.8,77.2,18202.6,9,75.1,3632.7,6.7,100,16578.9,4925.4,1461.7,0,1
BGH-144,1133.2,1156.8,16.1,1121.5,1,308.9,72.8,13814.2,9,159.1,263.8,3.9,64,15253.0,5036.1,1030.8,0,0
BGH-107,1145.5,1417.9,15.8,1005.9,2,306.6,80.6,16435.2,9,118.6,811.7,4.3,74,14752.5,4719.9,1352.1,0,0
BGH-128,1232.4,1736.1,15.8,1159.7,2,290.5,71.2,15243.4,13,113.3,956.9,5.0,54,16354.2,4631.3,1051.3,0,0
BGH-131,1252.2,1186.3,15.4,1123.5,1,295.3,84.3,17257.5,12,56.1,7915.3,6.3,100,15264.4,5246.8,2036.0,1,0
BGH-143,1180.5,1423.8,14.8,1144.1,5,252.8,72.9,14897.4,8,160.4,255.3,6.2,54,16285.5,4656.4,891.3,0,0
BGH-117,1107.6,1581.3,14.6,980.6,4,275.7,79.9,15137.5,10,141.2,421.9,4.5,100,15301.1,4965.5,925.9,0,0
BGH-105,1191.6,1121.1,14.9,1141.6,5,268.4,83.8,15359.8,9,49.5,10599.4,5.3,74,15637.6,4828.9,948.8,1,0
BGH-117,1209.5,1235.7,15.2,1050.2,4,260.5,73.7,15835.1,10,139.1,447.0,4.1,100,14804.1,4874.1,709.6,0,0
BGH-118,1204.9,1776.4,16.8,1077.5,2,277.3,84.0,12529.4,12,116.1,876.7,6.5,54,15697.0,4975.1,1020.6,0,0
BGH-121,1171.8,1512.0,16.5,1171.7,4,274.8,75.8,18751.3,10,51.4,9733.0,3.9,54,15697.7,4720.2,916.4,1,0
BGH-136,1192.4,1735.3,15.0,1132.9,4,301.0,84.4,14858.6,10,104.2,1283.0,6.7,74,15251.2,4786.8,1439.3,0,1
BGH-131,1162.5,1536.4,15.9,1066.2,2,291.9,84.6,16150.2,6,107.9,1136.9,7.2,54,16204.2,5132.6,2133.6,0,0
BGH-140,1144.4,1991.2,15.4,1139.8,3,313.9,72.8,18031.7,11,63.2,5856.0,7.5,86,16357.8,4875.9,2587.5,0,0
BGH-102,1237.8,1587.7,15.7,1118.0,4,260.2,82.5,14984.3,7,172.4,190.7,6.9,100,15834.4,5111.1,1347.4,0,0
BGH-127,1204.9,1754.0,15.1,1079.6,1,254.2,72.9,13007.9,11,159.0,264.4,4.0,86,15763.3,5015.4,552.5,0,0
BGH-109,1192.5,1450.8,17.3,1123.8,5,287.4,73.4,12944.4,9,133.7,520.0,4.9,64,15748.6,5035.0,823.0,0,0
BGH-134,1174.6,1542.1,17.0,1081.1,2,250.1,71.3,14100.5,8,104.7,1262.0,3.4,64,15206.2,4981.8,566.7,0,0
BGH-128,1191.0,1628.4,15.3,1119.3,2,305.1,72.3,15666.7,5,97.6,1601.5,3.7,100,14939.5,5515.1,1109.1,0,0
BGH-114,1208.0,1661.6,15.0,1118.7,4,285.4,79.5,15875.8,12,131.1,560.1,3.2,54,15085.5,4763.4,506.5,0,0
BGH-132,1286.4,1492.2,16.2,1125.2,3,284.2,76.7,17259.7,6,116.4,868.6,5.9,74,14958.1,4560.0,1614.7,0,0
BGH-106,1232.7,1500.5,14.5,1196.2,3,275.4,81.9,11926.8,12,48.7,10990.2,5.4,64,15320.9,4706.1,845.9,1,0
BGH-111,1166.7,1600.4,16.2,1147.3,5,276.2,75.0,15443.4,11,111.8,1003.3,7.1,54,16324.0,4789.8,1427.1,0,0
BGH-148,1167.2,1600.3,15.6,1150.0,5,280.2,84.5,16231.3,7,152.9,309.0,5.1,74,15362.8,5391.2,1048.3,0,0
BGH-129,1159.4,1295.0,14.4,1073.7,3,251.1,70.7,16156.3,11,104.3,1278.8,5.9,100,16156.2,4975.7,948.8,0,0
BGH-120,1190.0,1545.0,15.4,1024.1,3,255.8,70.9,10166.3,5,47.3,11714.2,4.8,54,15831.6,5105.3,593.9,1,0
BGH-130,1159.4,1564.2,15.0,1090.6,3,285.4,80.5,14256.0,9,150.1,332.4,6.7,86,15714.4,4434.3,1450.9,0,0
BGH-123,1223.7,1304.7,15.6,1075.7,4,260.5,83.3,16627.4,6,68.2,4772.1,7.2,100,16119.1,4715.6,1324.8,1,0
BGH-119,1067.8,1681.2,15.5,1130.0,1,304.5,81.9,13375.1,6,76.2,3481.6,4.9,64,14791.6,5053.2,1253.9,0,0
BGH-136,1226.8,1582.5,14.4,1090.1,5,269.2,77.3,12627.4,7,63.1,5880.4,3.4,100,15435.2,4960.0,563.9,1,0
BGH-103,1213.8,1966.1,15.2,1166.3,2,256.9,74.0,16127.8,11,86.2,2394.3,3.7,100,15317.8,4563.0,538.7,0,0
BGH-127,1263.1,1494.8,16.0,1013.0,3,266.5,70.2,15598.3,6,145.9,371.5,6.2,74,16336.9,4932.0,1232.5,0,0
BGH-143,1243.8,1727.2,16.1,1086.0,3,275.0,77.6,15461.0,8,112.7,975.1,4.5,64,15697.2,4758.5,998.7,0,0
BGH-119,1165.8,1607.8,15.2,1118.6,1,252.5,77.1,13707.4,8,68.7,4677.0,6.5,74,16171.1,4913.5,1123.1,0,0
BGH-123,1238.2,1884.3,15.9,1051.2,3,259.9,75.2,12370.7,5,162.9,239.9,6.4,100,15621.8,4596.5,1082.6,0,0
BGH-149,1191.6,1306.0,15.7,1145.3,5,272.7,78.7,16898.9,11,163.1,238.7,6.1,54,15370.3,4843.2,1266.4,0,0
BGH-148,1103.3,1400.9,15.5,1143.6,3,271.7,80.9,21674.8,8,161.9,245.9,6.7,86,15561.2,5123.6,2146.1,0,0
BGH-131,1207.9,1312.9,15.9,1078.4,1,306.0,80.5,11759.6,5,73.4,3881.4,6.4,86,14729.0,4823.0,1440.0,0,0
BGH-140,1168.8,1484.4,14.8,1232.4,4,309.0,73.9,17040.5,7,103.2,1326.2,5.8,74,15098.4,5170.4,1563.0,0,0
BGH-135,1200.0,1275.1,15.5,1044.1,5,263.5,78.8,14657.6,12,177.9,167.6,3.0,54,14772.3,4670.8,426.4,0,0
BGH-133,1282.6,1194.8,14.2,1032.7,4,258.7,72.2,15634.3,8,148.1,350.4,5.3,86,15532.8,4785.3,1004.0,0,0
BGH-135,1211.2,1073.3,15.5,1076.3,2,294.4,71.8,14880.5,5,43.8,13773.8,5.7,54,15927.4,4992.4,1454.9,1,0
BGH-101,1149.1,1060.5,16.6,1109.5,1,306.3,81.8,19390.4,11,49.1,10792.8,7.3,74,15428.3,4754.7,2708.2,1,0
BGH-114,1248.2,1631.3,15.2,1019.3,2,317.5,80.4,13395.9,12,105.0,1249.6,5.9,64,14904.4,4841.6,1512.2,0,0
BGH-133,1218.1,1408.9,16.6,1131.0,2,250.5,81.5,13797.1,9,167.3,215.4,5.6,54,15985.0,4623.1,923.1,0,0
BGH-135,1143.2,1253.2,15.3,1223.0,2,279.0,72.3,15152.4,13,115.4,896.0,5.4,54,14775.6,4532.4,1012.7,0,0
BGH-105,1119.7,1368.2,14.6,1030.3,2,301.4,83.7,16134.9,11,109.7,1072.8,3.5,64,14755.4,4993.1,832.1,0,0
BGH-138,1151.1,1394.4,16.0,1109.8,1,308.0,72.0,17669.8,8,54.8,8376.1,4.9,100,15522.1,4856.3,1656.5,1,0
BGH-141,1241.8,1307.1,15.9,1147.9,4,254.4,83.1,15983.3,13,131.9,547.4,3.6,100,16225.9,5100.1,465.9,0,0
BGH-111,1184.9,1821.1,17.4,1138.3,3,297.6,75.3,15451.0,10,155.1,291.9,3.2,100,15209.5,4710.4,768.5,0,0
BGH-102,1204.1,1783.4,14.7,1207.9,2,270.2,71.6,14116.5,12,93.3,1858.3,4.5,74,14783.8,4771.2,606.0,0,0
BGH-144,1133.1,1817.7,15.8,1076.5,3,255.2,74.3,16024.9,6,148.6,345.8,5.9,100,15837.3,4700.2,1067.9,0,0
BGH-117,1243.2,1535.8,15.8,1199.3,3,284.2,72.7,13572.9,9,175.0,179.3,6.9,74,16639.7,4668.1,1386.1,0,0
BGH-139,1099.2,1556.1,16.3,1097.0,2,261.1,77.4,15404.1,7,68.5,4714.8,6.6,64,16288.0,5108.2,1279.9,0,0
BGH-120,1167.2,1369.5,15.9,1074.5,5,301.6,84.2,14564.0,9,113.3,956.9,4.3,54,15098.1,4726.7,1083.5,0,0
BGH-114,1220.9,1330.6,15.3,1194.0,3,301.9,74.9,13034.9,12,80.2,2989.7,3.2,86,15133.7,4942.0,685.3,0,0
BGH-132,1143.9,1504.3,14.6,1081.6,5,308.9,79.2,18117.3,10,151.0,324.6,4.8,86,15724.1,4945.5,1411.0,0,0
BGH-134,1230.7,1630.5,15.8,1153.6,4,276.4,83.4,13040.7,5,120.9,756.8,4.4,74,15690.2,4711.7,881.9,0,0
BGH-125,1156.5,1739.2,15.8,1075.4,3,250.9,79.5,14212.1,11,128.8,598.7,4.7,74,14852.9,5022.6,674.7,0,0
BGH-107,1138.7,1390.8,16.0,1036.3,1,268.2,75.4,11830.2,5,151.7,318.8,5.5,54,15630.9,4654.5,912.1,0,0
BGH-135,1264.3,1249.5,15.3,1036.4,4,282.7,84.9,14664.1,5,95.4,1727.4,3.1,64,15986.5,5163.3,675.8,0,0
BGH-147,1207.7,1646.8,15.7,1135.3,4,298.6,72.8,15867.1,8,168.1,211.3,4.7,54,15374.9,4775.9,1174.4,0,0
BGH-129,1226.0,1136.4,14.3,1046.8,5,276.7,77.8,13186.6,13,114.6,918.6,5.5,74,15499.1,4952.3,913.0,0,0
BGH-122,1250.9,1492.2,14.7,1089.5,2,287.5,82.0,11361.9,12,62.1,6130.7,4.9,54,16377.5,5327.2,798.0,0,0
BGH-141,1069.0,1517.9,16.2,1067.5,1,286.7,70.0,14250.0,7,137.4,468.6,6.0,74,15530.6,5096.7,1479.2,0,0
BGH-143,1231.7,1424.2,15.6,1056.1,1,261.5,80.5,14686.6,10,151.1,323.8,3.8,86,15935.5,4629.0,558.3,0,0
BGH-113,1161.9,1191.0,15.9,1062.2,5,293.6,74.0,14529.6,5,84.3,2566.7,3.7,54,15736.9,4417.7,881.8,0,0
BGH-113,1168.5,1426.9,15.0,1110.4,5,280.7,72.5,18170.5,5,160.0,257.9,4.4,64,15567.6,5187.2,1162.6,0,0
BGH-101,1221.9,1828.5,14.9,951.1,4,306.6,74.1,15669.9,10,166.9,217.5,3.5,86,14936.5,4975.6,862.3,0,0
BGH-136,1181.8,1618.3,15.2,1142.2,5,298.3,84.5,15512.8,9,78.8,3152.2,4.1,64,14528.7,5225.1,941.3,0,0
BGH-104,1229.7,1732.3,15.7,1035.3,2,257.8,83.4,15659.9,10,177.7,168.4,3.4,64,15086.4,5079.0,615.8,0,0
BGH-137,1198.0,1256.6,16.0,1041.6,4,284.2,73.2,15647.2,13,59.7,6782.9,4.8,74,15309.6,4887.0,1001.4,0,0
BGH-144,1208.4,1551.1,15.3,1027.8,4,299.2,71.8,14113.6,9,68.3,4752.9,6.2,64,16095.0,5134.8,1447.9,0,0
BGH-140,1175.5,1517.7,14.2,1113.5,4,256.1,75.5,13128.9,6,65.8,5260.8,4.3,100,15811.7,4822.1,690.1,0,0
BGH-146,1146.8,1521.5,15.8,1173.2,1,305.5,78.9,19942.8,5,165.2,226.7,3.0,64,14774.4,5298.9,1144.7,0,0
BGH-113,1163.0,1611.2,15.7,1093.2,1,265.5,83.0,14707.6,6,131.6,552.1,5.5,54,15347.6,4796.0,1202.6,0,0
BGH-138,1194.9,1529.5,15.9,1121.8,4,285.2,84.5,15043.3,12,61.3,6339.8,6.1,74,15378.2,4769.0,1127.3,0,0
BGH-124,1291.9,1262.1,16.2,1126.9,2,315.8,81.3,15090.5,5,101.6,1398.8,4.8,74,14816.2,5041.8,1385.9,0,0
BGH-119,1273.6,1622.7,16.1,1137.1,3,290.0,79.0,13486.0,10,126.1,647.9,4.3,100,15343.4,4851.8,869.4,0,0
BGH-101,1167.3,1668.2,16.6,1049.8,4,279.7,72.1,15356.9,9,51.7,9603.7,5.2,74,16097.9,5025.2,967.6,1,0
BGH-138,1203.0,1763.9,15.5,1179.7,5,250.5,71.1,12442.1,13,163.5,236.4,3.5,74,14855.1,4845.6,425.7,0,0
BGH-105,1185.6,1772.7,15.2,1083.3,3,259.3,78.9,16431.8,8,152.5,312.2,5.9,86,16406.5,4928.2,1052.6,0,0
BGH-116,1206.5,1595.3,16.3,1114.1,1,290.5,78.1,14487.6,9,110.7,1039.0,6.3,86,15666.6,5140.8,1518.7,0,0
BGH-124,1212.9,1271.4,16.2,1092.5,1,284.6,82.7,17256.5,9,175.4,177.7,6.2,86,15704.6,4899.3,1576.5,0,0
BGH-127,1226.4,1194.1,15.3,1077.7,3,275.5,74.8,16034.7,6,98.5,1553.1,4.5,100,15315.7,4868.1,1097.7,0,0
BGH-101,1054.9,1454.6,16.4,1147.0,5,314.6,70.6,15787.5,6,177.8,168.0,6.8,74,15579.7,4847.6,2051.4,0,0
BGH-134,1218.3,1683.9,15.6,1131.8,1,273.3,76.4,13412.5,13,133.5,523.0,7.3,74,15866.4,4978.4,1191.6,0,0
BGH-136,1180.1,1671.0,16.5,990.7,1,287.6,84.5,15140.4,7,128.9,596.9,4.3,74,15438.8,5150.1,1069.6,0,0
BGH-104,1164.8,1554.8,16.9,1121.0,4,289.8,81.9,16511.2,10,63.2,5856.0,4.2,64,15170.1,4552.5,1007.0,1,0
BGH-100,1239.7,1492.7,17.6,1204.9,2,286.9,70.5,15233.1,8,163.5,236.4,6.2,74,15944.2,5005.5,1408.2,0,0
BGH-139,1273.3,1880.7,15.5,1109.3,5,283.4,83.1,12284.8,8,99.8,1486.1,6.2,74,14659.5,4647.5,985.3,0,0
BGH-111,1234.5,1614.8,16.6,1074.5,4,273.6,77.1,16970.9,9,62.7,5979.1,5.3,54,16054.2,4772.8,1074.6,1,0
BGH-135,1174.1,1482.5,16.2,1080.8,2,313.6,75.5,16511.8,9,41.8,15133.8,7.2,54,15847.6,4893.5,2274.6,1,1
BGH-144,1146.2,1370.9,16.3,1071.9,1,281.6,75.2,11998.7,11,118.4,816.7,3.7,74,15640.2,4919.9,641.9,0,0
BGH-122,1049.7,1298.3,15.8,1042.5,2,287.0,78.9,15251.7,11,113.8,942.0,5.1,64,15750.1,4865.3,1098.6,0,0
BGH-146,1209.1,1278.6,16.3,1090.8,1,296.0,78.0,16630.6,5,140.7,427.7,3.2,64,15422.3,5005.7,912.8,0,0
BGH-130,1229.0,1298.3,14.4,1090.5,4,254.7,79.8,13800.9,10,164.6,230.1,3.2,100,15914.7,4779.5,394.1,0,0
BGH-110,1194.9,1556.2,15.5,1130.0,1,304.7,78.6,12349.9,8,51.1,9864.2,3.2,100,15458.3,5055.1,703.6,1,0
BGH-109,1246.7,1496.4,15.0,1073.9,2,285.9,72.2,12850.5,6,142.4,408.3,5.2,74,15291.1,4867.3,1096.1,0,0
BGH-102,1134.0,1434.8,14.9,1200.5,4,296.0,73.9,14782.2,10,66.2,5175.5,5.7,86,15202.1,4964.9,1378.3,0,0
BGH-113,1191.4,1647.3,14.4,1053.2,2,304.0,82.6,16861.2,11,160.1,257.2,3.0,64,15256.0,4851.8,806.8,0,0
BGH-115,1187.5,1861.8,15.1,1107.4,2,311.2,79.9,12825.4,6,154.7,295.0,5.8,86,16161.8,4736.4,1423.2,0,0
BGH-109,1194.5,1335.3,15.4,1062.6,3,277.5,76.7,12840.5,6,115.7,887.7,5.2,100,15922.9,4687.0,981.0,0,0
BGH-128,1258.4,1365.1,15.6,1073.1,1,306.8,72.7,14393.1,11,139.4,443.3,4.0,64,15558.8,4863.3,1101.5,0,0
BGH-109,1194.8,1056.6,15.5,1086.0,1,268.1,70.1,16375.3,13,84.0,2595.2,3.1,86,13782.6,4730.0,710.6,0,0
BGH-111,1185.3,1494.7,16.3,1110.2,2,296.2,74.7,18507.6,7,106.0,1209.3,3.7,74,14487.5,5129.1,1276.8,0,0
BGH-129,1153.2,1474.5,14.8,1140.1,1,257.2,70.8,15175.8,7,155.0,292.7,5.7,86,15838.8,4957.7,1095.4,0,0
BGH-140,1266.4,1678.6,13.9,1076.7,5,251.4,77.2,13650.5,12,104.3,1278.8,6.0,100,16577.7,4571.1,748.2,0,0
BGH-100,1128.4,1482.6,15.9,1025.2,1,256.7,82.3,13407.3,6,90.1,2080.6,5.9,64,15524.3,4499.2,912.0,0,0
BGH-104,1172.4,1382.4,15.5,1168.5,4,272.4,74.3,17744.3,13,109.2,1090.2,3.7,64,15570.5,5057.0,671.8,0,0
BGH-119,1284.7,1538.5,15.4,1051.1,1,252.2,82.7,12474.3,11,156.0,285.3,7.1,64,15942.0,4887.1,803.7,0,0
BGH-107,1223.4,1611.4,14.9,1087.7,5,294.1,80.6,15387.7,12,86.9,2334.2,4.8,74,14928.2,4637.0,1048.2,0,0
BGH-142,1199.0,1176.5,16.2,1102.8,2,272.2,71.9,17635.3,13,64.3,5595.2,6.5,64,15634.0,4710.2,1286.5,1,0
BGH-111,1201.1,1701.4,15.2,1094.9,1,301.5,79.7,14683.4,7,139.7,439.6,3.7,86,15356.3,5075.2,1039.4,0,0
BGH-100,1152.7,1761.3,14.8,1029.4,4,253.2,72.3,12837.9,10,155.6,288.2,5.1,54,16726.1,4334.1,578.4,0,0
BGH-119,1196.6,1609.5,16.8,1143.1,5,265.2,79.8,16058.4,12,54.1,8636.8,5.3,54,15685.9,4641.4,890.9,1,0
BGH-127,1182.5,1313.1,16.1,959.1,3,278.6,72.1,15207.9,5,73.6,3851.1,6.5,74,15697.2,4740.3,1381.9,0,0
BGH-142,1209.0,1434.8,15.5,1149.0,2,276.8,75.9,15940.8,10,59.9,6725.6,5.8,86,16450.3,5011.1,1114.8,1,0
BGH-136,1124.7,1736.6,13.5,1157.8,2,259.2,78.5,16157.2,7,88.7,2187.4,4.8,74,15951.8,4811.3,864.9,0,0
BGH-146,1219.9,1304.4,15.3,1145.2,2,319.6,70.8,16035.5,12,103.0,1335.0,4.3,54,15639.7,5087.7,1292.9,0,0
BGH-136,1250.8,1625.7,15.5,1084.8,5,269.9,72.3,15592.1,13,144.8,382.6,7.4,64,16372.1,4642.1,1215.4,0,0
BGH-111,1189.8,1489.8,16.7,1106.5,1,300.5,74.8,16354.0,9,131.2,558.5,4.3,54,15148.5,5006.4,1202.8,0,0
BGH-136,1232.4,1532.0,14.1,1066.5,1,265.4,76.9,17698.1,6,126.9,632.8,3.6,54,15468.2,4946.6,794.8,0,0
BGH-148,1215.5,1332.8,16.7,1103.4,1,311.4,82.9,13433.1,11,89.3,2140.9,4.4,54,15585.4,4760.1,1063.7,0,0
BGH-148,1169.6,1566.1,15.8,1131.5,1,277.1,72.8,14468.7,10,157.8,272.5,4.5,74,15436.1,4777.3,674.9,0,0
BGH-143,1147.1,1551.8,14.5,1045.2,2,313.1,75.2,16587.5,10,106.0,1209.3,3.6,100,15213.0,5012.4,1116.9,0,0
BGH-127,1154.1,1198.1,16.2,1093.3,3,273.9,77.1,14854.4,5,177.1,170.8,6.2,74,15552.9,4867.6,1300.8,0,0
BGH-146,1214.6,1499.1,15.3,1076.1,2,250.6,74.4,12472.6,5,128.8,598.7,5.8,100,15181.9,4927.2,792.9,0,0
BGH-114,1197.2,1622.8,14.2,1158.6,3,286.2,79.4,15665.7,10,57.7,7387.3,4.4,74,16151.8,5073.9,1000.9,1,0
BGH-105,1263.8,1422.9,15.1,1052.9,3,286.7,73.8,14017.2,10,134.7,505.5,7.5,54,15525.6,4807.9,1622.4,0,0
BGH-143,1239.5,1010.5,15.7,1131.3,1,258.4,81.6,19240.7,8,85.5,2456.2,5.9,64,15372.8,4314.2,1461.6,0,0
BGH-119,1239.4,1477.0,15.5,1097.4,4,266.4,77.6,16986.6,12,136.1,485.9,6.2,86,15978.5,4605.5,1221.8,0,0
BGH-149,1213.2,1793.3,16.0,1093.8,5,304.8,71.3,17319.2,13,49.7,10504.2,5.5,100,16353.2,4581.2,1393.3,1,0
BGH-113,1151.9,1431.1,16.4,1132.8,4,252.6,79.4,15083.4,10,64.5,5549.3,5.5,74,15614.2,4519.7,740.3,1,0
BGH-101,1216.3,1785.7,14.6,1080.8,3,284.3,78.5,15621.0,12,159.8,259.2,3.1,64,15344.8,4895.9,623.5,0,0
BGH-108,1203.2,1337.5,15.5,1105.2,4,287.1,75.1,14315.2,12,71.8,4133.4,6.5,86,14200.8,4945.3,1306.9,0,0
BGH-136,1143.1,1267.8,15.0,1155.6,3,298.2,70.2,13323.8,6,157.2,276.7,7.1,64,16541.2,4627.5,1698.4,0,0
BGH-119,1260.5,1499.0,14.5,1061.2,2,252.6,73.0,13176.5,8,79.1,3116.5,3.6,100,15218.8,5040.1,481.4,0,0
BGH-125,1255.1,1335.5,15.5,1113.5,2,291.0,76.1,19273.2,5,130.0,578.2,6.6,100,14103.6,5052.7,2355.6,0,0
BGH-128,1142.8,1566.0,15.8,1144.1,1,250.2,73.0,15793.7,5,137.2,471.2,5.4,86,16279.0,5241.1,909.9,0,0
BGH-100,1168.1,1425.5,15.9,1123.3,5,268.6,78.7,12354.6,10,111.8,1003.3,4.3,86,14940.9,5065.3,569.6,0,0
BGH-134,1172.5,1794.8,15.2,1164.1,2,285.0,80.7,16923.0,11,82.7,2723.0,7.1,100,15040.6,5059.0,1737.2,0,0
BGH-105,1230.5,1411.7,14.7,1094.0,5,313.8,82.8,20246.4,9,69.8,4475.2,3.1,100,14672.6,4986.4,1200.8,0,0
BGH-136,1224.7,1517.9,15.0,1133.6,1,258.9,79.7,11928.7,12,44.6,13269.0,4.2,54,15238.3,4706.1,595.7,1,0
BGH-104,1202.2,1619.3,14.0,1155.1,5,261.9,80.3,16200.6,13,82.6,2733.1,7.0,86,16869.5,4731.5,1121.3,0,0
BGH-132,1213.7,1691.3,14.5,1015.4,2,296.8,79.1,12754.7,8,131.4,555.3,5.2,86,14765.0,5110.5,1039.6,0,0
BGH-148,1135.6,1795.9,14.6,1079.7,2,276.2,84.8,17311.0,5,171.4,195.2,5.7,100,15909.8,4856.7,1580.4,0,0
BGH-113,1219.1,1453.0,16.2,1119.0,4,293.6,73.9,10721.1,10,162.0,245.3,6.4,74,15280.7,4900.5,953.4,0,0
BGH-111,1195.0,1420.1,16.2,1146.0,4,319.8,74.0,15157.7,5,147.2,358.8,3.7,54,14970.4,5115.2,1073.0,0,0
BGH-141,1166.0,1117.2,17.2,1112.2,4,319.1,71.9,15887.5,6,150.4,329.8,4.0,74,15122.9,4961.7,1215.9,0,0
BGH-119,1123.4,1908.3,15.7,1169.8,5,274.8,77.3,12230.8,8,133.1,529.0,7.5,100,15817.6,4770.9,1140.5,0,0
BGH-149,1201.3,1572.2,15.1,1073.3,2,285.3,71.4,15888.1,8,76.4,3454.9,4.1,54,15588.2,4784.8,922.7,0,0
BGH-123,1217.8,1650.4,15.5,1038.3,1,313.3,74.1,14070.3,10,167.0,217.0,5.4,54,14539.2,5322.0,1453.7,0,0
BGH-142,1114.9,1611.1,15.4,1139.7,3,256.5,77.2,18446.3,12,133.9,517.1,4.3,100,16775.6,4945.1,813.0,0,0
BGH-133,1200.9,1509.9,15.0,1094.4,2,281.7,84.4,12152.4,7,118.5,814.2,6.8,64,15611.7,4646.9,1312.4,0,0
BGH-124,1206.1,1570.1,15.8,1058.1,4,276.4,84.5,16817.0,10,55.5,8124.3,7.3,64,15212.0,4686.2,1573.9,1,0
BGH-149,1172.3,1388.1,15.7,1185.4,4,270.6,81.2,14800.1,7,102.6,1352.9,3.6,86,16133.8,4910.1,684.0,0,0
BGH-128,1219.0,1439.6,15.4,1137.3,5,319.6,75.8,17587.3,6,104.5,1270.4,5.7,100,15346.4,5036.3,1913.1,0,0
BGH-138,1193.4,1310.0,15.3,1132.6,4,301.3,83.0,17633.3,8,161.0,251.5,6.7,100,15508.6,4845.9,1902.5,0,0
BGH-130,1214.2,1811.4,16.0,1179.7,5,277.2,83.1,14496.8,8,116.5,865.9,6.7,74,16216.2,4538.4,1237.8,0,0
BGH-146,1226.7,1612.3,15.1,1080.6,1,308.0,83.7,14910.6,6,93.3,1858.3,5.0,100,14391.3,4540.4,1426.4,0,0
BGH-142,1226.7,1895.2,15.2,1170.7,4,284.3,79.6,16817.5,7,176.8,172.0,4.0,64,15745.2,4557.9,956.0,0,0
BGH-149,1250.8,1959.3,15.9,1120.9,5,311.1,73.0,16043.9,13,55.5,8124.3,4.7,100,15501.5,5018.0,1277.4,1,0
BGH-122,1216.9,1219.2,16.3,1070.5,4,268.6,71.4,14765.4,13,99.2,1516.6,6.4,74,15416.9,4884.2,1215.2,0,0
BGH-143,1176.1,1697.0,16.2,1099.7,5,265.7,83.7,13333.2,11,45.9,12492.9,7.5,86,15866.9,4652.5,1090.9,1,0
BGH-137,1167.6,1228.4,15.3,1109.3,2,267.3,70.8,15730.6,6,143.6,395.2,5.5,54,15282.8,5269.6,1090.6,0,0
BGH-119,1146.8,1535.5,14.5,1155.6,5,287.7,74.4,12777.8,9,168.5,209.3,3.9,86,15426.4,4910.4,739.7,0,0
BGH-122,1207.6,1562.9,15.3,1032.5,3,270.4,77.3,16296.5,12,79.2,3104.8,3.2,74,15534.8,4585.0,575.4,0,0
BGH-144,1266.1,1242.6,15.6,1012.6,1,260.3,70.3,17221.2,5,160.2,256.6,7.2,100,15194.0,4807.4,1653.2,0,0
BGH-115,1182.1,1352.5,14.6,1060.6,2,319.6,83.6,13347.6,5,80.9,2912.1,5.2,64,14985.3,5003.1,1327.9,0,0
BGH-149,1222.5,1572.1,15.3,1096.6,1,313.0,74.3,14165.5,10,167.5,214.4,6.2,100,14469.8,4800.8,1680.3,0,0
BGH-141,1162.4,1535.3,16.5,1135.7,2,294.5,70.4,13738.8,11,145.6,374.5,6.0,54,14991.5,4842.5,1239.6,0,0
BGH-107,1209.7,1296.3,15.6,1077.1,4,312.4,84.9,17107.8,11,152.7,310.6,7.0,64,15144.9,5002.9,2129.6,0,0
BGH-149,1263.0,1360.4,15.1,1120.9,5,315.5,74.7,15109.4,7,42.5,14641.2,4.2,86,14159.0,4972.1,1178.8,1,0
BGH-120,1234.3,1201.7,15.5,1180.2,4,297.3,83.2,14267.9,8,174.8,180.2,5.0,74,15662.6,5030.1,1118.2,0,0
BGH-100,1121.5,1259.4,15.6,1015.0,1,286.3,76.8,16295.1,13,141.7,416.2,7.1,86,16184.8,4972.1,1456.5,0,0
BGH-107,1228.5,1425.7,15.2,1093.2,1,311.7,79.9,14038.5,8,82.7,2723.0,5.6,54,16577.9,4601.2,1504.1,0,0
BGH-128,1230.8,1697.5,16.1,1221.0,2,289.7,73.6,14592.5,9,156.1,284.6,3.3,54,15456.9,5058.8,874.0,0,0
BGH-131,1208.7,1722.8,14.0,1064.5,1,258.9,77.5,12770.1,10,79.4,3081.4,3.9,100,15181.7,4996.5,463.4,0,0
BGH-137,1233.4,1866.7,15.9,1059.2,5,275.7,73.9,16677.3,11,162.2,244.1,4.1,100,15601.8,4923.4,676.1,0,0
BGH-104,1158.3,1584.9,15.0,1126.1,1,281.2,84.3,12816.1,9,55.8,8019.0,7.5,100,15963.2,4912.1,1422.6,1,0
BGH-146,1203.2,1537.7,16.3,1073.5,4,315.5,70.9,17865.9,11,138.5,454.5,4.0,54,15479.8,4755.8,1367.3,0,0
BGH-121,1255.5,1599.0,14.5,1153.8,5,296.1,74.1,15478.0,6,115.7,887.7,6.9,64,15170.9,5165.0,1578.3,0,0
BGH-146,1251.0,1597.1,16.3,1223.8,1,311.3,83.4,14686.6,11,53.5,8867.7,3.4,86,15940.1,5061.6,955.4,1,0
BGH-133,1227.4,1176.7,14.9,1103.7,3,303.0,77.2,14973.8,9,73.9,3806.3,3.8,86,15663.5,5068.1,973.2,0,0
BGH-100,1155.9,1877.8,15.8,1236.9,3,271.7,79.0,18419.9,9,41.7,15205.7,6.9,74,16366.1,5104.6,1528.2,1,0
BGH-125,1148.0,1113.8,15.1,1077.4,4,300.3,79.8,12307.7,10,105.6,1225.3,7.0,74,16201.8,5042.4,1419.3,0,1
BGH-142,1205.7,1729.8,16.4,1091.6,2,263.7,71.1,12455.9,13,82.2,2774.1,3.8,64,15976.4,5061.5,473.5,0,0
BGH-109,1209.0,1511.3,15.3,1052.0,2,278.6,70.3,16918.8,8,123.8,693.6,4.0,100,15677.4,4433.5,1038.5,0,0
BGH-129,1195.0,1282.1,14.9,1077.5,1,306.4,84.1,13157.3,9,81.6,2836.8,5.4,100,15716.3,4331.9,1175.7,0,0
BGH-149,1159.8,1606.3,16.6,1088.1,5,292.8,74.1,13521.6,9,82.0,2794.8,3.2,64,15412.6,4904.4,634.8,0,0
BGH-117,1221.8,1476.4,15.3,1120.7,2,307.8,75.7,14113.8,7,144.0,391.0,7.3,86,15462.0,4935.6,1971.3,0,0
BGH-116,1205.5,1363.5,15.9,1037.7,3,267.8,80.2,17250.9,7,46.7,12041.0,4.6,100,15621.1,4956.3,989.9,1,0
BGH-125,1214.5,1223.7,16.3,1074.1,2,302.5,73.5,16619.1,5,166.4,220.2,5.2,86,14975.3,4972.2,1602.3,0,0
BGH-107,1229.7,1206.9,14.8,1075.4,3,264.2,81.0,14717.6,8,159.3,262.4,3.5,54,15846.3,4972.9,642.6,0,0
BGH-146,1186.3,1377.8,15.8,1144.7,2,288.2,76.9,15801.0,13,133.5,523.0,3.1,74,15081.4,4958.5,669.8,0,0
BGH-139,1175.6,1422.6,15.9,1105.8,4,280.3,82.8,15752.7,6,123.1,708.3,5.1,100,15324.1,4729.2,1025.2,0,0
BGH-148,1255.4,1257.9,14.3,1105.8,5,289.0,74.2,12994.9,8,164.9,228.4,3.5,74,15399.0,4642.0,628.5,0,0
BGH-111,1162.1,1507.7,15.8,1104.2,1,259.5,73.1,13131.0,13,65.9,5239.3,5.8,64,15865.6,4810.8,818.9,0,0
BGH-126,1176.5,1286.4,15.2,1012.8,3,275.3,82.5,10926.6,13,51.1,9864.2,6.6,54,15916.0,4698.5,824.8,1,0
BGH-107,1261.7,1572.0,16.8,1180.4,2,296.7,74.9,17981.2,12,73.5,3866.2,3.1,100,15692.8,4853.9,855.4,0,0
BGH-124,1172.6,1746.3,16.2,1053.8,1,289.1,76.2,13659.8,6,151.2,322.9,5.8,100,16123.4,4567.3,1420.7,0,0
BGH-145,1195.1,1557.9,15.9,1144.5,3,288.4,81.9,15027.2,7,44.9,13085.2,6.7,86,15266.3,4829.0,1508.0,1,0
BGH-103,1179.4,1481.2,13.9,1088.7,3,285.8,79.5,16077.8,10,121.6,741.0,5.0,74,15393.5,4943.2,1138.7,0,0
BGH-132,1110.8,1393.0,15.9,1069.4,4,316.1,76.6,13057.5,6,179.4,161.9,7.3,54,15458.8,4595.9,1823.7,0,1
BGH-100,1193.8,1789.2,14.9,1152.2,2,315.4,73.7,13304.8,7,159.8,259.2,3.5,86,15268.8,5030.0,890.9,0,0
BGH-118,1149.5,1461.3,16.2,1040.3,1,275.2,81.5,13158.2,5,113.0,966.0,4.5,54,15529.5,4639.1,899.4,0,0
BGH-130,1212.7,1998.0,15.4,1044.5,2,274.6,72.7,9206.4,8,48.9,10891.0,4.0,54,14926.4,5013.5,534.0,1,0
BGH-115,1255.3,1263.4,15.1,1107.9,2,288.8,83.9,14869.7,10,156.4,282.4,7.5,64,16109.6,4682.3,1603.1,0,1
BGH-113,1089.3,1558.0,15.2,1109.4,5,256.7,72.3,19674.3,5,123.9,691.6,4.3,64,15632.8,5105.5,1070.0,0,0
BGH-147,1179.7,1782.5,15.2,1141.0,3,271.2,82.1,13941.1,5,56.1,7915.3,4.7,86,15157.3,4748.2,954.2,1,0
BGH-104,1222.6,1362.0,14.4,1135.8,3,266.2,76.4,13995.8,12,53.1,9025.5,6.8,86,16042.6,4626.1,1196.1,1,0
BGH-140,1090.8,1452.8,14.5,1096.5,5,265.6,72.8,14260.4,11,167.3,215.4,7.2,86,15789.2,4788.4,1100.9,0,0
BGH-125,1266.8,1625.2,15.2,1105.2,5,294.7,76.0,15623.2,11,133.7,520.0,7.2,54,15803.8,4910.7,1551.5,0,0
BGH-127,1219.0,1577.6,16.7,1092.7,2,276.9,73.3,16762.9,11,156.1,284.6,5.5,100,15263.7,5058.7,1187.1,0,0
BGH-101,1254.2,1611.9,16.1,1170.9,3,262.0,72.0,13331.0,9,163.1,238.7,6.0,64,16158.0,4958.8,920.8,0,0
BGH-149,1171.8,1732.1,16.1,1050.9,1,312.1,73.6,15925.1,8,120.0,777.8,4.6,100,15291.6,4729.7,1401.6,0,0
BGH-105,1177.8,1430.6,16.5,1101.6,4,311.2,83.0,14828.5,11,112.4,984.4,5.7,74,15651.3,4947.4,1435.8,0,0
BGH-108,1192.0,1787.4,15.7,1138.5,5,310.4,71.6,15597.8,7,100.3,1461.2,4.4,64,15628.5,4683.2,1255.4,0,0
BGH-132,1306.9,1156.0,15.1,1155.5,1,277.4,84.6,15902.6,13,84.4,2557.3,6.4,74,16133.2,5050.1,1346.8,0,0
BGH-140,1265.9,1715.5,15.2,1066.6,1,254.0,70.1,13050.4,6,100.8,1436.8,4.4,74,16097.7,5145.3,638.5,0,0
BGH-124,1206.6,1729.4,14.8,1051.5,2,257.5,79.9,13947.8,5,148.3,348.5,7.0,86,16284.1,4844.3,1159.1,0,0
BGH-147,1212.7,1345.1,16.1,1037.9,5,269.3,82.8,15924.7,12,124.3,683.4,3.6,54,15565.7,4846.6,683.8,0,0
BGH-112,1231.7,1209.9,14.8,1082.9,1,265.4,84.0,14719.6,10,165.0,227.8,5.6,100,15733.3,5187.5,1104.0,0,0
BGH-108,1319.6,1453.6,17.2,1112.7,4,311.2,72.2,16584.5,8,102.1,1375.6,5.3,74,15058.9,5175.9,1547.5,0,0
BGH-112,1219.1,1580.8,14.8,1076.4,1,319.0,80.5,14555.2,13,125.0,669.3,4.2,86,15705.9,4533.1,1169.6,0,0
BGH-130,1202.3,1433.0,16.5,1135.0,4,307.2,71.6,17021.0,9,128.4,605.7,3.1,54,14502.2,5034.5,875.5,0,0
BGH-140,1183.1,1600.4,16.5,1096.7,4,301.1,75.3,11074.8,5,122.8,714.7,3.7,64,15667.4,4888.8,756.0,0,0
BGH-110,1211.7,1887.5,16.0,1130.5,4,291.2,81.0,15646.7,5,138.4,455.7,7.4,74,15237.4,4565.4,2070.1,0,1
BGH-103,1170.6,1227.1,16.8,1107.4,5,303.9,75.2,12420.7,11,73.2,3911.9,7.2,86,16447.2,5164.2,1335.4,0,0
BGH-133,1224.8,1109.2,15.3,1015.7,4,316.3,74.7,17242.7,5,111.7,1006.5,3.5,86,15502.1,4755.8,1154.6,0,0
BGH-137,1128.4,1486.1,15.6,1042.5,5,292.1,71.7,14701.3,10,54.6,8449.7,4.7,86,15598.1,5076.9,1027.2,1,0
BGH-145,1187.0,1364.0,15.7,1157.9,1,260.8,71.0,14319.0,11,93.8,1826.2,5.1,64,15698.1,4729.5,824.9,0,0
BGH-103,1236.7,1403.9,16.0,1053.2,4,261.5,71.7,13347.6,9,108.3,1122.2,5.2,54,16354.5,4594.4,737.1,0,0
BGH-137,1218.5,1753.4,14.0,1142.6,3,290.9,83.1,16327.4,7,131.3,556.9,4.3,100,15031.0,4921.0,1021.0,0,0
BGH-118,1176.9,1475.9,15.4,1106.3,1,273.3,70.2,16136.3,7,173.1,187.5,7.1,100,15979.4,4525.9,1791.1,0,0
BGH-105,1188.4,1494.2,16.2,1050.8,3,313.7,80.4,14436.9,6,124.1,687.5,7.1,74,15877.3,5290.4,1961.1,0,1
BGH-133,1251.8,1412.6,15.2,1137.5,3,292.8,81.5,16330.9,5,144.1,389.9,3.1,54,15285.0,5068.5,904.0,0,0
BGH-117,1139.5,1492.2,17.1,1076.1,2,297.4,78.5,15441.2,12,110.9,1032.4,5.9,74,15477.9,4767.7,1562.7,0,0
BGH-112,1139.8,1553.7,15.6,1107.6,5,250.4,81.0,15171.9,13,128.8,598.7,3.3,100,16410.6,4826.9,362.3,0,0
BGH-140,1153.5,2056.9,15.9,1089.5,2,284.9,79.8,16565.8,6,49.9,10409.9,5.7,64,15046.1,4695.9,1516.5,1,0
BGH-122,1199.5,1555.9,16.7,964.8,5,280.2,76.8,18622.7,8,75.6,3563.1,6.9,54,15068.0,4874.4,1518.9,0,0
BGH-118,1132.2,1732.5,15.6,1133.7,2,299.4,75.7,15563.8,7,90.7,2036.7,5.9,54,15422.0,4617.6,1728.2,0,0
BGH-144,1247.7,1537.3,16.7,1138.4,1,276.8,84.1,15566.9,8,106.1,1205.4,5.1,74,15401.3,4582.6,1260.8,0,0
BGH-110,1153.8,1094.4,16.0,1075.3,3,318.4,84.6,16837.2,8,46.4,12208.2,7.3,74,15590.7,4923.4,2351.6,1,1
BGH-100,1211.2,1386.6,16.0,1132.1,1,296.9,79.8,13095.1,12,59.6,6811.7,6.4,64,15311.2,5187.6,1349.6,1,0
BGH-123,1171.0,1555.8,14.8,1056.4,5,296.2,73.0,14633.8,7,78.8,3152.2,4.1,54,15373.4,4736.5,996.7,0,0
BGH-106,1196.7,1644.7,16.4,1057.4,3,314.4,76.7,14227.8,7,176.0,175.2,4.7,100,14647.3,4770.9,1279.4,0,0
BGH-124,1119.8,1542.0,15.0,1112.0,3,319.7,77.4,15600.8,10,86.4,2377.0,6.4,100,16646.7,4804.5,1910.3,0,0
BGH-120,1250.1,1684.1,15.4,1065.2,5,263.8,81.4,15433.9,7,107.5,1151.7,3.1,86,14846.6,4797.8,575.3,0,0
BGH-114,1151.9,1208.0,16.5,1093.5,1,306.7,80.0,18517.1,9,67.5,4909.0,3.3,100,15525.1,4873.7,1137.9,0,0
BGH-100,1146.7,1509.8,15.2,1053.0,3,261.4,77.7,17998.4,8,125.5,659.5,6.9,86,15830.7,4896.2,1465.6,0,1
BGH-111,1319.0,1765.6,15.8,1035.8,1,282.0,80.2,11970.4,8,79.3,3093.0,3.2,86,15348.6,4863.7,530.8,0,0
BGH-106,1227.7,1305.7,15.5,1110.4,1,257.0,70.4,15714.5,6,69.0,4620.9,6.1,74,15377.3,4511.3,1281.5,1,0
BGH-114,1248.1,1724.1,15.5,1110.9,1,293.6,81.6,16416.4,13,112.3,987.5,4.4,100,15859.9,4822.5,1039.8,0,0
BGH-120,1222.9,1713.8,15.4,1101.0,3,282.8,73.2,15168.1,9,40.8,15870.5,6.7,86,15524.6,4923.2,1469.3,1,0
BGH-118,1177.4,1252.6,14.7,1085.5,4,294.0,79.8,13968.0,9,41.1,15645.3,6.8,100,15614.9,4683.1,1347.9,0,0
BGH-128,1134.7,1567.6,15.9,1064.8,2,297.5,71.7,17757.4,11,70.7,4317.5,7.3,100,15182.4,4948.7,2029.7,0,0
BGH-124,1185.1,1531.8,16.0,1045.9,5,293.4,71.7,15660.3,7,45.1,12964.2,3.4,100,16057.6,5113.8,796.3,1,0
BGH-132,1151.1,1464.7,15.0,1044.0,1,270.6,70.5,12913.2,10,55.1,8267.1,4.9,64,15414.0,4938.9,849.7,1,0
BGH-148,1154.1,1194.6,15.1,1069.8,3,308.6,83.7,16952.0,5,87.4,2292.3,5.6,86,15133.6,4735.0,1816.3,0,0
BGH-131,1120.8,1447.4,16.2,1151.1,5,288.6,79.1,15935.5,9,152.4,313.0,7.1,100,15802.8,5120.6,1512.6,0,0
BGH-148,1205.7,1468.7,15.3,1111.6,4,284.3,75.4,13712.7,9,120.1,775.4,4.2,74,16525.4,5108.6,749.6,0,0
BGH-134,1278.7,1160.3,15.6,1118.0,4,319.1,81.8,13473.1,13,111.8,1003.3,3.3,64,14434.2,4987.0,850.7,0,0
BGH-143,1227.9,1239.0,14.8,1037.2,3,269.8,79.4,13407.7,9,81.1,2890.4,3.9,86,16244.2,4815.7,610.4,0,0
BGH-137,1194.7,1314.6,15.4,1109.3,1,287.0,79.3,17367.5,12,170.4,199.9,5.2,54,16258.3,5108.6,1559.8,0,0
BGH-125,1198.0,1290.3,14.8,1116.9,4,297.8,77.3,16178.9,7,95.6,1715.5,6.1,86,15533.7,4938.3,1527.7,0,0
BGH-110,1047.6,1565.3,15.0,1179.3,4,258.8,70.1,16912.5,10,52.2,9392.5,6.1,64,14667.6,5024.7,1130.8,1,0
BGH-134,1178.8,1682.3,14.9,1099.1,4,274.8,73.9,15409.0,6,126.4,642.2,3.3,74,15253.0,4855.4,611.4,0,0
BGH-107,1128.7,1437.9,16.2,1080.3,3,306.1,71.6,13636.9,13,55.9,7984.3,6.4,64,15439.0,4784.3,1331.8,1,1
BGH-145,1206.7,1653.3,14.4,1061.7,5,266.6,79.9,13411.3,10,88.3,2219.1,6.0,100,15029.6,4480.2,812.8,0,0
BGH-113,1187.0,1690.5,15.7,1103.0,2,284.5,73.7,17146.3,9,111.0,1029.1,4.8,64,14558.9,5211.1,1168.0,0,0
BGH-109,1156.5,1482.9,15.3,1090.3,3,294.1,76.8,15892.5,13,162.4,242.9,5.6,54,16116.5,5147.6,1373.4,0,0
BGH-101,1205.6,1581.6,16.6,1156.1,1,297.0,75.3,14468.6,5,109.1,1093.7,6.5,54,15805.6,4767.7,1755.7,0,0
BGH-145,1205.2,1455.3,16.1,1145.1,3,301.0,72.1,15042.7,7,138.3,457.0,4.2,100,14748.6,4961.4,1207.2,0,0
BGH-108,1275.9,1275.4,14.5,1050.2,3,310.6,84.4,16996.2,6,179.0,163.4,7.2,100,15664.4,5020.2,2341.3,0,0
BGH-102,1234.3,1350.6,15.1,1098.9,2,277.5,84.0,16126.4,13,58.4,7169.0,3.6,54,14747.1,5033.1,677.7,0,0
BGH-120,1210.8,1565.2,15.5,1222.4,2,299.5,71.3,14815.5,10,78.5,3188.3,7.1,74,14926.8,4930.3,1757.1,0,0
BGH-125,1152.6,1475.7,15.1,1026.7,2,301.3,82.4,14907.5,10,95.2,1739.4,6.3,64,15209.5,4803.1,1748.9,0,0
BGH-107,1146.3,1647.4,16.2,1090.7,5,271.0,77.3,13819.0,9,99.1,1521.7,6.0,54,15404.8,4772.2,910.5,0,0
BGH-147,1229.9,1122.6,15.6,1137.6,3,317.8,81.6,15046.3,8,97.5,1607.0,3.4,100,15092.6,4947.2,978.8,0,0
BGH-101,1190.0,1170.7,15.3,1088.1,1,310.6,72.3,14424.3,8,167.1,216.5,7.1,100,15510.1,4812.2,1954.4,0,1
BGH-105,1212.5,1194.4,16.3,1083.9,2,270.3,72.0,14899.7,6,140.0,436.0,4.3,74,15102.2,5275.9,815.1,0,0
BGH-127,1248.9,1533.3,14.6,1076.5,2,297.3,83.4,13916.9,11,125.1,667.4,6.4,86,15890.2,4850.6,1406.3,0,0
BGH-128,1124.3,1224.4,15.3,1046.8,3,300.2,83.5,12320.5,10,83.3,2663.1,7.0,100,16175.5,4830.2,1314.0,0,0
BGH-125,1269.9,1564.0,15.7,1091.5,1,280.2,77.0,16907.6,7,155.3,290.5,4.1,74,14613.3,4859.5,1154.7,0,0
BGH-124,1248.5,1650.6,15.4,1151.3,2,310.5,83.1,16146.2,11,173.7,184.9,7.1,54,16614.8,4628.9,1723.9,0,0
BGH-111,1097.3,1803.2,13.0,1036.4,3,298.3,80.0,14469.1,13,155.0,292.7,5.8,86,15348.5,5055.5,1321.6,0,0
BGH-104,1317.7,1781.2,15.8,1113.3,4,296.1,72.8,14356.4,5,40.2,16332.1,6.0,54,15494.8,4553.4,1525.5,1,0
BGH-133,1216.1,1360.9,15.9,1153.9,5,265.5,74.9,12222.5,12,129.1,593.5,7.1,74,15991.9,4853.6,860.9,0,0
BGH-147,1176.1,1166.1,14.7,1099.0,3,278.5,72.0,17131.8,6,47.2,11768.0,5.4,54,15841.6,4606.4,1150.2,1,0
BGH-136,1226.0,1373.6,13.8,1078.9,2,280.4,81.6,17507.9,5,76.1,3495.0,5.0,64,15588.2,4996.2,1402.1,0,0
BGH-114,1151.1,1695.4,15.0,1133.7,1,301.4,84.8,14824.0,13,48.3,11191.7,5.8,74,15772.5,5102.4,1378.6,1,0
BGH-143,1227.3,1422.1,15.3,1055.0,4,293.3,78.2,15653.6,6,124.5,679.3,5.5,86,14638.1,5017.3,1342.4,0,0
BGH-135,1160.3,1495.1,15.4,1121.1,1,256.0,79.8,13022.6,11,136.1,485.9,3.3,100,16421.9,4765.2,508.8,0,0
BGH-114,1301.0,1388.6,13.9,1091.7,1,271.5,81.2,15171.2,11,56.0,7949.7,3.8,54,15951.2,4720.7,820.5,1,0
BGH-142,1203.0,1816.2,15.7,1103.1,1,283.1,73.4,13624.0,5,93.7,1832.5,3.1,74,14589.6,4920.6,666.9,0,0
BGH-147,1232.5,1297.1,16.3,1183.8,3,301.6,75.0,13630.9,5,103.9,1295.8,3.5,54,15100.3,4711.1,838.0,0,0
BGH-122,1160.7,1513.4,16.3,1157.8,3,302.0,76.2,14422.8,11,91.7,1965.9,6.3,74,14489.3,4706.3,1222.4,0,0
BGH-105,1240.8,1721.6,16.5,1174.1,5,284.3,78.9,14151.4,10,56.9,7646.1,3.0,74,14540.9,4833.2,497.1,0,0
BGH-145,1199.4,1868.3,14.5,1059.1,4,258.2,82.8,14743.5,8,98.7,1542.5,4.4,86,15541.7,4982.7,656.4,0,0
BGH-149,1129.4,1361.0,16.2,1048.9,1,270.5,73.8,17113.3,7,145.2,378.5,5.0,54,15735.1,5333.8,1277.7,0,0
BGH-143,1188.1,1692.2,14.8,1123.3,2,267.8,77.1,10776.1,9,49.9,10409.9,7.2,54,16258.2,4866.2,999.0,1,0
BGH-142,1296.6,1373.5,16.1,1116.2,1,304.7,81.3,13933.5,9,51.2,9820.3,4.5,74,14674.8,4804.8,1199.6,1,0
BGH-144,1242.9,1775.4,14.9,1001.2,4,262.6,71.3,16263.5,7,89.7,2110.5,6.5,64,16789.0,5069.7,1292.3,0,0
BGH-120,1181.1,1845.9,15.8,1116.9,1,282.5,77.7,15389.4,10,171.8,193.4,4.8,100,15834.0,5105.9,1080.5,0,0
BGH-122,1106.5,1322.1,16.7,1202.4,3,297.0,72.2,13440.5,7,133.6,521.5,3.4,100,14659.6,5099.7,782.9,0,0
BGH-142,1158.4,1630.7,16.2,1194.9,3,317.5,78.1,19210.4,8,135.0,501.2,3.4,64,15359.5,5156.3,1249.7,0,0
BGH-115,1129.7,1722.7,14.8,1065.0,4,319.9,81.5,20392.7,7,90.7,2036.7,4.9,86,15176.6,5289.2,1911.8,0,0
BGH-146,1107.7,1441.1,14.6,1135.6,5,316.7,73.6,14969.0,10,123.1,708.3,3.3,64,14644.0,4451.2,923.9,0,0
BGH-114,1239.3,1609.5,16.1,1055.5,1,300.3,82.7,13017.1,13,41.4,15423.7,5.6,64,15241.2,4876.9,1224.5,1,0
BGH-124,1203.1,1620.0,16.6,1095.2,4,302.3,75.0,14497.8,7,129.1,593.5,5.2,86,15423.5,4684.1,1335.1,0,0
BGH-135,1289.8,1901.9,15.8,1059.0,2,303.1,72.9,12745.4,5,167.9,212.3,6.2,74,14697.4,5005.6,1467.9,0,0
BGH-110,1150.1,1105.8,15.1,1041.5,2,310.4,77.0,15801.3,11,125.8,653.7,3.8,54,15167.9,5013.8,1148.8,0,0
BGH-114,1199.9,1488.8,15.5,1144.2,5,316.6,83.1,16151.1,9,162.3,243.5,5.7,100,15674.8,4987.2,1761.4,0,0
BGH-103,1130.3,1249.9,15.8,1114.3,3,281.2,71.0,16970.6,8,141.4,419.6,3.8,100,15956.1,4815.5,834.3,0,0
BGH-120,1170.3,1502.8,15.4,1122.2,4,279.2,74.9,15798.8,7,56.9,7646.1,6.3,100,16043.1,4904.0,1180.2,1,0
BGH-112,1188.9,1343.4,14.8,1131.7,1,282.2,79.8,15457.5,11,166.3,220.7,4.4,64,15243.4,5001.3,938.1,0,0
BGH-121,1181.3,1449.0,16.4,1109.9,4,296.2,75.4,12984.9,6,49.3,10695.6,5.8,74,15543.9,4805.9,1192.3,1,0
BGH-118,1202.7,1325.2,17.0,1048.1,5,304.3,71.1,12555.0,8,114.8,912.9,7.0,74,15851.2,4643.6,1323.6,0,0
BGH-133,1248.6,1531.1,16.6,1110.5,4,310.9,75.0,10958.5,6,59.9,6725.6,5.2,64,15535.1,5215.4,1071.1,0,0
BGH-113,1243.3,1714.8,13.8,1089.1,5,281.9,82.3,15161.8,12,41.6,15278.0,3.9,86,15393.0,5078.8,812.2,1,0
BGH-103,1161.5,1425.5,16.4,1090.4,5,275.4,84.5,16726.5,7,99.1,1521.7,7.0,86,15737.8,4094.6,1563.2,0,1
BGH-147,1198.5,1786.1,16.0,1052.8,5,318.8,70.6,17303.4,9,81.3,2868.8,4.6,74,15098.0,4697.9,1522.9,0,0
BGH-145,1239.7,1708.8,15.0,1024.7,4,266.2,78.5,16675.2,8,108.0,1133.2,6.3,64,15722.9,4768.1,1369.1,0,0
BGH-126,1251.8,1906.8,13.9,1071.6,2,265.5,71.6,14265.6,9,120.8,759.1,4.4,100,15347.4,5036.6,808.2,0,0
BGH-128,1166.9,1582.3,15.4,1127.3,1,300.1,80.2,18718.3,8,46.1,12378.1,4.3,54,14770.2,4530.4,1443.3,1,0
BGH-146,1235.4,1487.7,15.8,1096.5,5,262.6,70.1,13102.4,12,57.2,7547.8,5.9,74,16176.1,4581.9,846.1,1,0
BGH-127,1216.6,1183.0,14.6,1189.2,3,278.0,70.2,13009.0,10,118.2,821.7,3.7,100,15567.8,4862.6,595.7,0,0
BGH-134,1146.7,1343.7,16.5,1096.7,5,270.5,81.7,16533.4,5,88.0,2243.2,6.9,74,15588.4,4850.6,1300.8,0,0
BGH-107,1240.0,1458.4,16.5,1109.7,4,261.8,71.1,17812.5,9,142.1,411.6,4.7,54,15474.3,4748.0,1023.5,0,0
BGH-115,1207.6,1482.1,15.9,1100.8,5,290.6,74.6,18585.3,5,131.3,556.9,3.1,86,15303.2,5007.8,1010.2,0,0
BGH-141,1112.9,1969.7,14.4,1046.9,3,276.1,84.4,16994.2,7,158.4,268.4,4.4,74,15854.1,4791.7,999.7,0,0
BGH-135,1185.3,1458.6,15.3,1098.9,2,282.4,84.8,16469.2,10,136.9,475.2,6.5,64,15541.4,4551.6,1459.1,0,0
BGH-129,1202.0,1146.3,16.1,1046.6,4,263.7,72.4,16625.7,13,100.2,1466.2,6.9,86,15979.1,4866.4,1220.0,0,0
BGH-117,1169.7,1632.9,16.0,1096.6,4,303.8,78.4,14443.8,7,134.2,512.7,5.6,86,16221.8,5028.4,1325.3,0,0
BGH-101,1261.4,1621.3,14.9,1012.0,4,272.0,78.4,13397.4,8,78.6,3176.2,4.3,100,13865.1,5088.3,708.6,0,0
BGH-148,1263.2,1408.2,15.1,1096.5,3,274.0,76.8,15549.4,5,82.9,2702.9,5.4,64,15092.8,4636.5,1205.3,0,0
BGH-112,1180.9,1925.5,14.9,1107.4,4,267.7,83.9,11608.7,6,150.5,328.9,6.8,74,16059.3,4938.8,937.1,0,0
BGH-103,1175.4,1120.7,15.3,1111.0,2,280.4,81.3,14383.3,11,102.5,1357.4,4.4,74,15902.4,4982.2,932.5,0,0
BGH-125,1193.4,1749.9,15.1,1028.3,1,282.5,81.5,13938.6,12,151.8,317.9,4.7,64,14950.4,5266.1,933.7,0,0
BGH-124,1190.0,1441.8,15.0,1124.0,1,287.1,74.0,16166.5,5,155.1,291.9,5.4,86,15018.0,4697.3,1473.0,0,0
BGH-129,1170.4,1309.9,15.4,1133.0,5,317.7,76.5,15440.3,13,160.1,257.2,7.0,74,15583.5,4905.6,2007.7,0,0
BGH-110,1014.6,1980.1,15.5,1052.1,1,313.3,77.3,17972.9,10,168.3,210.3,5.6,74,14607.4,4903.7,1925.7,0,0
BGH-106,1287.7,1647.3,16.4,1149.3,3,292.7,74.5,16644.6,5,100.3,1461.2,3.9,74,15271.0,4599.2,1049.8,0,0
BGH-130,1200.0,1440.3,14.1,1109.4,1,252.7,71.4,13721.8,8,84.6,2538.6,3.4,54,15335.6,5190.4,573.9,0,0
BGH-143,1191.1,1436.2,16.5,1097.0,3,292.9,71.9,16345.0,8,121.5,743.2,3.4,64,15213.9,4755.1,887.7,0,0
BGH-109,1216.3,1555.1,14.9,1128.4,3,256.3,72.7,11545.5,11,92.0,1945.2,7.3,54,15949.4,4548.0,645.3,0,0
BGH-138,1196.0,1407.6,17.0,1181.1,5,299.7,73.1,16464.8,5,124.2,685.4,6.7,54,15281.4,4847.8,1937.6,0,0
BGH-112,1178.5,1759.9,16.0,1093.0,1,277.3,73.6,13507.7,13,138.8,450.7,6.4,100,14982.4,4663.6,965.9,0,0
BGH-130,1149.7,1517.5,15.9,1075.3,5,308.6,73.8,13784.4,5,136.4,481.9,5.2,74,14774.5,5035.5,1371.4,0,0
BGH-106,1108.1,1703.5,15.4,1204.0,4,316.0,76.8,17686.0,7,92.4,1918.0,6.0,54,15287.9,4907.3,2030.3,0,0
BGH-148,1132.3,1541.6,17.2,1091.4,2,279.2,77.6,15779.1,5,63.4,5807.6,3.6,64,15647.0,4532.4,893.2,1,0
BGH-141,1144.2,1674.0,15.5,1118.3,1,282.2,74.6,14613.8,5,100.3,1461.2,5.8,100,15621.2,4540.1,1449.7,0,0
BGH-141,1232.5,1769.1,16.7,1091.3,4,291.3,83.6,17032.8,8,60.0,6697.2,6.6,100,16080.7,4947.2,1509.6,1,0
BGH-135,1236.2,1836.2,15.0,1019.6,4,263.8,78.3,17946.5,6,164.6,230.1,3.3,86,15563.3,4771.4,733.0,0,0
BGH-119,1155.9,1598.2,16.1,1084.6,5,314.9,81.8,13000.6,13,88.4,2211.1,4.3,86,16101.3,4904.6,880.4,0,0
BGH-103,1066.8,1326.7,17.0,1155.6,5,280.3,83.9,13572.5,5,61.6,6260.5,3.5,100,14997.7,4989.5,654.3,1,0
BGH-106,1200.5,1465.5,14.8,1059.5,2,261.7,72.4,16622.4,7,43.6,13903.3,4.2,64,15728.8,4674.6,881.5,1,0
BGH-100,1178.9,1494.8,15.9,1165.9,2,303.4,76.4,15613.2,6,130.4,571.5,6.5,54,15661.4,4632.9,1854.2,0,0
BGH-143,1177.7,1385.4,14.9,1138.2,2,265.3,76.5,11277.7,5,129.2,591.7,4.5,86,15609.4,5007.0,581.3,0,0
BGH-144,1247.8,1352.0,15.8,1049.8,2,260.0,75.3,18565.4,13,87.7,2267.6,6.1,54,15563.2,4749.8,1223.9,0,0
BGH-141,1206.9,1534.9,17.0,1039.8,5,289.4,70.1,14036.5,9,50.0,10363.2,6.5,64,15276.9,5109.6,1372.0,1,0
BGH-146,1151.2,1303.3,14.8,1038.4,3,297.0,82.2,12990.1,10,97.3,1618.0,6.7,54,15474.3,4988.1,1284.3,0,0
BGH-112,1139.7,1264.5,15.6,1079.6,5,289.9,71.7,15023.2,12,83.6,2633.8,6.9,100,15138.4,4905.5,1311.0,0,1
BGH-121,1186.9,1161.1,14.8,1045.5,3,296.0,84.9,16804.2,11,134.8,504.1,5.7,86,14940.0,5273.0,1461.6,0,0
BGH-120,1154.7,1596.1,15.4,1161.0,5,258.1,81.6,17269.3,11,124.8,673.3,4.3,64,15549.3,4772.0,840.0,0,0
BGH-121,1196.4,1568.2,16.0,1040.8,5,283.3,78.7,15114.3,13,91.0,2015.2,3.7,100,15378.1,4825.9,779.6,0,0
BGH-127,1251.3,1435.1,15.3,1055.4,2,275.0,72.3,20071.7,7,70.5,4352.0,5.3,64,15463.7,5023.2,1615.9,0,0
BGH-108,1131.0,1698.8,16.8,1175.9,3,318.1,77.7,20646.1,12,178.3,166.1,3.5,86,14535.0,4935.8,1382.6,0,0
BGH-125,1204.4,1300.2,15.9,1086.8,4,253.5,73.9,15895.9,10,103.6,1308.7,7.1,54,15258.3,4657.4,1198.5,0,0
BGH-108,1245.8,1576.2,14.4,1121.1,4,270.9,73.8,14875.8,12,136.4,481.9,5.0,64,15344.7,4739.1,857.6,0,0
BGH-114,1195.7,1510.8,15.8,1123.2,4,315.9,82.4,14326.3,8,59.7,6782.9,6.9,86,16558.5,4621.1,1782.2,1,1
BGH-109,1236.1,1351.9,16.7,1027.3,2,318.8,75.7,14694.4,5,108.0,1133.2,6.2,100,14997.1,4922.4,1743.1,0,0
BGH-123,1185.6,1401.5,15.9,1140.1,4,307.7,76.8,17990.2,7,43.9,13709.5,6.9,86,15925.4,5021.9,2200.9,1,0
BGH-141,1208.5,1386.1,15.7,1130.7,5,255.3,82.6,15671.6,7,110.8,1035.7,7.0,54,15757.8,4786.2,1153.5,0,0
BGH-107,1222.0,1550.6,15.3,1132.6,2,289.3,71.3,16740.6,5,175.0,179.3,3.2,86,14641.1,5106.0,1024.9,0,0
BGH-123,1171.4,1618.7,15.4,1066.1,4,278.0,78.9,16387.8,9,93.8,1826.2,6.3,100,15720.5,4841.3,1325.3,0,0
BGH-115,1299.5,1414.7,15.5,1114.3,2,306.5,78.7,16212.8,10,45.5,12726.1,4.0,100,14946.0,4875.4,1179.8,1,0
BGH-148,1228.9,1357.6,13.5,1091.4,5,253.9,76.4,17178.1,13,44.3,13455.8,7.5,64,16317.0,4814.7,1165.2,1,0
BGH-125,1265.1,1527.4,15.9,1104.7,2,263.8,82.4,16655.1,12,94.3,1794.6,6.5,100,15915.3,4779.9,1222.8,0,0
BGH-126,1253.6,1169.6,16.3,1061.1,4,284.2,84.1,15953.4,8,62.4,6054.4,3.0,74,14299.4,4932.4,774.0,1,0
BGH-136,1216.4,1506.9,14.9,1090.5,2,261.0,77.0,18689.8,10,43.3,14100.3,7.2,100,16117.9,4809.0,1683.5,1,0
BGH-103,1269.3,1812.4,15.7,1148.8,1,298.5,76.8,12361.4,7,145.9,371.5,4.3,54,14868.5,4666.9,970.0,0,0
BGH-149,1209.4,1359.2,15.8,1003.7,4,307.5,77.5,15566.1,5,104.2,1283.0,4.9,100,15496.6,4975.2,1393.6,0,0
BGH-123,1163.5,1464.6,16.1,1081.7,5,299.3,80.8,13944.8,13,80.5,2956.2,5.8,64,15665.8,4647.2,1122.3,0,0
BGH-118,1200.7,1704.9,15.5,1131.9,3,280.8,80.0,16839.3,12,166.0,222.3,7.1,100,16450.2,4759.8,1551.4,0,1
BGH-135,1149.7,1650.9,15.9,1045.6,2,311.5,73.3,11731.6,10,56.3,7847.0,7.2,86,15575.4,5297.6,1520.1,1,0
BGH-138,1094.9,1512.4,14.6,1120.0,2,259.6,71.0,15466.4,7,173.8,184.5,5.5,86,15765.9,5088.4,1087.3,0,0
BGH-109,1157.4,1488.3,14.7,1123.5,4,268.2,84.2,15964.8,9,84.0,2595.2,4.4,86,14941.2,4738.1,783.4,0,0
BGH-124,1203.6,1252.9,15.8,1092.3,4,284.3,73.9,17445.9,13,164.4,231.2,4.3,74,16074.7,4717.4,1073.7,0,0
BGH-117,1253.1,1598.2,15.3,1115.1,1,254.3,79.6,14154.4,11,124.4,681.4,4.6,64,15836.6,4801.4,727.5,0,0
BGH-118,1157.2,1231.3,14.2,1181.4,5,256.7,82.4,20580.5,6,155.7,287.5,3.8,86,15284.9,4925.7,758.3,0,0
BGH-135,1250.5,1087.0,15.8,1066.4,2,277.8,74.5,13827.3,10,177.8,168.0,6.0,86,16148.3,4522.1,1249.5,0,0
BGH-109,1139.5,1701.6,14.5,1030.6,2,316.1,79.5,12723.6,13,80.4,2967.3,5.4,86,15816.0,4824.1,1165.9,0,0
BGH-132,1154.0,1577.4,17.7,1078.8,3,313.6,71.6,16211.6,5,174.6,181.0,6.5,64,15359.8,5132.3,2016.1,0,0
BGH-149,1272.5,1675.9,13.8,1050.3,2,282.6,84.5,14744.9,9,94.5,1782.2,3.4,86,14390.0,4872.2,768.1,0,0
BGH-104,1202.4,1352.7,15.5,1119.3,2,260.0,70.9,18682.7,13,94.0,1813.5,4.8,74,15636.4,4689.7,1111.7,0,0
BGH-146,1191.3,1593.3,14.6,1077.2,1,262.5,76.6,11820.3,7,87.7,2267.6,4.1,86,15453.6,4638.5,504.8,0,0
BGH-148,1211.8,1412.2,16.2,1130.7,3,276.4,78.1,15071.4,7,115.8,884.9,5.4,54,16483.5,4637.9,1137.7,0,0
BGH-134,1139.7,1434.6,15.2,1114.6,2,264.7,81.9,16636.2,13,61.6,6260.5,5.1,74,15900.1,5115.4,928.6,1,0
BGH-143,1183.5,1694.8,16.3,1065.7,2,255.8,71.8,13666.8,7,117.5,839.6,5.0,54,15111.1,4907.2,745.5,0,0
BGH-133,1200.1,1470.0,16.1,1053.9,5,297.2,76.6,12215.2,13,115.8,884.9,4.4,86,15890.8,4899.8,817.7,0,0
BGH-132,1261.6,1360.7,14.6,1030.3,2,290.7,74.5,17896.3,7,146.7,363.6,6.3,86,15109.1,5051.9,1813.6,0,0
BGH-120,1116.5,1226.9,14.9,1152.6,1,270.4,74.7,13321.2,12,156.7,280.3,5.2,64,15520.7,5047.7,951.5,0,0
BGH-116,1288.1,1572.1,15.2,1126.2,2,304.5,81.7,17087.7,13,101.7,1394.1,3.9,54,15335.7,4908.8,1035.9,0,0
BGH-121,1193.8,1711.9,15.4,1079.5,2,304.3,70.1,13151.7,7,82.3,2763.8,5.5,54,15079.2,5005.3,1188.4,0,0
BGH-147,1144.5,1343.4,15.3,1130.3,4,284.4,81.2,14362.2,5,76.3,3468.2,5.7,100,14651.2,4630.5,1181.9,0,0
BGH-136,1135.4,1637.8,16.1,1044.8,2,256.8,82.2,16514.4,13,67.2,4969.1,3.1,100,15732.6,4891.9,537.6,0,0
BGH-114,1213.7,1311.4,15.7,1056.3,3,314.3,83.5,15707.8,11,48.1,11294.1,3.9,100,15395.8,4914.3,1172.1,1,0
BGH-134,1132.6,1649.9,15.0,1051.3,4,296.8,79.4,13137.1,10,87.9,2251.3,4.1,100,15181.1,4635.1,778.7,0,0
BGH-127,1172.0,1506.6,14.8,1113.8,3,267.3,75.0,16061.2,8,77.8,3274.4,4.1,54,14893.1,4824.7,841.7,0,0
BGH-106,1187.5,1553.6,14.8,1069.8,3,292.7,76.4,10655.4,9,175.3,178.1,4.1,64,15965.8,5321.0,699.7,0,0
BGH-131,1257.2,1360.5,15.8,1027.3,1,278.4,84.5,12599.4,11,118.1,824.2,4.2,100,15037.0,4997.2,736.7,0,0
BGH-110,1250.9,1571.5,15.3,1104.6,2,294.5,83.2,18491.1,13,88.6,2195.3,4.2,54,14927.1,4906.0,1321.5,0,0
BGH-109,1167.9,1380.5,17.2,1128.7,3,283.2,77.0,14660.6,10,121.3,747.7,7.0,64,15417.9,4627.4,1395.0,0,0
BGH-108,1189.4,1417.3,15.5,1093.2,2,284.0,84.1,16435.9,8,59.5,6840.7,4.4,64,15567.6,5254.0,1017.1,0,0
BGH-113,1120.2,1196.5,15.7,1157.0,2,301.5,82.3,16377.9,8,102.2,1371.0,4.6,100,15268.4,5125.0,1354.2,0,0
BGH-112,1098.0,1345.6,14.1,1140.1,1,293.0,83.5,14311.8,7,127.7,618.2,4.2,54,16471.6,5057.6,1028.1,0,0
BGH-124,1138.5,1394.9,14.4,1155.9,1,255.6,80.2,15234.6,6,108.4,1118.6,7.4,74,16427.3,4743.6,1455.9,0,0
BGH-101,1256.2,1562.6,14.6,1139.2,3,254.6,82.9,12654.6,8,96.2,1680.3,5.4,54,14932.7,4398.7,731.4,0,0
BGH-134,1239.0,1619.1,15.1,1111.8,3,271.4,83.4,15259.8,10,179.1,163.1,5.7,64,15747.0,5131.4,1086.4,0,0
BGH-106,1219.2,1378.4,14.3,1037.8,4,280.1,71.4,14019.0,5,163.2,238.1,6.3,86,16192.2,5144.2,1260.5,0,0
BGH-120,1127.1,1467.1,14.6,1082.7,2,269.3,84.5,19183.5,6,127.3,625.5,4.5,100,15693.2,4878.8,981.3,0,0
BGH-117,1164.4,1837.3,16.0,1074.4,2,295.6,75.0,13597.6,12,119.7,784.9,7.4,64,15113.9,4595.8,1582.1,0,0
BGH-102,1157.1,1526.2,14.8,1055.6,1,263.7,76.6,16026.7,7,126.9,632.8,3.7,74,15741.2,4993.2,832.8,0,0
BGH-141,1191.7,1392.6,15.5,1071.3,1,299.3,81.9,14452.9,5,68.2,4772.1,5.1,74,15363.4,4878.0,1410.3,0,0
BGH-138,1188.5,1164.1,16.0,1026.8,3,304.1,80.0,16626.8,6,95.3,1733.4,3.7,74,15105.1,5250.9,1030.5,0,0
BGH-140,1149.9,1329.2,16.3,1144.2,4,258.7,83.4,12286.9,7,45.5,12726.1,6.6,74,15961.5,4812.6,876.4,1,0
BGH-148,1217.5,1321.4,15.7,1047.1,4,295.6,76.0,14736.0,6,106.6,1185.9,3.5,54,15364.9,4911.3,845.0,0,0
BGH-110,1211.4,1895.6,15.8,1140.7,1,317.3,75.6,16184.8,8,116.0,879.4,5.5,64,14910.9,4819.1,1703.1,0,0
BGH-138,1163.6,1330.3,16.3,1166.3,1,263.5,70.5,15470.6,8,71.9,4117.1,3.5,74,14622.1,4847.9,686.9,0,0
BGH-123,1215.2,1510.2,15.8,1061.7,4,313.7,76.9,15991.5,6,175.0,179.3,5.0,64,16559.3,4685.9,1287.6,0,0
BGH-145,1256.2,1574.2,16.3,1072.3,4,292.4,80.9,13341.6,5,167.3,215.4,4.3,64,15080.7,5122.0,879.0,0,0
BGH-118,1271.4,1721.3,13.8,1124.9,3,291.4,74.5,14306.9,7,141.1,423.0,7.1,86,15566.8,4609.1,1594.6,0,0
BGH-103,1224.5,1501.6,15.4,1078.2,4,253.6,76.9,14962.3,8,114.7,915.8,3.2,54,15654.5,4876.3,465.0,0,0
BGH-125,1223.1,1397.9,15.5,1060.0,2,302.4,73.3,16559.8,10,161.8,246.5,5.9,86,15749.2,4962.5,1669.2,0,0
BGH-137,1188.0,1384.7,15.4,1122.0,4,283.5,81.6,17793.8,9,58.3,7199.7,6.1,100,15519.6,4540.8,1449.2,1,0
BGH-141,1251.5,1571.3,15.6,1063.0,5,300.5,70.9,11283.3,6,150.7,327.2,7.0,100,15652.5,4761.1,1321.5,0,0
BGH-131,1146.5,1363.1,15.2,1206.9,4,306.6,80.6,14360.9,8,57.5,7451.0,6.9,100,15804.7,4923.8,1860.3,1,1
BGH-138,1245.7,1279.2,16.1,1128.1,1,286.7,75.7,13682.1,10,151.2,322.9,7.4,86,15387.5,4853.2,1677.2,0,1
BGH-144,1185.6,1397.9,15.1,1133.5,1,268.5,70.6,13453.3,8,78.6,3176.2,4.1,64,15022.1,4901.3,721.0,0,0
BGH-145,1274.5,1235.1,15.3,1095.5,5,259.9,82.8,15533.3,11,162.8,240.5,4.2,100,15291.4,4600.5,677.2,0,0
BGH-135,1229.4,1870.1,16.7,1193.1,2,261.2,77.3,15065.1,10,172.2,191.6,4.8,100,16642.8,4628.2,845.4,0,0
BGH-139,1196.6,1619.3,16.5,1062.9,4,310.7,79.0,12756.1,10,60.8,6474.6,5.4,86,15702.4,5040.0,1317.9,1,0
BGH-136,1188.2,1824.2,15.6,1138.0,4,258.7,81.0,12658.1,6,104.8,1257.9,4.7,64,15175.0,5077.4,711.9,0,0
BGH-132,1226.3,1597.1,15.0,1033.1,5,276.9,79.8,15923.7,11,177.3,170.0,6.3,100,15790.0,5095.5,1402.4,0,0
BGH-135,1223.9,1804.9,14.2,1214.7,3,273.4,81.0,12816.9,13,107.7,1144.2,3.0,54,15349.3,4916.6,474.5,0,0
BGH-102,1180.1,1573.5,15.4,1141.0,3,310.6,81.4,13610.4,10,160.9,252.1,3.1,100,15686.3,5063.2,687.2,0,0
BGH-108,1204.6,1645.2,15.9,1053.0,2,283.4,78.8,16846.8,12,122.4,723.3,6.2,86,16580.9,4566.4,1580.2,0,0
BGH-107,1244.8,1073.3,14.9,1126.3,4,319.8,75.5,15344.7,10,92.5,1911.2,7.0,86,15306.0,4632.4,2055.1,0,0
BGH-132,1131.8,1317.1,15.5,1153.1,4,301.6,73.6,18095.3,10,80.0,3012.3,6.5,54,15318.5,4813.5,2034.9,0,0
BGH-105,1236.3,1507.4,15.2,1055.3,4,309.6,83.5,14786.0,8,68.5,4714.8,3.5,64,15323.8,4915.6,865.9,0,0
BGH-140,1226.1,1512.2,14.1,1077.0,1,256.9,84.5,19465.8,10,146.7,363.6,7.2,54,15671.7,4730.3,1700.9,0,1
BGH-138,1259.3,1484.7,15.6,1050.3,3,267.7,75.4,14632.6,8,94.1,1807.1,5.3,100,15234.0,4816.7,1030.8,0,0
BGH-103,1164.2,1590.6,15.8,1123.9,5,259.5,71.7,17395.6,10,111.6,1009.7,6.3,86,16616.8,4541.8,986.1,0,0
BGH-112,1200.3,1598.8,15.6,1109.1,1,282.5,73.3,13320.2,5,108.9,1100.7,3.9,64,14798.7,4812.4,888.5,0,0
BGH-148,1210.3,1673.0,16.8,1101.6,1,300.3,80.1,13699.7,11,120.8,759.1,5.5,100,15278.2,4632.7,1314.2,0,0
BGH-101,1236.9,1633.8,15.2,1059.7,3,261.8,72.6,18383.5,6,161.2,250.2,4.5,54,16425.1,5117.4,1004.0,0,0
BGH-104,1221.5,1740.8,15.2,1089.7,4,259.1,81.7,13609.4,10,177.3,170.0,7.4,100,15505.2,4571.6,1039.0,0,0
BGH-143,1138.0,1742.4,17.2,1064.2,2,293.0,83.8,14565.3,13,97.1,1629.1,5.1,54,15381.0,5016.1,955.2,0,0
BGH-126,1214.6,1534.9,14.5,1124.2,5,266.1,84.5,13677.1,7,155.9,286.0,6.4,74,15875.3,4822.1,1015.5,0,0
BGH-131,1300.2,1916.3,15.0,1047.4,3,283.6,70.1,17248.8,8,147.0,360.7,5.7,74,15297.7,4993.0,1514.9,0,0
BGH-120,1230.6,1771.9,15.8,1060.1,2,253.6,84.4,12581.4,9,120.3,770.7,3.4,86,15347.2,4907.8,426.5,0,0
BGH-107,1281.9,1338.6,16.4,1140.8,3,297.6,81.1,17615.0,12,173.8,184.5,5.4,64,14455.2,4797.0,1457.4,0,0
BGH-137,1252.2,1578.5,16.2,1078.0,3,287.9,71.3,15489.4,10,68.1,4791.4,5.4,86,15721.3,4799.3,1174.8,0,0
BGH-107,1268.1,1131.5,14.7,1188.0,3,295.3,76.2,15372.9,12,55.3,8195.3,6.2,100,15983.4,5064.7,1390.1,1,0
BGH-149,1215.5,1165.2,16.8,1109.8,3,269.3,80.5,14884.9,7,159.6,260.5,4.4,74,15287.5,4729.6,729.3,0,0
BGH-102,1226.1,1400.1,15.9,1009.3,4,269.5,84.4,17501.6,7,101.5,1403.5,6.9,86,16053.8,4784.4,1586.2,0,0
BGH-143,1212.8,1324.9,14.8,1033.8,1,306.1,72.5,14561.5,13,158.6,267.1,5.8,54,15341.7,5236.1,1467.1,0,0
BGH-102,1200.2,1401.3,14.9,1070.5,3,300.3,71.9,13578.0,10,165.0,227.8,3.2,64,16067.6,4878.4,676.4,0,0
BGH-121,1237.1,1565.7,15.6,1137.1,2,290.6,77.1,16040.9,12,48.7,10990.2,6.2,74,14429.1,4887.2,1599.8,1,0
BGH-105,1173.9,1745.1,17.2,1132.1,2,294.0,84.5,14829.2,8,163.7,235.2,7.1,64,15486.6,4534.1,1859.1,0,0
BGH-101,1294.3,1734.4,15.7,1075.8,2,256.6,84.6,18921.6,9,102.8,1343.9,6.1,64,16567.7,4782.7,1265.1,0,0
BGH-122,1153.6,1582.6,17.2,1161.6,1,309.9,73.4,16823.7,13,111.5,1012.9,4.7,74,15661.5,4903.5,1512.8,0,0
BGH-143,1240.6,1282.6,16.2,1116.4,1,303.9,74.8,15693.7,11,127.7,618.2,5.7,54,14943.3,4853.4,1711.5,0,0
BGH-101,1268.9,1388.5,14.5,1084.0,2,291.3,83.6,17868.3,9,169.7,203.3,3.8,54,14942.0,5013.0,1006.4,0,0
BGH-137,1191.2,1627.4,16.6,1158.7,4,314.3,81.0,12098.3,11,42.7,14503.8,5.7,54,15049.5,4870.5,1148.7,1,0
BGH-116,1144.4,1334.8,14.7,1059.6,1,261.8,84.6,16122.1,13,106.8,1178.2,5.3,64,16376.6,4678.1,780.6,0,0
BGH-134,1257.8,1246.6,15.0,1127.8,1,298.1,83.4,15204.1,7,136.3,483.2,3.1,54,16186.8,4850.7,815.4,0,0
BGH-133,1210.2,1598.5,15.7,1132.9,4,317.4,73.2,14593.2,7,141.2,421.9,4.4,100,15064.6,5018.7,1228.5,0,0
BGH-122,1240.7,1490.3,15.5,1130.9,3,271.7,81.4,14438.1,8,137.0,473.9,3.9,100,16064.1,4635.6,639.1,0,0
BGH-129,1194.5,1457.8,16.2,1092.2,1,251.1,70.7,17226.5,11,58.8,7047.6,4.8,54,16064.7,4796.4,787.5,1,0
BGH-107,1286.6,1722.0,15.9,1143.5,2,301.4,82.3,11276.8,9,81.9,2805.3,4.1,54,15387.6,4952.4,851.5,0,0
BGH-121,1094.1,1717.8,15.4,1192.1,2,250.5,79.0,15945.0,9,90.2,2073.2,6.8,74,15641.4,5073.5,1140.1,0,0
BGH-143,1218.8,1856.2,16.9,1092.2,4,311.1,84.3,12139.1,8,152.6,311.4,6.1,74,15383.6,5204.9,1306.0,0,0
BGH-135,1267.1,1369.7,15.1,1103.4,2,253.9,84.4,14510.8,12,79.0,3128.4,6.3,86,16278.7,4925.6,1003.9,0,0
BGH-104,1205.3,1585.9,14.7,1146.3,5,295.7,70.8,14899.4,7,69.5,4529.2,4.6,64,15142.1,4886.3,988.0,0,0
BGH-112,1215.1,1503.8,15.9,1086.7,2,276.4,72.4,18232.9,6,174.0,183.6,3.0,64,15715.1,5182.0,826.3,0,0
BGH-128,1178.3,1567.7,15.5,1085.3,4,264.2,77.3,13932.9,8,41.2,15571.1,4.0,74,15216.5,5088.9,630.4,1,0
BGH-130,1201.0,1273.1,15.7,1042.0,4,312.9,83.2,15108.7,12,179.7,160.8,6.4,100,15312.0,4968.0,1693.4,0,0
BGH-146,1116.4,1219.5,16.1,1013.8,4,302.2,82.2,12542.4,8,134.8,504.1,5.7,86,15523.7,5064.8,1243.3,0,0
BGH-115,1164.1,1492.0,15.4,1043.3,5,273.8,84.5,16011.6,12,156.0,285.3,5.4,74,14955.8,4792.6,1070.1,0,0
BGH-141,1160.7,1331.5,17.0,1143.1,1,269.9,79.3,12337.9,9,81.2,2879.6,4.3,86,15307.4,4626.4,734.1,0,0
BGH-129,1233.5,1687.6,15.7,1048.6,3,301.5,73.8,11443.7,13,42.0,14991.2,3.3,64,15742.5,5108.2,639.0,1,0
BGH-115,1171.4,1199.9,15.1,1124.3,2,308.6,70.4,11982.1,6,143.3,398.4,6.5,64,15100.3,4843.8,1448.5,0,1
BGH-111,1172.9,1216.4,16.0,1174.3,1,300.1,73.3,14432.4,12,156.8,279.6,3.2,64,15704.4,4950.9,755.5,0,0
BGH-116,1181.1,1416.7,15.4,1107.9,4,294.8,80.1,14532.3,11,143.7,394.1,3.3,100,14944.9,4956.6,664.5,0,0
BGH-115,1162.6,1192.4,15.6,1055.9,1,266.0,83.9,17269.4,6,60.0,6697.2,4.3,74,16312.4,5082.7,906.7,1,0
BGH-111,1213.5,1835.2,14.6,1093.4,1,309.7,74.8,18044.3,9,145.5,375.5,5.6,86,17279.4,4779.5,1933.3,0,0
BGH-107,1218.9,1463.4,14.7,1119.0,5,302.5,83.1,17996.1,10,147.6,355.0,7.5,74,15054.7,4546.3,1867.7,0,0
BGH-119,1241.3,1379.4,16.3,1119.2,4,286.2,75.9,17301.5,13,132.2,542.7,3.4,64,14901.6,4967.4,731.4,0,0
BGH-102,1232.6,1593.6,14.5,1105.9,4,285.8,74.6,19150.9,12,147.3,357.9,5.1,64,16008.5,5117.9,1240.5,0,0
BGH-115,1227.6,1676.8,15.4,1131.6,2,289.8,77.6,15910.7,11,158.4,268.4,5.7,74,15607.7,4606.1,1336.3,0,0
BGH-129,1183.6,1541.4,15.8,1150.0,2,308.0,76.6,15939.9,5,125.9,651.7,6.7,54,15132.1,4927.8,2000.0,0,0
BGH-144,1180.3,1486.4,16.6,1076.0,2,302.0,83.7,18654.1,7,52.4,9309.5,6.1,54,15141.7,4951.8,1984.7,1,0
BGH-122,1156.4,1303.3,15.1,1170.2,2,309.9,77.0,12771.3,5,108.3,1122.2,6.6,74,15335.1,5256.7,1612.7,0,1
BGH-127,1155.5,1626.2,16.1,1116.5,1,285.5,74.2,16879.7,10,50.9,9952.9,5.4,64,15368.8,4996.4,1347.0,1,0
BGH-139,1209.7,1783.3,15.4,988.7,1,293.7,82.6,14905.7,7,97.1,1629.1,5.0,86,15232.9,4689.1,1221.1,0,0
BGH-104,1164.0,1456.1,13.8,1090.6,2,309.8,85.0,17666.4,6,97.0,1634.7,5.8,54,15082.0,4993.4,1960.4,0,0
BGH-119,1273.4,1330.2,15.5,1091.3,2,266.3,79.7,17363.6,6,49.2,10744.1,7.1,74,14850.1,4864.8,1626.4,1,1
BGH-139,1198.1,1536.3,15.4,1154.0,2,281.1,73.8,14671.3,12,88.8,2179.6,5.5,100,15525.7,4961.7,1243.3,0,0
BGH-143,1275.1,1500.5,15.8,1070.9,3,293.4,73.6,12590.4,5,55.5,8124.3,5.7,74,15809.4,4563.1,1205.5,1,0
BGH-100,1228.6,1256.7,15.0,1107.5,2,314.1,70.9,17699.1,13,153.2,306.6,4.5,64,15406.3,4693.2,1499.0,0,0
BGH-129,1161.1,1399.5,15.1,1029.0,3,251.1,71.2,14053.7,11,172.7,189.3,5.7,74,16415.8,4593.6,692.2,0,0
BGH-120,1196.9,1857.7,16.5,1058.5,2,264.9,83.7,15242.2,5,50.1,10316.6,5.8,54,15822.1,5228.3,1106.0,1,0
BGH-119,1116.3,1230.5,15.2,1139.8,4,266.4,71.4,12762.2,9,173.7,184.9,6.4,54,15748.0,4834.8,896.9,0,0
BGH-105,1209.5,1361.9,14.0,1038.9,5,272.9,77.3,14278.8,9,113.2,959.9,5.6,74,15808.0,4657.0,853.1,0,0
BGH-121,1165.7,1310.3,15.9,1148.3,1,269.7,80.5,17032.6,6,81.9,2805.3,3.9,86,15260.1,4967.5,933.0,0,0
BGH-117,1144.3,1327.9,16.2,1157.0,4,291.3,82.8,15770.3,5,50.8,9997.5,5.6,74,15127.7,4942.1,1467.0,1,0
BGH-107,1276.1,1410.9,16.2,1162.1,5,312.0,72.6,13497.4,11,110.1,1059.1,4.3,86,14405.4,5012.7,1002.4,0,0
BGH-138,1251.5,1589.7,15.0,1177.3,3,294.6,76.6,11242.5,13,151.2,322.9,3.4,54,15630.8,4701.9,496.0,0,0
BGH-131,1250.2,1761.7,15.5,1138.8,1,266.9,73.8,16376.4,12,139.0,448.2,6.7,100,15672.3,4866.2,1206.6,0,0
BGH-132,1239.1,1540.7,15.9,1121.3,3,310.5,73.8,14169.5,11,47.0,11876.3,3.3,86,14457.1,4860.5,812.3,1,0
BGH-115,1138.3,1363.1,16.3,1131.0,3,294.2,74.6,15349.7,8,50.2,10270.3,5.8,74,15739.3,4737.4,1327.5,1,0
BGH-111,1180.0,1808.0,15.9,1103.6,1,265.3,78.8,14726.3,11,96.4,1668.8,7.4,64,14813.9,5034.6,1106.0,0,0
BGH-137,1183.0,1086.3,16.1,1081.3,5,275.3,70.2,14149.2,12,81.3,2868.8,3.4,64,15383.1,5188.0,594.7,0,0
BGH-133,1114.5,1634.7,14.9,1138.5,1,305.3,76.1,16239.8,13,72.5,4020.9,4.0,74,15690.8,4991.0,1239.7,0,0
BGH-113,1172.1,1294.6,13.7,1122.5,2,301.7,72.8,13263.2,13,79.3,3093.0,6.4,54,15943.0,4784.2,1484.9,0,0
BGH-135,1172.7,1489.8,16.3,1144.0,3,290.4,84.5,15299.2,9,152.5,312.2,3.4,54,14450.5,4956.8,811.1,0,0
BGH-132,1206.3,1612.6,14.7,1089.6,2,260.1,78.7,15829.4,9,170.1,201.4,6.7,54,15775.3,4118.4,1159.1,0,0
BGH-122,1326.6,1178.9,15.4,1094.0,1,306.2,83.0,17695.1,10,96.7,1651.7,3.0,74,15226.7,5253.1,1015.7,0,0
BGH-149,1199.0,1528.3,16.1,1110.6,1,271.5,72.9,15104.3,12,166.9,217.5,7.0,64,15626.1,5161.5,1428.8,0,0
BGH-144,1206.3,1543.7,15.5,1093.7,5,304.0,82.2,12616.2,7,85.0,2501.6,3.3,100,16151.5,5247.9,677.3,0,0
BGH-101,1187.5,1792.5,16.1,1242.1,3,295.3,76.2,16349.6,7,106.7,1182.0,7.1,64,16316.9,4715.7,2156.3,0,0
BGH-140,1236.9,2043.0,17.5,1196.7,4,268.5,72.7,13223.8,9,71.6,4166.2,6.9,54,15817.8,4822.9,1090.1,1,0
BGH-120,1146.3,1189.4,15.9,1100.2,1,264.9,81.4,13659.8,5,129.7,583.2,5.4,74,16088.3,5146.9,1105.9,0,0
BGH-101,1294.8,1783.4,14.9,1093.5,4,259.2,81.4,14000.3,9,177.1,170.8,6.5,74,15482.4,4551.2,1097.3,0,0
BGH-126,1193.8,1492.4,14.3,1122.3,3,266.9,84.9,14630.5,13,124.5,679.3,3.3,100,15672.7,4948.4,498.1,0,0
BGH-108,1180.2,1338.3,16.0,1078.5,2,261.0,81.7,17585.6,9,90.1,2080.6,3.6,64,15312.3,4812.6,724.1,0,0
BGH-100,1248.5,1573.8,15.6,1077.7,3,293.2,72.2,16303.9,11,130.7,566.6,4.7,54,16229.5,4479.3,1174.1,0,0
BGH-110,1155.5,1239.5,14.4,1102.1,5,291.9,74.8,12800.0,13,57.2,7547.8,5.4,100,16037.4,4986.9,932.4,1,0
BGH-102,1236.0,1251.5,16.4,1081.4,4,291.0,76.8,18025.3,12,164.4,231.2,6.9,54,16052.4,4880.1,1611.1,0,0
BGH-122,1270.3,1153.0,16.1,1109.2,4,294.9,71.9,17122.2,9,110.4,1049.0,5.4,64,15921.8,4914.5,1447.7,0,0
BGH-125,1187.9,1609.2,15.5,1118.5,2,307.0,81.8,15833.2,6,102.9,1339.5,6.0,100,14873.1,4681.3,1817.6,0,0
BGH-103,1302.6,1565.4,17.2,940.9,2,313.9,77.9,10365.2,9,122.0,732.1,6.1,54,15137.7,5136.0,1209.7,0,0
BGH-117,1232.2,1337.1,16.3,1003.7,1,266.1,84.2,13311.8,12,127.5,621.8,6.9,86,15797.4,4879.6,953.5,0,0
BGH-105,1232.8,1804.7,14.7,1057.6,3,291.1,78.8,15018.1,5,50.0,10363.2,6.5,74,16134.6,4970.7,1608.2,1,0
BGH-134,1268.3,1367.4,16.4,1114.0,5,255.5,77.8,18310.9,8,135.6,492.8,7.4,64,15855.1,5005.5,1626.7,0,0
BGH-121,1281.5,1756.6,15.7,1061.5,1,258.4,71.1,17650.9,5,73.9,3806.3,3.1,74,15250.8,5046.6,720.6,0,0
BGH-142,1213.1,1524.4,17.0,1215.5,3,295.8,72.2,13069.1,9,140.0,436.0,3.9,54,15052.5,4797.8,803.5,0,0
BGH-114,1239.8,1364.7,16.3,1144.7,2,284.1,82.7,11639.5,6,155.2,291.2,7.2,100,15558.8,4969.4,1370.8,0,0
BGH-121,1269.8,1477.0,15.9,1197.9,5,303.1,84.9,14635.2,6,152.6,311.4,6.6,54,14798.4,4913.8,1848.1,0,0
BGH-136,1141.9,1249.3,15.8,1145.0,2,279.8,76.2,15280.8,11,117.4,842.2,4.2,86,15987.4,4915.3,821.4,0,0
BGH-141,1113.5,1543.3,14.5,1020.8,2,258.9,82.2,12517.6,8,112.8,972.1,7.4,86,16031.2,4951.8,1219.9,0,0
BGH-111,1197.1,1506.1,15.1,1041.7,4,311.0,79.4,13258.2,6,60.0,6697.2,6.9,64,15603.4,4682.4,1644.4,1,0
BGH-146,1112.3,1605.5,15.7,1074.4,3,255.8,84.4,19232.3,7,148.5,346.7,3.3,74,15267.2,4400.8,682.4,0,0
BGH-148,1184.3,1675.8,14.4,1040.2,1,263.2,73.6,14252.0,7,78.0,3249.6,6.7,54,15423.0,4769.3,1178.4,0,0
BGH-141,1215.7,1523.1,15.9,1154.1,4,269.4,78.2,14398.3,6,109.5,1079.7,6.5,86,15901.0,4532.5,1308.3,0,0
BGH-137,1186.2,1204.7,14.9,1092.1,3,319.7,76.1,20652.6,11,79.8,3035.2,4.0,100,14776.4,4856.6,1493.0,0,0
BGH-117,1192.9,1686.5,15.2,1110.3,3,279.2,78.1,14322.5,5,58.7,7077.7,6.0,54,15178.4,4550.8,1380.1,1,0
BGH-144,1149.9,1502.9,16.1,1168.8,3,285.1,74.0,12977.4,13,128.1,611.0,7.4,64,15942.9,4844.5,1253.7,0,0
BGH-134,1239.4,1121.2,15.1,1196.3,5,303.9,77.5,13581.7,9,47.6,11554.6,6.0,100,15340.0,4869.8,1357.4,1,0
BGH-129,1146.8,1561.9,15.9,1086.4,4,294.5,79.4,15583.2,8,144.8,382.6,6.7,74,14217.7,4867.2,1793.9,0,0
BGH-123,1094.9,1577.0,15.6,1031.8,1,308.9,71.2,14050.2,7,84.5,2547.9,3.4,64,15478.1,5060.2,914.0,0,0
BGH-141,1189.6,1428.3,14.7,1040.6,4,284.1,81.1,14739.7,7,40.0,16489.3,6.3,74,15461.6,5106.1,1481.0,1,0
BGH-129,1245.8,1460.4,16.2,1157.5,2,318.1,80.6,14914.1,7,111.6,1009.7,3.9,74,14617.2,4820.6,1112.9,0,0
BGH-113,1204.0,1380.9,16.2,1113.3,3,305.8,83.2,21295.7,5,46.6,12096.4,3.3,86,15123.4,4991.7,1344.6,1,0
BGH-105,1141.8,1583.2,16.3,1055.5,2,278.1,76.4,16425.3,6,78.7,3164.2,5.5,74,15887.8,4943.0,1453.2,0,0
BGH-102,1205.1,1528.0,17.0,1135.4,4,276.7,70.9,13097.9,11,139.0,448.2,6.4,100,16165.1,4551.4,1040.9,0,0
BGH-115,1221.9,1318.4,15.2,1046.2,1,315.1,76.9,14651.6,7,48.8,10940.5,5.5,100,15439.2,5092.6,1541.8,1,0
BGH-106,1204.5,1823.6,13.9,1011.4,2,297.9,72.1,16606.1,10,157.5,274.6,7.2,100,15500.6,4701.0,2232.1,0,0
BGH-113,1186.8,1366.8,15.0,999.6,2,293.5,79.7,17165.7,8,40.5,16099.4,6.1,54,15572.7,4741.0,1773.8,1,0
BGH-108,1224.3,958.7,16.3,1027.7,5,303.0,70.7,11791.2,9,74.6,3703.9,3.5,86,15400.6,4874.2,700.3,0,0
BGH-114,1113.1,1405.9,15.4,1157.9,4,289.3,75.6,12165.8,12,143.7,394.1,7.2,86,16015.8,4645.7,1315.2,0,0
BGH-120,1155.3,1706.2,14.4,1089.9,2,261.1,71.2,15939.9,6,84.3,2566.7,3.7,100,15778.7,4738.9,715.7,0,0
BGH-134,1134.7,1458.7,14.2,1098.3,4,272.3,70.1,13724.5,9,54.3,8561.4,6.4,54,16420.7,4928.7,1011.2,1,0
BGH-101,1267.4,1173.0,16.6,1109.3,1,289.1,84.4,13443.6,6,90.4,2058.5,3.7,74,16248.5,4699.3,883.0,0,0
BGH-126,1235.6,1294.4,16.0,1049.5,2,251.3,84.9,15374.2,13,77.9,3262.0,7.5,74,17579.1,4936.0,1046.3,0,0
BGH-101,1209.3,1283.8,15.1,1076.0,1,280.6,78.3,16581.5,6,158.0,271.2,4.5,74,15361.9,4732.5,1303.0,0,0
BGH-134,1127.5,1384.9,17.0,1080.8,2,302.9,73.6,14522.1,5,83.9,2604.8,5.2,86,15245.5,5061.6,1235.2,0,0
BGH-117,1237.2,1447.7,17.6,1053.5,3,261.5,83.7,11113.9,8,150.5,328.9,5.1,74,15807.7,4947.1,631.2,0,0
BGH-113,1269.3,1598.8,16.3,1075.7,5,254.5,83.8,13942.9,11,164.9,228.4,3.5,54,15608.7,4679.3,467.7,0,0
BGH-119,1228.6,1525.7,16.1,1093.9,5,308.5,82.8,12679.2,6,100.7,1441.7,5.2,54,15438.6,4718.7,1164.2,0,0
BGH-117,1198.2,1535.3,15.9,1087.6,5,293.2,78.2,16123.4,13,167.4,214.9,3.7,74,15200.0,5040.3,906.2,0,0
BGH-109,1231.6,1855.9,16.2,1121.7,1,262.4,71.1,19101.0,5,92.8,1891.2,6.6,86,16245.3,5063.1,1716.0,0,0
BGH-124,1213.6,1672.2,17.1,1075.7,4,306.4,71.3,15575.8,5,175.0,179.3,7.3,64,16221.1,4886.2,2068.6,0,1
BGH-101,1246.3,1654.6,14.7,1177.2,5,296.1,83.4,15882.0,12,52.5,9268.3,6.6,100,15991.1,5091.6,1542.2,1,0
BGH-124,1245.2,1137.4,15.2,1048.4,2,273.4,83.1,16626.0,9,136.2,484.6,4.9,74,15847.3,5114.8,974.9,0,0
BGH-132,1188.9,1349.6,15.5,1073.5,2,276.3,76.5,17696.1,13,109.1,1093.7,3.0,74,15202.0,4755.8,694.0,0,0
BGH-135,1167.0,1180.6,16.0,1119.7,3,260.9,74.9,13836.3,12,94.3,1794.6,3.2,100,15773.4,5179.3,517.6,0,0
BGH-130,1180.0,1346.2,16.8,1130.9,1,308.5,79.7,14894.1,10,128.6,602.1,5.2,64,15605.6,5050.3,1459.5,0,0
BGH-113,1226.8,1659.0,15.8,1039.7,2,285.6,82.1,16896.9,8,138.5,454.5,6.1,74,15990.1,4713.8,1590.6,0,0
BGH-100,1183.0,1421.4,16.0,1094.9,2,289.0,81.0,13116.6,10,40.6,16022.7,6.7,74,15804.2,4739.6,1239.5,1,0
BGH-145,1162.5,1714.5,16.0,1140.0,3,311.8,79.2,11981.9,6,63.4,5807.6,5.7,64,15346.6,5136.8,1306.7,0,0
BGH-115,1200.0,1638.6,15.5,1019.9,3,251.1,73.5,14069.9,9,139.8,438.4,7.4,100,16102.8,5099.6,1148.8,0,1
BGH-145,1255.4,1510.1,15.2,1095.6,4,254.7,73.9,17512.8,7,133.3,526.0,5.2,54,16451.2,4817.8,968.4,0,0
BGH-102,1206.8,1719.2,15.6,1025.7,4,261.3,80.9,15281.0,7,175.2,178.5,5.7,74,15170.5,5346.3,1191.0,0,0
BGH-134,1186.2,1772.9,15.0,1059.4,4,252.1,82.0,14067.5,5,146.5,365.6,4.0,74,15687.8,5205.1,643.6,0,0
BGH-140,1216.0,1590.9,15.0,1104.3,2,296.1,71.7,17031.5,12,173.1,187.5,4.5,86,15186.7,5047.2,1111.3,0,0
BGH-105,1204.2,1546.0,15.8,1089.1,3,294.4,72.8,16107.0,7,138.4,455.7,6.1,64,15452.9,5022.7,1879.8,0,0
BGH-124,1103.3,1626.7,15.1,1043.0,1,264.8,80.2,13446.1,5,81.7,2826.3,5.7,74,15002.5,4983.2,944.3,0,0
BGH-112,1234.8,1218.7,17.0,1161.1,4,260.5,75.8,14620.3,8,54.8,8376.1,4.7,86,16758.1,4563.5,743.7,1,0
BGH-133,1220.4,1476.5,15.6,1083.3,5,260.2,78.4,12951.7,5,149.5,337.6,3.5,54,15363.0,4794.3,531.6,0,0
BGH-107,1200.8,1495.2,16.6,1127.5,2,316.7,79.2,15286.8,5,130.2,574.8,4.5,64,14954.8,4923.9,1316.1,0,0
BGH-120,1253.1,1426.3,14.5,1175.1,1,298.5,81.6,16272.7,5,46.7,12041.0,3.2,54,16077.0,4877.3,956.6,1,0
BGH-133,1260.6,1342.1,14.5,1066.2,2,291.0,82.1,10083.9,6,90.4,2058.5,5.6,86,15280.3,5033.5,960.9,0,0
BGH-103,1239.9,1699.6,15.4,1130.8,4,272.6,74.2,12959.7,5,174.0,183.6,4.5,100,15520.1,4948.0,875.7,0,0
BGH-124,1157.5,1534.0,16.2,1120.8,2,280.3,78.1,18357.2,10,110.1,1059.1,4.7,64,15180.2,5028.7,1331.5,0,0
BGH-114,1159.2,1552.2,15.1,1030.5,4,256.3,71.9,14328.9,11,100.6,1446.5,5.6,100,14842.3,4817.9,919.2,0,0
BGH-103,1255.9,1784.9,15.4,1160.4,2,319.9,82.6,18317.4,5,104.1,1287.3,5.6,86,15490.0,5181.1,1962.6,0,0
BGH-144,1106.1,1460.9,16.3,1105.0,4,302.9,82.7,12449.9,5,69.2,4584.0,5.6,64,15653.7,4958.4,1308.9,1,0
BGH-111,1192.6,1422.2,15.2,1073.4,3,293.5,74.5,13936.4,13,91.6,1972.8,5.2,74,16318.6,4856.4,1091.4,0,0
BGH-131,1222.0,1772.3,14.9,1019.0,3,291.1,72.4,15435.3,13,91.8,1958.9,5.2,86,15943.7,5014.2,995.0,0,0
BGH-131,1112.5,1201.9,16.1,1036.3,3,285.3,71.1,14362.8,5,47.3,11714.2,6.7,86,15658.0,5026.7,1502.0,1,0
BGH-127,1211.7,1510.2,14.5,1094.6,3,268.0,78.6,17530.9,12,147.5,356.0,5.1,54,15379.0,4893.7,1063.1,0,0
BGH-112,1247.7,1352.5,15.2,1033.1,3,265.8,71.4,14763.3,7,98.3,1563.7,5.4,100,15939.7,4572.5,983.8,0,0
BGH-130,1125.7,1558.5,15.6,1131.6,5,288.5,80.2,16424.2,11,155.1,291.9,7.4,64,16650.6,5028.4,1574.3,0,0
BGH-113,1282.9,1614.4,15.9,1081.0,2,254.9,80.2,12816.0,5,159.0,264.4,3.8,64,14916.0,4593.4,601.0,0,0
BGH-119,1149.5,1625.5,16.2,1021.9,3,255.2,79.2,15528.8,11,69.7,4493.1,6.3,74,14771.6,4568.4,1089.4,0,0
BGH-117,1228.7,1705.2,16.3,1066.9,5,289.3,83.1,14372.4,5,132.0,545.8,5.1,64,16260.2,4930.0,1164.1,0,0
BGH-128,1195.8,1449.5,15.3,1046.9,5,314.4,75.7,12997.1,7,106.1,1205.4,6.7,74,15079.3,4796.6,1438.6,0,0
BGH-105,1203.5,1462.0,16.3,1038.8,2,314.0,83.5,15933.1,11,163.2,238.1,4.8,64,14553.1,4946.6,1463.2,0,0
BGH-131,1135.8,1605.3,15.9,989.2,2,250.8,70.6,17724.4,5,70.2,4404.3,4.4,54,15609.7,5171.8,807.0,0,0
BGH-128,1263.0,1677.5,16.1,1105.0,4,257.5,71.7,13809.5,13,134.9,502.6,3.9,86,15297.1,4955.7,466.2,0,0
BGH-142,1216.3,1239.9,15.0,1052.3,4,290.8,76.2,15845.6,9,125.1,667.4,6.9,64,14817.1,4722.4,1670.9,0,0
BGH-101,1281.0,1562.8,16.0,1193.8,3,309.4,78.9,14569.8,6,81.3,2868.8,6.2,86,15575.9,5082.5,1728.3,0,0
BGH-122,1137.1,1421.0,15.4,1149.6,1,316.8,70.5,15214.3,8,59.1,6958.1,3.3,100,15279.8,4677.8,960.6,0,0
BGH-118,1190.9,1517.4,15.5,1181.6,4,310.2,78.5,16679.7,12,131.2,558.5,6.2,86,15793.6,4778.8,1856.6,0,0
BGH-130,1210.5,1428.7,15.6,1135.8,1,297.4,74.6,17883.6,8,143.4,397.4,3.2,100,15727.1,4944.7,1015.9,0,0
BGH-104,1203.0,1355.5,17.2,1070.8,4,264.0,83.3,17483.8,9,84.2,2576.2,3.8,64,15665.6,4776.0,663.5,0,0
BGH-118,1233.3,1296.3,14.8,1116.2,5,255.1,78.0,13500.8,6,130.3,573.2,5.7,54,16280.4,4971.4,755.9,0,0
BGH-133,1190.3,1469.8,16.5,1084.9,5,253.3,78.8,12311.4,9,95.3,1733.4,5.1,54,15118.8,4853.3,594.0,0,0
BGH-109,1306.1,1571.7,16.6,1117.0,5,292.8,84.2,10977.2,11,139.8,438.4,6.8,86,14661.0,4923.3,1063.8,0,0
BGH-124,1202.0,1379.4,16.2,1144.6,1,252.5,81.5,16266.0,13,67.9,4830.2,5.7,54,15484.4,4852.2,879.9,0,0
BGH-101,1055.8,1738.0,15.1,1129.9,3,301.7,76.6,13947.4,12,164.6,230.1,7.3,100,15649.9,5038.9,1436.1,0,0
BGH-110,1204.2,1991.7,16.9,1100.4,4,299.9,77.2,17124.6,10,80.2,2989.7,6.8,54,15634.8,4675.9,1779.6,0,0
BGH-149,1263.1,1582.6,15.2,1103.3,4,255.6,79.7,12930.7,13,91.5,1979.8,4.5,54,15851.8,4541.4,571.6,0,0
BGH-130,1153.8,1491.8,16.0,1111.0,1,313.5,73.0,15892.4,11,48.1,11294.1,6.8,54,16150.6,5048.7,2067.6,0,0
BGH-114,1150.7,1317.5,15.6,1155.3,5,286.5,71.3,11459.5,7,55.6,8089.0,6.9,74,15866.4,4730.5,1229.1,1,0
BGH-108,1158.0,1574.0,15.2,1075.5,3,313.3,74.7,16009.3,5,112.2,990.7,7.4,74,15645.6,4695.5,2266.6,0,0
BGH-122,1146.2,1795.4,15.9,1087.1,4,313.1,81.7,15782.6,9,77.5,3312.2,3.1,86,14912.0,4979.1,808.2,0,0
BGH-118,1176.0,1889.7,17.0,1074.6,3,263.8,73.9,12800.9,13,157.0,278.1,6.9,64,16577.7,4845.8,883.6,0,0
BGH-108,1245.5,1779.2,15.7,1106.9,3,276.6,72.0,15384.5,12,42.1,14920.4,3.3,64,15541.1,5151.2,665.7,1,0
BGH-134,1276.3,1668.7,17.1,1131.8,2,259.4,73.3,19138.7,10,93.1,1871.4,5.4,100,15321.6,4887.9,1198.9,0,0
BGH-120,1078.8,1582.0,15.4,1115.0,3,304.2,80.2,16376.0,12,87.2,2309.0,4.9,100,14789.5,4926.7,1370.9,0,0
BGH-108,1181.1,1290.3,15.6,1097.1,2,285.3,79.2,20910.3,12,42.7,14503.8,7.1,86,16193.6,4730.1,2242.6,1,1
BGH-127,1215.1,1480.1,14.5,1153.6,1,315.0,80.3,15306.4,7,57.4,7483.1,4.8,74,15629.3,5232.3,1405.7,1,0
BGH-145,1210.1,1456.8,15.1,1060.3,5,264.6,74.8,16156.3,10,97.9,1585.2,5.7,54,16502.7,5048.6,858.3,0,0
BGH-106,1295.0,1481.4,15.3,1025.0,2,298.2,83.5,14047.6,11,109.0,1097.2,6.1,74,15092.4,4539.3,1358.7,0,0
BGH-115,1099.5,1356.1,15.2,1116.1,3,319.2,76.8,15492.6,6,96.6,1657.3,3.1,74,14035.1,5237.6,918.9,0,0
BGH-115,1070.5,1651.6,14.7,1098.0,5,296.6,77.7,13047.8,11,114.3,927.3,5.7,86,15671.9,4777.6,1160.9,0,0
BGH-132,1303.1,1445.2,14.9,1091.6,3,254.8,84.2,16811.1,10,123.3,704.1,5.3,74,14864.1,5083.9,1049.9,0,0
BGH-103,1237.7,1429.0,15.3,1034.0,3,291.2,84.7,13388.9,6,41.4,15423.7,5.7,64,15814.9,4989.1,1394.3,1,0
BGH-103,1171.4,1356.8,16.4,1109.9,2,262.6,79.9,18332.4,6,105.0,1249.6,3.3,74,15360.5,5126.5,834.4,0,0
BGH-138,1208.6,1546.5,14.3,1189.8,1,252.1,84.2,12307.7,10,174.9,179.8,3.3,64,16251.1,5087.1,414.9,0,0
BGH-139,1212.2,1799.4,13.8,1033.4,3,273.4,78.1,14390.4,7,112.7,975.1,3.8,100,15423.4,5014.4,783.8,0,0
BGH-116,1170.2,1498.0,14.1,1092.1,2,268.6,74.6,14502.2,10,134.9,502.6,6.9,100,15058.9,4999.1,1430.2,0,0
BGH-136,1207.1,1556.3,14.8,1103.8,3,305.2,74.7,12764.0,13,83.7,2624.1,4.6,86,15657.8,4759.4,1062.4,0,0
BGH-138,1217.7,1887.1,16.0,1077.8,5,276.2,78.4,15469.3,5,148.4,347.6,5.0,54,15580.3,5524.4,1086.3,0,0
BGH-128,1300.8,1740.7,15.2,1108.2,1,301.3,79.1,13933.1,7,148.2,349.4,4.8,74,15273.1,4785.9,1279.6,0,0
BGH-135,1248.2,1617.5,15.2,1077.6,3,251.1,76.6,17808.5,6,113.0,966.0,6.2,54,15993.5,4914.3,1218.2,0,0
BGH-137,1287.0,1609.1,15.2,1107.7,1,251.0,83.3,13375.6,7,176.6,172.8,4.2,64,15670.6,4910.2,644.5,0,0
BGH-138,1132.8,1379.4,14.0,1087.3,1,252.1,76.4,15842.0,6,57.6,7419.1,3.3,54,15104.7,4995.2,599.8,0,0
BGH-149,1182.6,1359.8,16.2,1073.1,5,265.4,74.1,14828.0,7,42.4,14710.4,4.7,74,16589.2,4656.4,727.0,1,0
BGH-136,1212.1,1528.3,16.5,1096.1,5,276.2,70.1,14573.3,8,147.8,353.2,6.3,54,16495.2,4867.5,1261.2,0,0
BGH-134,1103.9,1533.4,15.2,1124.1,4,292.5,84.6,15183.0,11,153.0,308.2,7.1,54,15712.5,4691.0,1560.8,0,0
BGH-106,1259.1,1330.0,15.6,1022.1,1,319.0,82.4,16416.5,6,56.8,7679.2,3.2,54,15155.6,4617.4,1005.1,1,0
BGH-126,1232.1,1640.7,15.6,1134.7,3,274.8,79.2,11225.4,6,77.2,3350.4,6.6,86,15033.2,4778.0,1075.8,0,0
BGH-127,1181.6,1444.5,14.6,1063.7,5,253.9,82.5,15095.3,6,42.5,14641.2,3.3,54,15805.9,5261.0,499.1,1,0
BGH-121,1190.8,1725.5,15.1,1130.9,3,263.6,82.2,13348.4,10,81.1,2890.4,4.5,74,14910.5,4780.9,729.0,0,0
BGH-113,1262.7,1488.9,16.9,1066.5,1,312.8,84.0,13500.4,12,148.2,349.4,3.1,74,15139.5,5038.6,785.7,0,0
BGH-106,1160.2,1471.2,15.5,1135.7,5,299.0,75.8,15487.2,8,112.5,981.3,7.1,54,16001.4,4972.5,1761.2,0,0
BGH-136,1264.7,1312.5,15.7,1097.6,4,305.3,78.3,17200.0,7,88.7,2187.4,6.2,86,17045.6,5049.4,1535.1,0,0
BGH-121,1187.4,1334.4,14.9,1053.5,1,258.7,71.5,18102.3,13,92.0,1945.2,4.7,64,15661.4,4907.3,916.5,0,0
BGH-104,1237.8,1763.6,15.2,1078.1,3,259.4,84.5,13836.4,5,40.2,16332.1,4.7,54,16115.6,5048.5,735.6,1,0
BGH-101,1204.3,1553.8,16.0,1159.7,4,257.9,84.8,9302.6,6,82.0,2794.8,5.9,86,15244.7,4938.5,604.5,0,0
BGH-126,1311.7,1577.9,14.8,1102.6,1,310.0,81.8,15140.4,11,130.5,569.9,3.4,100,14985.9,5262.8,920.3,0,0
BGH-120,1155.6,1820.1,16.8,1077.1,5,264.7,76.8,11363.7,7,176.4,173.6,3.7,74,15230.7,4734.4,459.5,0,0
BGH-137,1171.3,1236.5,14.2,1157.0,1,295.0,77.4,15882.6,13,158.6,267.1,6.8,100,15612.6,5064.8,1659.9,0,0
BGH-114,1124.7,1634.3,15.0,1142.8,2,286.1,76.5,13201.7,5,43.3,14100.3,3.9,74,14618.2,5003.0,878.1,0,0
BGH-120,1145.2,1182.4,14.3,1058.0,3,288.1,74.4,15684.7,13,165.8,223.4,6.3,64,15406.9,4776.1,1514.0,0,0
BGH-109,1235.7,1412.5,16.6,1089.8,5,263.7,77.9,13293.3,10,149.6,336.8,4.0,86,14772.5,4885.5,572.8,0,0
BGH-122,1280.0,1271.0,15.5,1011.9,5,294.5,70.8,12671.4,5,149.3,339.4,3.4,64,15873.0,5292.2,686.0,0,0
BGH-138,1241.3,1671.7,15.3,1143.6,2,253.0,84.9,12720.5,13,104.1,1287.3,7.1,100,15925.8,4761.2,850.2,0,0
BGH-104,1199.7,1122.1,15.8,1100.2,4,319.5,76.4,15794.0,13,95.7,1709.6,7.1,86,15205.7,5077.9,2145.5,0,0
BGH-100,1155.3,1454.0,16.6,1133.5,5,251.9,83.9,12356.3,9,82.4,2753.5,5.7,100,15357.7,4884.6,695.3,0,0
BGH-112,1244.9,1268.2,15.7,1003.4,4,253.5,80.9,16091.9,11,49.2,10744.1,5.1,54,15683.5,5097.3,705.7,1,0
BGH-120,1152.6,1329.0,16.4,1086.0,4,272.7,74.3,18554.5,7,72.0,4100.9,5.5,100,15841.5,4839.9,1255.2,0,0
BGH-125,1132.6,1359.9,15.3,1108.4,4,308.2,73.3,18342.1,12,74.5,3718.3,4.8,64,15013.9,5125.5,1473.1,0,0
BGH-149,1184.6,1763.8,14.7,994.1,1,268.0,84.9,11807.1,7,107.8,1140.5,6.4,64,15810.7,4795.2,1004.4,0,0
BGH-144,1098.3,1433.0,15.7,1132.8,2,283.0,81.6,12305.6,11,144.6,384.7,6.4,54,15982.3,4907.2,1056.2,0,0
BGH-120,1130.9,1845.5,14.9,1083.8,3,251.3,73.7,15962.5,8,106.3,1197.5,6.7,86,15937.6,4568.7,1085.4,0,0
BGH-117,1294.3,1887.3,16.1,1012.3,2,255.5,71.0,12863.5,9,48.1,11294.1,5.4,100,15138.1,4663.4,773.5,1,0
BGH-136,1121.7,1922.7,15.2,1074.3,5,292.6,80.5,16237.6,11,174.1,183.2,6.6,100,15969.3,4873.3,1556.2,0,0
BGH-144,1140.6,1488.2,15.4,1122.8,2,263.6,74.5,11579.4,6,172.0,192.5,3.7,100,15705.8,4894.4,548.3,0,0
BGH-131,1203.6,1542.1,13.7,1054.3,3,298.6,73.3,14856.9,8,149.9,334.1,3.1,86,15801.7,4627.7,831.3,0,0
BGH-135,1206.2,1575.6,15.4,1097.7,1,305.0,81.0,16888.2,11,178.8,164.2,5.9,64,15636.4,4956.7,1838.4,0,0
BGH-116,1188.3,1426.5,15.3,1078.3,5,309.5,80.2,11896.0,7,116.2,874.0,3.5,54,14870.0,4973.4,705.3,0,0
BGH-134,1099.8,1584.9,16.4,1000.3,1,259.4,77.2,14766.2,8,174.8,180.2,5.5,86,15738.0,4678.8,951.0,0,0
BGH-148,1242.4,1313.0,16.2,1131.2,5,281.9,84.1,14739.3,12,50.6,10087.5,6.2,54,15811.4,5052.9,1115.8,1,0
BGH-110,1177.8,1124.9,15.5,1140.4,3,316.3,80.2,16212.9,7,91.2,2000.9,4.8,74,14631.2,4936.8,1488.9,0,0
BGH-120,1261.0,1642.8,14.2,1157.4,1,304.0,83.4,13662.3,13,71.6,4166.2,3.2,54,14328.8,4749.7,703.3,0,0
BGH-125,1167.8,1430.0,15.1,1100.5,3,258.2,72.9,12143.9,9,67.4,4929.0,7.0,74,16310.4,4955.8,885.5,0,1
BGH-103,1249.1,1304.7,16.4,1124.2,3,285.2,74.4,9951.5,6,59.7,6782.9,3.2,54,15169.8,4554.9,525.2,1,0
BGH-133,1264.8,1330.0,15.3,1019.3,2,314.6,71.6,17650.4,12,127.1,629.1,7.1,74,15309.0,4550.4,2192.1,0,0
BGH-147,1176.7,1803.0,14.6,1112.0,5,280.8,74.6,16669.7,12,149.4,338.5,3.2,100,15804.2,4642.6,636.3,0,0
BGH-117,1244.0,1592.8,16.4,1084.1,4,308.6,84.6,14951.2,5,121.0,754.5,6.3,86,16067.4,4952.8,1802.2,0,0
BGH-139,1133.6,1195.5,14.2,1096.2,4,284.7,84.4,14897.7,13,60.6,6529.5,7.2,100,15418.6,4957.3,1367.0,1,0
BGH-134,1213.2,1262.6,15.4,1044.1,1,257.5,81.4,15850.4,6,153.6,303.4,7.1,64,16668.4,4687.6,1658.2,0,0
BGH-140,1261.1,1441.6,15.9,1156.1,3,260.3,77.8,16931.7,8,129.0,595.2,7.0,86,15159.4,4915.2,1530.6,0,0
BGH-128,1225.9,1595.3,15.6,1017.5,2,253.3,81.7,10965.6,10,94.3,1794.6,7.0,100,16367.7,5034.3,665.5,0,0
BGH-128,1320.3,1341.1,14.5,1113.6,5,263.7,78.3,11440.2,13,134.4,509.8,5.3,54,15718.2,4707.2,545.6,0,0
BGH-137,1228.7,1465.4,14.8,1054.1,1,312.6,70.1,11148.3,5,76.4,3454.9,5.5,86,16065.0,4635.8,1173.1,0,0
BGH-141,1181.7,1522.9,14.9,1205.9,3,295.5,77.5,14308.1,13,88.3,2219.1,5.8,54,15713.2,5348.8,1196.4,0,0
BGH-120,1342.0,1527.1,16.1,1134.8,4,301.7,79.0,15363.9,12,168.4,209.8,7.0,100,15360.8,4916.6,1764.0,0,0
BGH-141,1281.7,1021.0,15.6,1098.6,4,293.5,74.0,17025.1,11,80.7,2934.1,6.8,86,16508.1,4628.0,1782.0,0,0
BGH-112,1119.9,1544.3,15.2,1048.6,5,277.1,73.0,9178.3,6,105.8,1217.3,6.5,100,15607.2,4735.0,715.0,0,0
BGH-148,1160.8,1153.4,15.8,1144.5,5,265.2,74.1,12324.5,11,164.6,230.1,6.0,64,15865.2,4341.6,852.6,0,0
BGH-140,1148.1,1442.7,14.9,936.8,5,314.8,79.4,15261.3,6,139.1,447.0,5.8,100,14528.0,4696.8,1693.5,0,0
BGH-116,1232.3,1399.7,16.1,1119.2,1,286.0,72.2,15509.2,13,48.7,10990.2,7.2,64,14920.3,4858.8,1431.6,1,1
BGH-108,1228.6,1284.3,15.9,1125.5,5,283.7,80.8,14600.7,8,60.6,6529.5,3.9,100,14950.9,4968.3,761.3,0,0
BGH-140,1228.2,1668.6,15.3,1122.6,1,319.7,76.3,12749.7,6,41.1,15645.3,3.9,86,15204.8,4593.7,951.3,1,0
BGH-100,1118.5,1275.2,15.4,1141.9,2,276.9,75.3,13600.7,9,128.3,607.4,7.4,54,16542.1,4940.7,1511.2,0,0
BGH-101,1168.1,1395.4,15.2,1071.8,3,309.8,82.1,14726.0,13,102.7,1348.4,5.5,86,15397.8,4832.5,1526.3,0,0
BGH-147,1192.5,1675.7,16.3,1127.5,4,310.4,77.6,11566.5,8,58.8,7047.6,5.2,100,15927.4,4981.5,1076.6,1,0
BGH-128,1108.9,1389.7,15.7,1066.5,1,266.3,75.7,13293.6,9,174.1,183.2,6.8,100,15563.7,5118.3,1101.9,0,0
BGH-132,1156.4,1348.3,15.3,1058.5,3,256.6,83.2,12238.3,12,114.2,930.2,6.8,100,16747.7,4966.4,896.4,0,0
BGH-109,1267.8,1446.4,14.7,1048.4,5,318.3,75.5,16004.0,7,73.9,3806.3,3.8,74,15603.3,4938.6,1163.6,0,0
BGH-149,1122.3,1608.1,16.0,1087.4,4,279.8,82.9,13171.3,10,110.1,1059.1,3.8,64,15409.4,4842.6,662.3,0,0
BGH-139,1272.8,1789.3,15.9,1155.6,1,250.2,77.6,12385.5,5,135.1,499.8,6.6,54,16266.9,4658.3,1024.4,0,0
BGH-120,1254.6,1312.8,15.1,1185.8,5,284.9,73.1,13965.0,7,50.7,10042.4,6.5,64,15607.2,4602.2,1363.0,1,0
BGH-127,1185.5,1329.0,15.2,1086.5,3,293.4,79.2,16505.4,12,78.5,3188.3,4.0,100,15438.8,4749.4,994.3,0,0
BGH-110,1167.6,1444.7,15.4,1067.8,2,304.3,74.3,14954.0,10,153.0,308.2,6.8,100,15921.0,5027.7,1637.5,0,0
BGH-133,1241.6,1546.0,14.6,1166.5,3,316.0,72.2,17204.3,8,104.4,1274.6,5.2,64,15647.6,4866.3,1711.7,0,0
BGH-107,1160.6,1346.0,15.6,1121.7,1,314.1,71.3,16897.7,12,116.5,865.9,5.1,64,14702.0,4579.6,1648.8,0,0
BGH-121,1163.1,1637.7,14.2,1101.5,2,315.8,73.6,13500.2,7,100.6,1446.5,7.4,64,15593.3,4762.5,1911.4,0,0
BGH-107,1198.8,1316.5,14.5,1044.7,2,252.2,81.0,15269.3,6,46.1,12378.1,5.3,74,16257.5,5083.2,817.4,1,0
BGH-148,1093.5,1119.8,15.1,1171.6,5,299.8,82.6,17195.5,12,63.2,5856.0,3.6,64,15423.8,4862.6,975.9,0,0
BGH-114,1127.5,1606.4,15.0,1104.7,3,265.8,82.9,14034.4,8,102.4,1361.9,4.3,100,15698.1,4598.0,690.2,0,0
BGH-116,1184.2,1629.5,15.9,1100.0,1,263.1,74.1,15480.3,13,69.3,4565.6,4.5,54,16166.9,4915.0,637.3,0,0
BGH-122,1223.8,1708.9,15.7,1127.1,2,306.0,79.9,13196.3,7,47.0,11876.3,7.3,86,15897.9,4917.1,1815.3,1,0
BGH-123,1159.9,1101.6,16.6,1101.1,5,279.2,73.5,14549.0,13,158.1,270.5,4.2,64,15097.8,4747.4,653.1,0,0
BGH-144,1190.1,1366.9,15.6,1173.7,2,314.2,79.3,14483.9,10,177.4,169.6,4.9,64,14704.9,4987.5,1357.9,0,0
BGH-118,1119.3,1449.8,15.7,1150.6,3,253.0,83.3,16254.4,9,151.0,324.6,6.4,64,16789.7,4850.2,962.9,0,0
BGH-104,1246.6,1851.4,14.6,1071.9,4,306.2,70.6,14233.0,6,159.5,261.1,4.2,54,15167.9,4941.7,1087.5,0,0
BGH-131,1211.0,1468.2,14.6,1104.3,1,259.6,84.8,15431.0,10,73.9,3806.3,6.2,64,15657.9,5079.5,964.8,0,0
BGH-143,1215.4,1230.7,15.6,1070.7,4,262.4,82.4,15762.3,8,174.5,181.4,3.9,64,15491.6,4943.3,657.9,0,0
BGH-100,1224.4,1559.3,15.6,1194.5,3,283.4,81.4,13421.9,9,67.6,4889.2,4.1,64,16101.2,4902.1,802.6,0,0
BGH-122,1203.9,1761.9,15.7,1063.9,4,277.7,80.4,14195.0,10,173.2,187.1,7.4,54,15741.2,4873.1,1523.1,0,1
BGH-136,1175.8,1719.3,16.5,1094.0,3,284.0,81.6,15926.1,11,179.3,162.3,4.7,86,15480.1,4938.8,1003.8,0,0
BGH-107,1256.5,1612.4,14.6,1118.2,3,315.8,84.9,18677.0,8,139.6,440.9,6.3,100,15207.5,4984.0,2251.2,0,0
BGH-112,1207.8,1552.5,16.9,1125.3,5,296.0,81.6,12485.5,12,177.4,169.6,6.8,54,15152.4,4853.1,1286.4,0,0
BGH-107,1191.7,1046.4,14.3,1133.7,4,270.3,75.3,16050.7,9,119.7,784.9,4.6,64,14635.7,5185.0,915.3,0,0
BGH-122,1199.6,1505.1,15.8,1140.0,2,262.1,79.2,17428.2,11,76.3,3468.2,4.6,74,15613.0,4678.3,928.6,0,0
BGH-142,1198.5,1535.6,14.5,1134.6,3,279.4,75.1,15191.2,10,101.2,1417.7,6.5,54,15163.8,5028.1,1388.8,0,0
BGH-100,1191.2,1468.0,16.1,1078.4,4,281.6,84.6,13193.7,9,123.1,708.3,5.7,64,15425.6,4768.0,990.4,0,0
BGH-144,1222.3,1641.4,14.3,1072.7,2,292.1,83.5,14895.1,11,50.2,10270.3,4.6,64,15235.1,4910.3,990.6,1,0
BGH-123,1153.2,1464.8,13.3,1101.9,1,268.6,78.5,13065.5,8,127.1,629.1,6.4,100,15937.6,5086.9,1130.0,0,1
BGH-134,1156.9,1426.3,15.6,1072.4,2,303.7,81.7,13994.4,11,177.4,169.6,6.9,54,14293.2,4982.4,1404.2,0,0
BGH-123,1228.0,1707.8,15.4,1067.1,4,256.9,83.6,15770.7,7,66.6,5091.8,4.1,54,16469.1,4883.7,595.6,0,0
BGH-116,1192.7,1417.3,16.4,1078.9,4,289.2,73.7,14879.0,12,151.0,324.6,3.1,100,15431.9,4920.9,705.6,0,0
BGH-104,1248.6,1512.9,15.6,1205.1,2,293.6,78.7,15392.0,8,167.1,216.5,4.2,74,15573.7,4700.3,1159.2,0,0
BGH-119,1220.4,1679.5,14.9,1177.2,2,264.5,77.2,12661.5,8,172.1,192.0,6.0,74,15246.0,5114.1,886.8,0,0
BGH-120,1172.4,1297.9,15.1,1088.0,3,307.8,81.6,13778.1,5,174.4,181.9,7.1,86,15490.8,4906.2,1767.9,0,0
BGH-139,1228.8,1276.2,18.1,996.7,4,293.1,75.7,16226.1,12,113.0,966.0,6.9,86,15894.5,4960.6,1664.4,0,1
BGH-130,1259.9,1771.6,14.8,1070.5,3,295.2,80.6,11650.3,9,176.8,172.0,4.0,100,15695.4,5200.6,785.0,0,0
BGH-145,1222.3,1381.5,15.9,1144.0,3,284.8,76.0,12347.3,13,146.0,370.5,7.0,54,16174.2,4768.8,1066.6,0,0
BGH-135,1233.3,1638.5,15.8,1021.7,1,313.7,71.7,14388.8,7,62.6,6004.1,6.6,64,15656.3,4672.5,1817.0,0,0
BGH-110,1191.4,1144.9,15.9,1130.2,4,298.6,71.6,13965.1,9,106.8,1178.2,6.3,74,15457.6,4727.6,1244.4,0,0
BGH-114,1249.7,999.4,15.9,1127.0,3,276.7,71.8,16538.9,8,140.6,428.9,6.1,54,15012.1,4632.5,1325.1,0,0
BGH-118,1171.0,1572.8,15.3,1100.9,1,266.7,70.5,10210.5,11,74.6,3703.9,6.6,86,15708.8,5175.0,801.3,0,1
BGH-106,1216.9,1474.5,14.1,1098.1,3,255.0,78.0,14835.0,9,129.7,583.2,6.9,74,16922.8,4712.5,1087.0,0,0
BGH-127,1328.5,1574.7,15.6,1054.8,3,261.6,80.1,17741.9,6,133.3,526.0,6.7,64,15022.4,4482.4,1699.0,0,0
BGH-142,1226.9,1874.9,15.5,1134.8,4,319.5,71.9,15654.0,10,62.8,5954.2,3.5,86,14500.3,4660.0,976.6,0,0
BGH-104,1179.0,1252.5,15.6,1115.5,2,278.5,79.2,11932.6,8,119.1,799.4,6.2,64,16574.9,5299.0,1174.9,0,0
BGH-104,1178.8,1507.6,16.0,1076.0,2,312.9,79.0,19855.1,10,148.0,351.3,6.8,86,15580.3,4945.5,2483.4,0,0
BGH-129,1196.4,1795.5,15.2,1060.7,4,261.9,72.2,13906.3,5,109.8,1069.4,3.8,64,14716.0,5079.1,603.5,0,0
BGH-131,1242.6,1281.4,15.0,1040.3,2,279.8,76.1,10131.6,5,41.7,15205.7,4.0,74,15393.2,4670.9,672.5,1,0
BGH-107,1207.3,1383.1,16.2,1118.6,5,317.2,81.3,16624.1,8,41.3,15497.2,6.5,100,15385.3,5108.0,1971.8,1,0
BGH-109,1167.6,1146.5,15.2,1089.9,2,256.4,70.3,13383.6,11,90.0,2088.1,4.5,64,16493.8,4606.3,586.8,0,0
BGH-137,1167.5,1947.6,15.1,1090.5,3,291.6,72.2,18742.2,11,169.7,203.3,4.8,74,16188.6,4858.2,1392.6,0,0
BGH-146,1207.6,1059.1,15.0,1021.9,3,314.3,84.9,16443.3,5,72.0,4100.9,4.7,54,15560.1,4985.2,1478.6,0,0
BGH-131,1202.1,1659.7,16.0,1045.2,1,316.5,81.0,19262.2,9,128.8,598.7,4.0,54,15642.5,4941.2,1474.1,0,0
BGH-147,1222.7,1236.0,15.3,1039.8,4,309.2,77.0,12893.2,10,71.1,4249.5,7.2,86,15475.7,4925.8,1776.1,0,0
BGH-127,1245.9,1289.8,17.3,1138.4,1,309.9,79.4,17556.0,9,85.0,2501.6,6.6,100,16471.0,4738.2,2183.5,0,0
BGH-116,1336.4,1712.8,15.5,1108.6,3,295.7,82.7,13373.5,11,158.7,266.4,4.1,86,15494.5,4866.9,753.2,0,0
BGH-130,1126.9,1351.5,14.5,1085.9,3,265.4,82.6,15687.1,10,142.0,412.8,3.5,64,15153.7,4683.2,574.7,0,0
BGH-107,1234.3,1630.4,15.2,1155.3,1,301.1,74.9,15344.8,9,53.4,8906.9,4.7,100,16081.1,5194.0,1189.5,1,0
BGH-139,1204.9,1776.0,16.0,1148.2,5,318.5,77.4,17774.5,9,100.0,1476.1,4.9,64,15534.6,4896.9,1612.9,0,0
BGH-124,1107.8,1540.1,15.0,1155.3,2,286.8,79.6,16619.8,13,44.1,13582.0,3.0,74,15213.4,4731.3,768.2,1,0
BGH-108,1262.5,1677.9,15.5,1087.9,5,268.2,71.1,14070.3,7,107.3,1159.2,7.0,100,15671.6,5150.9,1019.2,0,0
BGH-101,1221.1,1516.1,16.3,1029.3,5,290.1,84.2,17177.3,13,132.7,535.0,6.8,54,15520.2,4768.4,1741.6,0,0
BGH-114,1240.0,1525.4,16.4,1185.3,5,298.3,76.5,14816.1,6,56.6,7745.8,6.8,74,16301.3,5022.7,1595.0,1,0
BGH-149,1115.0,1373.0,15.1,1126.2,5,264.6,75.6,16387.1,11,80.4,2967.3,6.6,74,15986.0,4698.7,1076.5,0,0
BGH-102,1189.0,1885.8,15.3,1127.2,2,300.3,83.6,15591.3,10,95.7,1709.6,6.3,64,15563.3,4898.3,1575.0,0,0
BGH-148,1146.0,1648.6,15.6,1133.8,4,291.1,71.8,14573.7,12,168.7,208.3,5.9,86,14747.3,5004.6,1156.7,0,0
BGH-135,1308.2,1604.4,16.6,1238.2,1,292.9,70.6,12352.8,13,179.1,163.1,7.3,64,15638.0,4810.5,1346.6,0,0
BGH-103,1257.2,1654.1,14.6,1095.0,5,271.4,80.3,15406.7,10,46.3,12264.6,6.2,74,15789.1,4941.3,1087.5,1,0
BGH-113,1166.0,1364.5,15.8,1171.8,5,260.9,75.8,13650.0,6,146.5,365.6,5.8,100,15916.1,5078.7,912.8,0,0
BGH-140,1123.2,1686.2,15.5,1057.4,1,293.6,81.5,12539.8,8,92.0,1945.2,6.5,54,15468.6,4679.1,1194.0,0,0
BGH-140,1209.7,1811.2,14.8,1140.8,1,291.0,71.0,16660.9,7,94.9,1757.6,4.1,74,15579.0,4585.2,1146.1,0,0
BGH-124,1254.6,1223.9,16.5,1189.2,4,273.7,75.8,13738.3,7,145.6,374.5,7.4,86,16164.2,4750.9,1373.8,0,0
BGH-149,1113.2,1608.3,16.3,1097.7,3,270.7,73.5,11389.5,9,168.6,208.8,3.1,86,15034.7,5104.1,437.0,0,0
BGH-109,1153.4,1512.6,16.7,1004.1,4,274.3,81.1,15004.5,5,173.1,187.5,5.9,100,16558.8,4765.8,1190.9,0,0
BGH-120,1144.7,1396.2,16.4,1128.4,3,284.3,73.4,14696.0,13,120.8,759.1,3.3,86,14931.8,5154.8,612.3,0,0
BGH-135,1243.3,1281.3,15.5,1089.2,2,318.2,76.9,14876.5,8,90.0,2088.1,6.8,100,14665.8,5011.0,1935.5,0,1
BGH-111,1181.5,1710.4,16.0,1142.2,4,303.4,82.3,14874.2,11,150.3,330.6,7.4,86,15951.8,4998.1,1841.6,0,0
BGH-126,1183.6,1541.6,15.8,1076.7,2,309.6,83.7,12988.0,11,75.1,3632.7,4.8,64,15467.7,4893.6,1115.9,0,0
BGH-139,1208.7,1458.6,14.8,1219.4,1,285.4,80.8,14201.4,11,119.0,801.8,6.9,54,15967.8,4736.9,1497.5,0,1
BGH-101,1156.1,1608.5,14.5,1105.3,4,286.8,76.4,17078.5,9,90.2,2073.2,4.5,54,15217.2,4871.2,1174.5,0,0
BGH-112,1127.8,1474.5,15.8,1139.6,1,264.3,78.6,16709.9,8,131.9,547.4,3.7,74,16100.9,4905.6,702.8,0,0
BGH-131,1268.5,1359.2,15.6,1050.0,5,300.5,80.3,14293.0,8,73.7,3836.1,4.2,74,15773.5,4923.3,1012.9,0,0
BGH-130,1273.1,1525.8,15.2,1041.2,1,279.5,83.1,16170.3,9,66.8,5050.5,4.4,64,17044.1,4922.8,968.5,0,0
BGH-115,1209.0,1494.4,15.4,1035.2,5,302.0,83.3,15186.1,10,168.6,208.8,5.8,64,15301.0,4836.8,1527.4,0,0
BGH-131,1212.6,1145.2,16.9,1035.5,3,278.6,84.0,14340.5,11,54.3,8561.4,6.6,54,15672.3,4757.7,1138.0,1,0
BGH-131,1263.1,1374.1,13.8,1133.9,5,257.6,82.2,17493.3,9,110.8,1035.7,3.9,74,15206.3,5107.4,688.0,0,0
BGH-133,1207.8,1247.1,16.0,1069.8,3,262.1,72.2,13210.3,13,70.9,4283.3,3.4,74,15022.0,4717.7,473.1,0,0
BGH-110,1179.0,1169.7,16.2,1036.5,5,306.8,81.2,15613.1,13,45.5,12726.1,4.0,54,15577.6,4872.6,850.1,1,0
BGH-109,1202.0,1593.5,16.3,1065.2,5,268.1,82.2,11673.2,5,45.0,13024.5,4.3,100,15007.1,5184.2,532.1,1,0
BGH-114,1269.7,1366.2,14.4,1135.2,2,268.5,83.2,15721.0,9,64.5,5549.3,4.3,64,14872.6,4866.3,820.4,1,0
BGH-116,1202.7,1708.3,15.3,1133.9,2,315.1,83.9,13679.9,6,161.3,249.6,4.0,74,15394.8,5112.4,1046.9,0,0
BGH-139,1166.5,1134.3,15.2,1149.8,1,296.0,77.6,14236.6,8,79.5,3069.7,5.1,54,16119.3,4804.0,1249.0,0,0
BGH-117,1207.4,1440.4,15.7,1085.9,2,258.0,79.8,14417.7,11,173.1,187.5,6.9,64,15065.6,4610.2,1102.5,0,0
BGH-108,1232.8,1376.8,14.6,1199.9,3,260.1,70.1,10563.0,10,121.4,745.4,3.5,54,15844.7,5233.7,309.3,0,0
BGH-124,1226.8,1184.4,15.8,1154.1,2,269.1,78.6,11771.8,11,101.1,1422.4,6.9,100,15559.3,4637.6,1042.7,0,0
BGH-139,1227.6,1501.0,14.8,1041.3,1,291.6,77.1,16660.2,7,121.2,750.0,5.2,86,14497.4,4914.1,1529.7,0,0
BGH-113,1158.7,1201.9,15.3,1140.6,4,302.7,84.4,15209.2,9,112.3,987.5,6.0,74,15233.0,5207.3,1602.8,0,0
BGH-124,1238.5,1544.5,16.6,1101.0,3,269.2,83.5,17916.7,10,146.2,368.5,6.7,64,16320.9,4603.5,1441.1,0,0
BGH-149,1201.4,1644.2,16.2,1091.7,4,310.9,82.0,12264.2,10,79.5,3069.7,4.4,54,15759.2,5048.8,877.9,0,0
BGH-121,1164.4,1553.5,15.6,1100.5,3,257.6,70.9,16702.4,10,89.4,2133.3,7.3,54,15191.6,4884.5,1207.6,0,0
BGH-129,1238.1,1578.8,14.4,1066.7,1,264.5,76.0,15921.4,13,165.2,226.7,3.4,64,15492.8,4904.7,568.4,0,0
BGH-119,1177.3,1706.2,15.8,1150.4,2,317.9,80.4,17329.0,10,172.5,190.2,5.4,74,16044.8,5273.1,1790.4,0,0
BGH-120,1121.3,1494.6,15.8,1071.1,4,259.4,70.4,14784.8,6,165.0,227.8,4.1,74,16315.1,4944.6,681.6,0,0
BGH-143,1150.0,1334.8,13.8,1072.0,4,312.2,73.5,15229.3,13,98.7,1542.5,4.8,54,15320.4,4943.6,1310.8,0,0
BGH-131,1190.9,1378.2,15.8,1138.0,2,299.3,83.3,13245.0,8,149.3,339.4,5.0,74,15252.7,4750.4,1210.0,0,0
BGH-145,1228.9,1382.5,14.6,1208.5,1,255.1,71.9,14458.8,11,106.7,1182.0,7.1,86,16135.1,4814.3,1255.0,0,1
BGH-148,1156.8,1291.3,14.3,1075.2,2,283.9,70.8,14017.3,10,109.7,1072.8,5.0,100,15862.4,5019.0,1017.7,0,0
BGH-120,1188.0,1656.8,14.6,1037.7,5,286.3,78.7,12349.0,13,68.7,4677.0,6.1,100,15399.4,5023.2,935.4,0,0
BGH-134,1139.2,1605.4,13.8,1157.0,5,315.2,84.2,15272.3,7,122.8,714.7,7.3,86,15611.4,5029.4,2133.1,0,0
BGH-131,1249.1,1167.0,15.2,1109.8,5,279.5,82.5,16883.8,12,66.1,5196.7,5.2,74,15682.5,4508.3,852.7,1,0
BGH-129,1285.9,1334.7,14.7,1125.1,4,281.3,84.6,17359.8,9,86.4,2377.0,4.8,54,15894.3,4882.6,1094.5,0,0
BGH-138,1280.5,1281.6,16.4,1101.7,4,257.9,81.3,13378.8,10,159.7,259.8,7.4,74,15789.9,4635.6,1064.5,0,0
BGH-148,1248.2,1563.5,15.2,1129.7,1,294.7,76.6,14927.2,7,69.0,4620.9,6.7,64,15042.0,4591.3,1722.4,0,0
BGH-111,1243.1,1715.3,14.9,1118.2,3,264.8,84.2,14730.8,7,50.0,10363.2,7.2,64,14910.4,4701.8,1273.3,1,0
BGH-140,1096.4,1589.6,14.2,1073.8,2,255.4,76.4,17949.2,11,49.7,10504.2,4.8,74,15891.7,4771.2,870.3,1,0
BGH-146,1208.9,1359.8,15.2,1135.2,3,319.8,75.3,18572.6,10,171.7,193.8,6.1,86,14975.9,4713.3,2167.6,0,0
BGH-117,1175.2,1436.2,16.6,1125.0,4,268.9,76.7,12390.2,6,111.0,1029.1,4.1,64,15349.5,4909.7,658.0,0,0
BGH-120,1244.0,1221.4,16.7,1081.4,2,259.9,82.2,15973.0,12,97.3,1618.0,6.9,100,15978.2,4950.4,1157.3,0,0
BGH-112,1073.1,1236.8,15.2,1091.3,4,299.0,83.8,16062.2,9,153.5,304.2,7.2,54,15255.4,4984.7,2209.8,0,1
BGH-120,1209.6,1669.2,15.4,1060.7,1,307.5,75.4,14599.0,11,157.0,278.1,4.2,86,15569.5,4837.5,1024.2,0,0
BGH-107,1189.3,1788.8,16.1,1123.1,2,254.5,76.9,12474.2,7,86.5,2368.3,3.5,64,16769.3,5068.0,466.6,0,0
BGH-145,1255.9,1357.0,14.7,1123.6,4,257.4,83.5,16410.9,9,137.1,472.5,3.9,54,16468.1,4750.7,610.5,0,0
BGH-139,1277.4,1509.6,15.8,1098.1,5,256.3,70.7,17432.5,7,148.0,351.3,5.8,100,15381.5,5138.4,993.2,0,0
BGH-145,1153.6,1644.1,17.4,1043.1,5,253.3,81.8,13906.0,7,131.7,550.6,4.2,64,15191.1,4928.6,652.6,0,0
BGH-106,1155.8,1167.2,16.1,998.9,4,296.2,76.8,17392.8,5,61.2,6366.5,5.9,64,15118.2,5062.0,1634.0,1,0
BGH-122,1211.5,1290.3,16.1,1088.4,3,291.2,75.6,15008.1,7,162.6,241.7,4.6,54,14619.6,4821.2,1110.5,0,0
BGH-143,1286.7,1898.7,16.6,1111.8,1,296.4,76.7,17843.9,11,115.5,893.2,7.1,54,15723.2,4827.2,2152.2,0,0
BGH-131,1203.0,1308.5,16.2,1132.2,1,285.4,76.3,17839.9,13,79.5,3069.7,5.0,74,15753.0,4918.9,1322.1,0,0
BGH-110,1136.0,1427.6,15.3,1156.6,4,307.2,81.3,14952.9,5,99.5,1501.3,5.2,64,15522.6,4890.7,1412.9,0,0
BGH-121,1169.7,1379.4,14.6,1082.1,1,288.3,83.9,15834.7,8,45.3,12844.5,4.6,100,15511.0,4840.4,1223.5,1,0
BGH-121,1210.1,1101.0,15.4,1020.9,2,314.3,77.4,13595.2,11,57.9,7324.2,3.3,54,14323.1,4682.3,825.2,0,0
BGH-142,1212.0,1516.5,14.7,1074.3,1,284.0,82.5,11752.9,10,147.2,358.8,5.2,86,14616.7,4774.9,907.2,0,0
BGH-124,1164.8,1494.9,15.3,1209.2,5,305.3,81.0,15501.5,8,40.0,16489.3,6.5,64,15935.0,4655.8,1595.1,1,0
BGH-121,1168.7,1536.2,14.8,1182.2,4,278.5,75.0,12067.4,7,98.3,1563.7,7.3,86,15829.7,4482.0,1093.9,0,0
BGH-127,1150.9,1483.1,15.2,1121.4,2,280.5,78.8,19186.2,10,113.2,959.9,3.3,64,15793.9,4969.7,902.3,0,0
BGH-128,1257.1,1408.0,14.3,1078.4,1,309.4,80.0,17277.0,8,47.6,11554.6,6.6,54,15030.4,4743.3,2181.7,0,0
BGH-112,1158.3,1396.5,14.9,1095.4,5,257.5,70.4,14696.9,9,176.2,174.4,4.2,74,15485.3,5117.2,606.4,0,0
BGH-117,1176.8,1400.0,15.8,1185.7,3,289.5,75.9,20334.6,6,71.7,4149.7,6.7,64,15369.6,4731.9,2191.6,0,1
BGH-101,1175.3,1302.3,16.0,1110.5,1,300.8,84.9,13739.3,13,82.6,2733.1,4.5,54,16190.9,4747.0,1062.3,0,0
BGH-128,1119.7,1333.2,15.9,1081.0,5,302.5,79.6,14215.1,6,82.6,2733.1,3.5,54,16085.8,5149.8,926.5,0,0
BGH-120,1156.8,1305.6,15.2,1166.3,5,291.4,75.0,14190.9,8,72.3,4052.6,5.8,54,15022.4,5007.6,1325.4,0,0
BGH-114,1261.4,1614.7,15.6,1002.6,5,281.4,73.8,14872.0,12,40.2,16332.1,7.0,86,15896.6,5032.2,1328.4,1,1
BGH-126,1139.5,1561.2,17.1,1049.8,5,268.3,73.1,14379.9,11,142.1,411.6,3.8,54,15941.8,4842.6,585.9,0,0
BGH-149,1151.8,1505.4,14.9,1059.8,3,313.7,76.0,15913.1,8,175.4,177.7,3.1,86,15737.8,4626.0,943.8,0,0
BGH-130,1133.4,1888.5,16.8,1150.1,4,275.9,72.9,13002.5,12,71.4,4199.3,7.0,100,15460.5,4952.5,1118.2,1,0
BGH-114,1195.5,1314.9,14.3,1072.0,5,305.9,72.0,15255.8,10,132.8,533.5,6.1,74,15750.3,5068.8,1526.4,0,0
BGH-122,1294.3,1723.8,14.1,1011.3,4,252.2,75.5,13914.9,12,143.9,392.0,6.6,54,16074.2,4740.3,903.6,0,1
BGH-123,1193.4,1448.0,15.4,1065.4,3,266.3,79.1,15125.4,8,158.8,265.8,3.3,100,15348.3,5241.1,626.3,0,0
BGH-143,1203.3,1531.4,15.5,1076.5,3,274.2,72.2,12834.2,9,99.2,1516.6,7.0,54,14550.3,4936.6,1100.1,0,0
BGH-112,1160.2,1634.2,14.6,1096.6,2,297.0,70.7,13271.0,8,82.4,2753.5,4.9,100,15185.6,4910.2,1033.8,0,0
BGH-121,1196.9,1404.5,15.2,1106.4,2,272.4,70.5,19250.3,11,85.5,2456.2,7.0,54,15757.6,4929.8,1486.8,0,1
BGH-142,1261.5,1288.7,15.8,1148.4,5,252.9,74.0,13157.6,8,139.8,438.4,3.3,74,15897.1,4715.3,394.6,0,0
BGH-136,1207.1,1321.6,14.7,1084.4,4,262.2,72.9,16046.9,9,154.3,298.0,7.0,54,15838.4,4833.7,1239.4,0,0
BGH-132,1306.6,1078.7,16.3,1070.9,3,268.1,78.1,13926.4,13,65.4,5347.7,6.0,86,16384.8,4582.4,998.3,1,0
BGH-102,1263.0,1621.4,16.4,1102.3,1,262.3,76.8,12965.3,12,91.9,1952.0,5.5,54,14990.2,4886.8,796.8,0,0
BGH-118,1195.7,1616.5,16.5,1112.1,2,264.3,74.9,15128.2,6,166.3,220.7,3.3,64,16049.4,4960.7,655.7,0,0
BGH-122,1194.7,1816.7,14.8,1069.9,2,303.8,82.5,13262.2,11,152.9,309.0,6.1,86,15188.3,4939.9,1450.7,0,0
BGH-128,1281.5,1583.0,14.9,1014.8,1,278.8,77.6,16036.0,6,177.9,167.6,5.7,100,15301.7,4847.8,1285.6,0,0
BGH-129,1206.9,1631.0,15.4,1075.5,4,278.4,71.4,14750.5,7,145.6,374.5,6.3,54,15554.0,4665.2,1233.0,0,0
BGH-138,1270.4,1483.7,15.3,1140.4,4,317.7,74.4,17672.2,5,95.0,1751.5,6.2,54,14654.1,5310.2,2096.3,0,0
BGH-143,1300.1,1593.0,15.2,1096.1,4,281.3,84.6,12388.8,6,122.7,716.9,5.0,54,15578.2,4702.8,872.5,0,0
BGH-146,1189.8,1717.9,16.1,1162.2,5,314.9,84.7,15552.2,7,132.5,538.1,3.9,64,16728.2,4710.7,1160.5,0,0
BGH-124,1217.6,1536.3,16.0,1125.1,5,270.9,73.8,15740.7,9,51.0,9908.4,7.1,74,15399.2,4800.4,1318.9,1,0
BGH-136,1249.0,1395.8,14.8,1073.6,1,278.0,72.5,13006.8,10,116.2,874.0,7.2,74,15578.8,4809.8,1230.1,0,0
BGH-146,1238.4,1456.0,14.6,1173.5,3,277.7,77.4,13672.0,11,139.3,444.5,4.0,86,15745.5,4949.9,730.1,0,0
BGH-107,1238.0,1650.4,14.5,1056.5,1,288.2,77.2,12153.1,9,63.4,5807.6,5.8,86,15496.5,5038.2,1136.9,1,0
BGH-141,1133.3,1401.7,14.8,1016.2,3,290.9,76.2,11879.9,9,149.3,339.4,3.9,64,15877.2,4731.9,733.5,0,0
BGH-115,1157.6,1677.8,16.2,1117.2,1,267.4,77.9,14762.8,12,121.7,738.7,6.9,64,15069.7,5091.4,1230.2,0,0
BGH-107,1175.2,1881.7,15.6,1060.8,5,305.6,73.5,16613.7,5,173.3,186.6,3.4,64,14695.1,4875.3,978.4,0,0
BGH-100,1260.7,1680.3,16.2,1097.2,4,284.8,71.7,14736.8,13,45.9,12492.9,7.5,100,16083.6,4494.8,1290.2,1,0
BGH-143,1138.2,1649.4,14.1,1046.4,2,250.5,78.6,14820.4,7,77.1,3363.3,5.7,64,14055.9,4936.5,940.7,0,0
BGH-104,1276.2,1569.5,15.7,1100.2,1,291.4,84.0,12403.3,10,124.2,685.4,3.1,64,14589.6,4911.3,633.4,0,0
BGH-102,1239.0,1344.6,15.7,1124.2,1,305.9,72.1,10796.8,8,81.5,2847.5,7.0,64,14587.2,4920.5,1446.0,0,0
BGH-100,1257.7,1326.5,16.5,1131.6,2,267.5,80.6,15684.1,6,140.0,436.0,6.1,64,15621.5,5054.6,1482.5,0,0
BGH-103,1153.5,1324.5,15.2,1043.1,1,252.7,76.6,13678.6,10,146.3,367.5,6.1,74,15636.4,5075.4,855.2,0,0
BGH-139,1203.6,1610.9,15.1,1032.3,4,306.5,74.4,11398.2,12,54.4,8524.0,4.2,54,14639.7,4745.9,801.9,1,0
BGH-134,1214.9,1422.1,16.7,1119.9,2,318.3,82.8,13911.9,8,111.9,1000.1,4.5,54,15416.5,4466.1,1197.8,0,0
BGH-131,1212.7,1494.2,15.4,1081.0,2,255.4,76.8,15498.7,12,111.2,1022.6,7.1,74,16444.0,4717.1,1109.7,0,1
BGH-141,1214.8,1583.7,15.6,1072.2,4,315.7,78.7,15805.2,11,91.7,1965.9,5.9,64,14824.8,4777.7,1582.3,0,0
BGH-133,1186.2,1331.9,15.9,1094.1,4,275.1,76.6,15397.8,5,170.6,199.0,3.1,100,15270.7,4884.4,648.0,0,0
BGH-142,1206.8,1399.6,14.2,1091.5,2,315.9,71.2,13608.9,9,155.9,286.0,4.5,100,15460.5,4616.8,1171.7,0,0
BGH-124,1251.7,1564.6,15.5,1118.7,4,295.4,78.9,16188.9,12,137.6,466.0,5.7,86,15847.7,4806.9,1408.1,0,0
BGH-109,1141.7,1441.8,14.5,1124.4,4,312.3,76.3,14959.1,10,140.0,436.0,3.7,54,14489.9,4788.3,1057.6,0,0
BGH-120,1277.4,1460.5,15.4,1149.2,4,305.0,71.3,13247.5,13,104.6,1266.2,3.4,86,14813.0,4726.4,680.4,0,0
BGH-145,1249.1,1293.5,15.3,1087.1,2,252.0,78.9,12765.8,11,168.9,207.3,3.3,64,15380.3,4566.3,452.3,0,0
BGH-138,1151.7,1463.2,15.1,1149.8,1,254.6,70.1,15392.6,6,137.2,471.2,5.8,86,15765.9,4752.3,977.1,0,0
BGH-126,1219.2,1830.4,16.0,1129.4,3,286.8,73.1,16737.9,5,142.1,411.6,4.4,64,16560.4,5147.2,1165.9,0,0
BGH-126,1245.1,1410.7,15.6,1143.7,2,259.1,81.7,16187.3,13,160.6,254.0,4.7,86,16143.6,4778.1,720.9,0,0
BGH-101,1138.2,1270.6,14.7,1044.7,3,282.3,70.6,15326.4,9,78.4,3200.5,3.3,74,15094.7,4560.5,808.8,0,0
BGH-140,1202.1,1691.6,14.6,1094.8,4,316.8,79.7,16266.8,6,153.0,308.2,6.3,64,15311.8,5225.4,1960.7,0,0
BGH-147,1196.1,1604.7,16.2,1194.8,4,270.6,84.2,19742.9,8,67.3,4949.0,6.5,100,15581.1,4497.0,1702.7,0,0
BGH-112,1167.7,1542.5,15.5,1031.4,1,284.2,72.6,15575.7,10,88.3,2219.1,6.7,64,15029.1,4846.2,1596.5,0,1
BGH-108,1204.6,1236.3,14.4,1189.6,4,276.9,76.3,15314.8,13,87.0,2325.8,5.9,100,15568.0,4729.0,1108.2,0,0
BGH-135,1170.0,1264.7,15.2,1187.4,3,294.1,78.6,16089.2,12,177.0,171.2,6.5,100,16702.0,4730.5,1438.5,0,0
BGH-121,1268.7,1192.5,15.4,1136.6,2,263.6,76.8,16500.6,10,159.9,258.5,5.6,86,14433.5,4741.7,1068.7,0,0
BGH-141,1168.7,1586.3,14.5,1032.7,2,268.2,79.3,12328.2,8,138.2,458.3,5.2,54,15671.5,4977.5,754.2,0,0
BGH-125,1239.6,1704.0,15.0,1089.2,1,310.1,76.1,15354.2,9,141.8,415.0,4.2,54,16357.2,4912.2,1220.6,0,0
BGH-111,1117.2,1593.1,16.2,1139.6,3,306.8,72.2,17007.7,8,118.7,809.2,3.2,54,16125.9,5119.9,998.6,0,0
BGH-116,1191.9,1890.0,17.5,1033.7,4,305.2,71.3,18491.3,8,172.6,189.8,4.3,100,15835.4,5384.5,1306.3,0,0
BGH-113,1200.6,1411.6,15.7,1133.8,5,304.0,81.2,15040.4,12,109.5,1079.7,6.1,54,15672.8,5009.9,1294.0,0,0
BGH-113,1190.3,1435.3,14.4,1105.4,1,282.2,73.6,14091.5,8,93.3,1858.3,7.2,64,16224.0,4972.7,1412.4,0,0
BGH-133,1180.2,1521.3,15.3,1071.6,1,301.0,82.7,15329.9,7,62.8,5954.2,4.2,64,15491.8,4871.5,1231.9,0,0
BGH-119,1166.6,1454.1,15.6,1044.0,5,277.1,81.1,13712.2,6,150.1,332.4,6.0,64,16531.4,5030.3,1077.3,0,0
BGH-110,1237.7,1599.7,16.1,1173.0,2,257.0,70.7,18138.6,5,142.8,403.9,5.2,100,16069.9,4903.4,1035.7,0,0
BGH-115,1250.0,1372.1,16.1,1138.8,2,277.5,73.0,15961.7,9,93.8,1826.2,5.8,100,15262.2,4759.1,1267.6,0,0
BGH-130,1195.9,1221.1,16.6,1091.8,2,261.1,74.4,14894.8,8,43.5,13968.6,3.0,54,16340.1,4929.8,558.1,1,0
BGH-105,1145.2,1142.1,15.5,1101.7,5,277.4,78.9,17227.2,13,157.5,274.6,3.6,86,15361.7,4810.6,702.6,0,0
BGH-118,1289.7,1596.1,15.5,1086.6,4,270.8,82.1,12693.2,13,41.6,15278.0,4.0,100,15078.9,5017.4,497.1,1,0
BGH-136,1156.0,1394.8,14.0,1009.6,4,291.9,70.9,10856.1,9,138.5,454.5,7.0,74,15887.5,4571.8,1126.4,0,0
BGH-103,1127.0,1266.1,14.7,1164.4,3,275.3,73.7,15843.4,9,175.8,176.0,3.2,64,15818.8,4906.8,621.8,0,0
BGH-146,1099.4,1376.2,14.4,1110.9,3,299.4,75.6,17148.0,10,101.3,1412.9,5.6,64,15464.6,5058.2,1593.4,0,0
BGH-103,1205.0,1890.5,14.8,1147.7,2,285.9,72.8,14715.4,8,72.9,3958.2,7.2,54,15808.8,5089.7,1577.4,0,0
BGH-119,1189.1,1277.8,14.6,1077.3,5,314.4,78.2,13641.8,10,138.7,452.0,5.9,86,16328.2,4848.7,1456.3,0,0
BGH-109,1251.5,1645.4,14.6,1104.6,1,256.4,77.2,13086.4,12,154.4,297.2,5.2,64,15756.5,4977.9,621.6,0,0
BGH-123,1230.6,1584.2,16.4,1116.0,4,298.1,74.7,12531.0,9,116.5,865.9,4.7,100,15827.5,5135.4,945.9,0,0
BGH-134,1214.5,1768.3,14.0,1151.6,5,297.1,77.8,16330.3,12,175.4,177.7,5.8,86,16210.2,4844.9,1337.8,0,0
BGH-125,1186.4,1475.4,15.3,1189.6,3,316.5,75.3,16635.9,12,47.2,11768.0,5.2,64,15072.9,5189.2,1500.1,1,0
BGH-136,1255.5,1187.9,16.2,1082.6,4,276.0,75.1,16836.2,7,110.7,1039.0,6.2,54,15679.0,4787.9,1395.5,0,0
BGH-137,1293.4,1698.5,15.3,1082.6,4,271.4,74.0,15014.5,10,140.6,428.9,5.8,54,16493.2,4586.4,1005.6,0,0
BGH-120,1250.4,1450.0,16.6,1087.7,5,262.1,78.1,12687.9,5,160.8,252.8,5.6,54,16285.5,4704.6,823.0,0,0
BGH-139,1176.8,1754.9,15.0,1070.2,3,268.6,76.7,13570.2,9,65.1,5413.9,7.3,100,15703.0,4777.4,1111.8,0,0
BGH-138,1239.1,1663.2,16.9,1232.3,5,285.1,72.9,16197.3,11,152.0,316.3,6.8,54,15644.0,5001.3,1446.7,0,0
BGH-120,1179.9,1699.2,14.2,1015.9,1,308.6,70.2,12925.4,9,117.4,842.2,5.7,74,13702.4,4621.9,1244.5,0,0
BGH-109,1144.7,1973.7,16.6,1234.3,4,269.9,72.3,14796.3,7,95.5,1721.4,5.4,100,16206.8,4872.6,981.6,0,0
BGH-137,1155.0,1556.4,14.8,1131.9,5,261.0,70.6,12965.0,6,58.4,7169.0,6.3,74,16116.6,5133.8,915.3,1,0
BGH-145,1182.1,1788.6,16.7,1095.9,5,269.0,76.5,13606.4,6,161.1,250.9,6.6,54,14834.5,4788.7,1247.8,0,0
BGH-103,1205.2,1419.0,15.1,1058.1,1,257.1,73.4,12696.2,13,62.0,6156.4,4.3,86,15996.0,4964.7,551.5,1,0
BGH-144,1303.0,1608.1,16.4,1098.0,5,314.9,76.3,15032.6,6,83.4,2653.3,6.0,100,15562.2,4910.3,1725.7,0,0
BGH-119,1155.9,1399.5,16.5,1071.8,4,311.1,74.9,12073.9,11,80.6,2945.1,3.6,74,15615.3,4946.5,815.0,0,0
BGH-116,1266.2,1595.8,15.0,1169.0,2,271.6,78.1,13479.3,13,162.0,245.3,4.9,100,15921.5,4669.4,768.6,0,0
BGH-106,1184.1,1575.0,16.3,1131.6,2,267.3,80.9,16702.2,7,134.2,512.7,7.2,74,15749.8,4596.9,1548.4,0,0
BGH-103,1099.2,1087.9,15.5,1183.5,3,313.4,77.2,17097.6,11,151.5,320.4,4.5,100,14730.0,4941.7,1301.8,0,0
BGH-128,1174.7,1377.7,14.3,1085.5,1,250.1,70.9,16341.6,5,75.1,3632.7,3.7,64,15215.2,5008.3,667.1,0,0
BGH-113,1258.8,1546.1,15.9,1107.1,3,292.0,70.3,17830.8,10,127.5,621.8,3.7,74,15092.8,5029.3,1012.4,0,0
BGH-102,1217.2,1048.5,14.7,1095.1,2,314.1,73.2,12360.8,6,120.0,777.8,4.8,74,14470.5,5058.2,1135.2,0,0
BGH-123,1220.2,1480.8,15.0,1081.3,1,285.6,76.4,14817.3,5,156.6,281.0,4.0,100,15360.8,5029.0,1050.9,0,0
BGH-136,1266.4,1701.7,14.8,1048.5,5,250.2,70.7,15151.0,9,166.9,217.5,4.9,86,16104.0,4812.4,723.4,0,0
BGH-115,1148.2,1760.0,15.8,1136.0,5,265.3,74.9,18903.7,10,41.7,15205.7,6.2,64,15406.2,4695.4,1284.7,1,0
BGH-103,1147.4,1343.5,14.7,1117.1,4,314.6,83.3,14525.1,6,134.4,509.8,7.0,74,15699.9,5072.0,1945.3,0,0
BGH-123,1086.8,1772.9,14.5,1097.6,2,251.2,71.4,16602.6,8,47.3,11714.2,3.5,54,15775.5,4770.7,633.9,1,0
BGH-133,1243.9,1741.6,14.7,1125.1,5,277.6,84.2,18387.2,7,116.8,857.9,6.5,54,16047.4,4854.3,1576.7,0,0
BGH-129,1228.1,1070.4,14.9,1079.4,1,305.3,82.9,15260.6,5,80.3,2978.5,3.5,100,14873.3,4553.2,1021.9,0,0
BGH-117,1236.2,1523.2,15.9,1100.8,5,308.7,82.5,14061.8,5,82.9,2702.9,4.7,86,16503.0,5227.9,1264.5,0,0
BGH-118,1140.8,1545.3,16.2,1143.1,3,283.4,83.0,14234.9,7,89.4,2133.3,7.5,64,15740.3,4766.3,1659.5,0,0
BGH-130,1119.8,1803.8,16.2,1149.9,3,266.3,71.2,11577.1,6,127.0,631.0,3.3,74,14765.1,4549.3,498.8,0,0
BGH-118,1134.0,1557.3,15.5,1176.4,3,292.0,72.3,14081.7,6,86.8,2342.7,3.1,54,15084.7,5213.7,682.4,0,0
BGH-148,1153.9,1778.7,15.5,1044.5,3,268.5,72.0,12157.3,9,142.6,406.1,4.5,74,14704.8,4898.7,795.6,0,0
BGH-145,1277.7,1343.8,15.4,1051.9,3,267.9,71.7,16564.4,9,96.6,1657.3,7.3,54,15742.9,4799.0,1380.9,0,0
BGH-118,1250.0,1180.4,15.9,1042.4,4,306.5,74.9,11875.7,11,49.6,10551.6,3.1,100,15899.6,5277.4,616.0,1,0
BGH-121,1177.1,1370.4,16.4,1067.6,3,260.8,82.5,15784.5,9,149.7,335.9,4.0,100,15794.8,4804.2,709.9,0,0
BGH-123,1215.0,1815.4,15.4,1083.2,4,250.4,73.8,17275.4,7,80.0,3012.3,5.7,74,16742.2,5094.0,890.6,0,0
BGH-144,1166.1,1685.2,15.9,1121.9,4,273.6,73.7,16457.9,10,100.6,1446.5,4.1,100,15576.4,4648.3,849.5,0,0
BGH-111,1218.2,1964.5,14.5,1158.2,5,284.4,80.1,14034.0,7,136.0,487.3,3.2,64,15950.2,5021.0,651.2,0,0
BGH-129,1143.1,1211.3,16.2,1080.3,1,299.4,71.5,16527.7,12,86.5,2368.3,3.2,100,14659.2,4999.2,812.8,0,0
BGH-137,1237.5,1708.3,15.7,1128.7,3,304.7,75.4,15019.4,10,47.9,11397.5,5.5,64,14885.8,5055.0,1494.7,1,0
BGH-130,1157.5,1651.0,14.7,1163.9,1,296.4,74.4,14085.4,11,92.3,1924.7,5.5,100,15740.2,4695.2,1188.8,0,0
BGH-135,1240.3,1442.9,16.4,1077.2,2,293.9,82.7,14273.2,7,172.2,191.6,6.2,74,15995.6,4569.2,1468.4,0,0
BGH-118,1178.6,1655.2,14.5,1085.9,4,296.6,77.7,15885.8,11,129.8,581.5,3.6,64,15776.5,5381.9,817.4,0,0
BGH-147,1160.5,1528.0,13.7,1103.3,2,269.0,79.7,11886.7,13,134.0,515.6,5.2,86,15060.7,5073.5,744.1,0,0
BGH-144,1280.6,1592.1,16.2,1016.2,4,276.8,71.9,13991.9,12,128.5,603.9,5.7,74,16448.3,4818.7,996.1,0,0
BGH-135,1208.8,1636.1,15.8,1125.6,3,293.2,83.9,15749.5,6,67.9,4830.2,4.0,64,14293.3,5028.3,973.7,0,0
BGH-129,1183.9,1696.0,14.5,1039.8,2,254.6,74.8,13974.7,6,98.6,1547.8,5.5,54,16566.5,4728.4,848.0,0,0
BGH-148,1237.9,1517.4,15.8,1139.5,5,270.7,80.6,12416.4,11,145.1,379.5,6.2,54,15207.1,4843.6,821.3,0,0
BGH-132,1133.0,1855.5,16.4,1078.5,2,278.4,84.3,13217.3,8,54.2,8599.0,7.5,86,16547.4,4690.2,1478.1,1,0
BGH-117,1255.3,1456.9,15.7,1074.5,4,287.3,77.6,15344.2,13,78.9,3140.3,5.7,54,15368.2,4833.6,1089.2,0,0
BGH-148,1193.0,1876.8,17.5,1051.1,4,284.1,77.6,15965.7,10,78.7,3164.2,6.9,74,15846.5,4602.0,1484.0,0,0
BGH-127,1230.0,1274.4,14.8,1127.0,1,300.3,71.8,17169.2,13,100.5,1451.4,6.8,64,15585.4,5222.1,1880.0,0,0
BGH-146,1122.6,1303.0,13.7,1126.7,2,283.1,75.9,16561.6,7,177.3,170.0,7.2,74,14958.3,4828.5,1775.3,0,0
BGH-110,1180.9,1314.7,14.4,1077.2,5,313.3,82.8,16538.2,10,49.5,10599.4,6.3,100,15537.9,4766.9,1993.4,1,0
BGH-144,1200.2,1691.4,13.7,1189.9,3,276.6,72.0,11156.8,10,112.6,978.2,4.0,100,14880.4,4711.8,548.9,0,0
BGH-132,1251.5,1338.9,17.2,1101.7,1,286.8,83.8,16506.0,12,65.1,5413.9,4.3,54,15138.7,5237.1,1020.3,0,0
BGH-116,1234.0,1798.0,15.5,1099.3,2,250.2,80.0,13965.6,11,175.9,175.6,6.5,86,17269.3,4807.5,913.9,0,0
BGH-105,1180.4,1394.7,17.1,1103.0,1,271.7,76.3,12116.9,7,55.9,7984.3,5.3,86,15672.0,5167.7,870.2,1,0
BGH-103,1215.9,1579.9,15.2,1066.0,2,310.7,78.2,16115.8,5,96.5,1663.1,4.1,100,15119.4,4978.8,1264.2,0,0
BGH-119,1262.8,1628.0,14.8,1050.3,3,273.4,72.3,15357.8,6,143.3,398.4,6.0,86,16038.1,4997.9,1296.0,0,0
BGH-147,1190.0,1296.9,14.1,1081.3,3,267.7,73.3,16769.5,6,138.6,453.2,7.1,86,16060.6,4890.9,1630.3,0,1
BGH-146,1184.6,1221.8,15.2,1131.7,5,288.0,74.3,13931.1,5,99.2,1516.6,4.6,54,14883.9,4679.5,1078.2,0,0
BGH-126,1105.5,1556.6,16.2,1007.4,1,255.5,75.8,14988.6,8,88.5,2203.2,5.7,74,15195.9,5111.1,967.9,0,0
BGH-114,1186.0,1444.6,15.3,1025.0,5,287.2,83.7,11398.4,10,95.7,1709.6,5.6,74,16292.1,4929.6,821.9,0,0
BGH-105,1113.0,1599.7,14.2,1069.6,2,271.3,75.5,18921.9,8,77.0,3376.2,3.6,64,15568.7,4795.8,848.3,0,0
BGH-146,1194.3,1230.9,16.0,1010.3,3,276.8,77.9,12323.3,8,68.7,4677.0,3.4,74,16412.9,4930.3,631.0,0,0
BGH-113,1249.4,1428.6,16.2,1029.2,3,305.4,72.4,13379.4,13,107.6,1148.0,7.0,74,14661.9,4949.0,1560.1,0,0
BGH-110,1094.0,1463.6,15.1,1140.5,4,296.3,81.0,12938.5,6,77.6,3299.5,7.2,54,16313.2,4783.3,1474.8,0,0
BGH-138,1261.7,1012.5,15.0,1078.1,4,281.2,78.4,15413.1,5,80.2,2989.7,7.1,54,16012.0,4685.0,1534.1,0,1
BGH-108,1183.5,1699.1,14.1,1057.7,5,290.4,76.6,13303.8,11,131.9,547.4,4.8,74,15048.0,4676.8,810.0,0,0
BGH-125,1198.6,1348.5,16.0,1107.0,1,303.7,84.2,17156.4,9,175.6,176.8,4.3,64,15583.1,4877.6,1349.5,0,0
BGH-115,1174.9,1799.8,15.1,1105.7,2,302.2,83.4,15629.6,9,124.5,679.3,7.2,74,14926.0,5095.9,2053.5,0,1
BGH-104,1114.3,1361.4,13.4,1158.2,5,263.0,79.9,12019.7,6,50.8,9997.5,7.0,74,16040.4,4718.0,1093.2,1,0
BGH-109,1160.9,1395.7,14.3,1011.0,3,271.1,83.8,16559.7,10,50.6,10087.5,6.7,100,16294.7,4736.0,1472.1,1,1
BGH-149,1304.9,1251.6,15.9,1053.7,3,274.4,78.5,16823.8,9,173.2,187.1,4.5,64,15425.5,4837.4,983.6,0,0
BGH-102,1145.2,1729.3,15.2,1070.1,3,263.1,82.4,13542.9,9,81.6,2836.8,5.9,74,15653.0,4766.5,867.6,0,0
BGH-112,1120.6,1590.8,14.6,1119.6,2,250.9,76.1,12711.3,10,52.9,9105.6,6.4,54,15475.6,4870.2,851.6,1,0
BGH-142,1207.1,1780.0,15.5,1244.6,5,262.2,71.3,15797.3,6,123.9,691.6,5.6,74,16372.5,4806.5,879.1,0,0
BGH-148,1195.7,1458.5,14.8,1129.3,2,306.6,84.9,16317.3,9,127.3,625.5,5.7,86,15577.7,4795.7,1622.2,0,0
BGH-129,1183.8,1491.7,15.0,1086.7,3,288.2,72.5,12993.1,5,130.8,565.0,6.4,100,15369.6,4918.4,1415.0,0,0
BGH-144,1200.7,1163.6,15.3,1039.3,4,273.9,73.8,16847.1,12,77.4,3324.9,6.5,100,16495.7,5021.6,1366.0,0,0
BGH-105,1232.2,1375.2,16.8,1033.1,5,292.6,72.4,13852.6,5,42.1,14920.4,4.1,100,15955.7,5064.1,999.9,1,0
BGH-116,1170.6,1534.1,16.8,1145.2,4,301.8,75.1,17366.4,11,175.1,178.9,4.8,64,15454.1,4838.2,1318.3,0,0
BGH-144,1209.7,1577.4,13.9,1060.3,5,274.8,74.3,11840.4,10,75.1,3632.7,6.5,100,15779.0,4970.7,1015.3,0,0
BGH-118,1251.2,1864.8,15.4,1082.3,3,282.6,79.0,13533.4,12,134.6,506.9,4.2,74,16018.6,4903.0,728.7,0,0
BGH-141,1150.2,1129.8,14.3,1182.9,4,254.5,84.9,14583.2,9,138.9,449.5,7.1,64,16092.2,4684.4,1005.6,0,0
BGH-134,1083.9,1545.9,14.6,1014.3,4,291.8,70.8,13017.6,10,125.4,661.4,6.8,86,14964.6,4503.0,1333.1,0,0
BGH-145,1233.5,1424.8,14.0,1113.5,5,274.9,81.7,14936.7,8,83.8,2614.4,7.0,54,15857.9,4907.3,1427.7,0,0
BGH-125,1325.1,1515.1,14.8,1054.8,4,280.3,71.9,14306.4,5,78.0,3249.6,4.3,100,15755.9,4890.7,961.7,0,0
BGH-104,1199.6,1520.5,14.5,1181.8,4,279.6,70.3,14580.7,11,123.7,695.7,3.5,74,16002.7,5083.5,699.7,0,0
BGH-128,1210.1,1461.8,16.3,1053.1,3,294.3,79.6,14192.0,6,161.3,249.6,3.5,64,16145.0,5304.2,870.9,0,0
BGH-136,1185.2,1273.4,14.8,1133.4,5,290.1,83.1,12418.8,5,172.5,190.2,5.5,74,16487.0,4740.4,1146.0,0,0
BGH-119,1279.4,1236.2,13.9,1009.6,5,279.5,72.6,14954.0,5,54.8,8376.1,4.4,100,15312.5,4641.5,928.0,1,0
BGH-148,1196.1,1447.0,15.5,1177.7,1,251.2,75.1,14748.9,5,61.7,6234.3,4.2,54,15539.3,4672.1,746.9,1,0
BGH-120,1190.7,1215.9,15.4,1146.0,5,293.5,72.5,12982.1,6,172.3,191.1,4.0,64,14464.9,5015.9,993.5,0,0
BGH-109,1245.5,1477.4,15.3,1072.2,3,311.6,83.6,17498.1,5,143.1,400.6,5.5,74,15082.4,4847.3,1841.3,0,0
BGH-104,1175.8,1449.3,16.0,1119.6,4,303.9,74.1,15629.8,8,163.6,235.8,5.5,64,14624.7,4933.7,1490.7,0,0
BGH-135,1135.8,1010.0,16.5,1147.9,1,318.7,76.7,16439.3,11,68.4,4733.8,4.9,100,16133.2,4888.5,1541.2,0,0
BGH-105,1244.1,1886.7,15.3,1107.6,4,259.7,83.4,13382.6,7,122.3,725.5,3.6,100,15520.3,5077.5,497.0,0,0
BGH-125,1170.4,1515.5,15.7,1080.6,5,265.6,78.3,10382.0,13,138.2,458.3,7.2,86,16185.9,4785.1,731.9,0,0
BGH-103,1151.2,1012.5,15.3,1095.1,2,287.7,84.0,18488.0,6,135.2,498.4,4.9,86,15851.3,4689.1,1457.2,0,0
BGH-138,1305.0,1549.4,15.9,1105.5,4,266.5,83.9,15337.3,6,97.1,1629.1,3.6,100,15471.9,4746.4,646.5,0,0
BGH-138,1191.1,1459.3,14.3,1102.8,5,252.4,76.9,15727.3,11,42.2,14850.0,3.2,64,15536.8,5088.9,527.5,1,0
BGH-149,1224.7,1236.4,16.0,1121.7,3,278.2,78.7,15641.2,13,121.6,741.0,3.7,74,15257.2,4802.0,738.5,0,0
BGH-134,1201.5,1561.9,15.7,1048.9,5,270.1,73.5,15798.1,10,75.4,3590.8,4.3,74,15693.2,5014.4,807.8,0,0
BGH-100,1155.7,1311.6,14.7,1067.6,1,268.5,84.9,12872.6,5,103.0,1335.0,5.8,64,16259.0,4893.6,1046.7,0,0
BGH-123,1234.5,1538.6,17.3,1080.5,2,316.7,74.2,12942.5,10,174.1,183.2,7.4,54,16549.7,5051.2,1757.3,0,0
BGH-135,1215.7,1359.7,14.4,1123.6,2,266.7,81.7,12948.0,8,95.9,1697.8,4.2,64,15155.1,5179.2,681.5,0,0
BGH-105,1167.0,1318.9,15.8,1023.6,2,259.1,74.7,16102.6,9,157.6,273.9,6.6,100,16426.3,4672.5,1164.9,0,0
BGH-140,1221.7,1496.9,14.7,1107.7,3,258.8,74.7,12573.4,8,66.4,5133.4,7.1,100,15367.9,5020.2,922.2,0,0
BGH-145,1174.3,1175.6,16.0,1139.0,2,306.4,71.6,11942.4,7,134.1,514.1,4.8,86,14712.9,4728.0,1096.8,0,0
BGH-143,1144.8,1483.5,17.1,1102.4,4,300.0,78.4,13715.0,6,176.8,172.0,4.1,74,15127.6,5099.2,960.7,0,0
BGH-130,1139.7,1631.5,16.1,1103.8,3,259.1,73.7,14455.5,6,54.3,8561.4,5.2,86,15498.6,4755.1,769.1,1,0
BGH-119,1213.5,1754.1,15.4,1084.9,5,265.4,72.2,14900.6,8,41.2,15571.1,7.0,74,15725.7,4383.7,1179.9,1,0
BGH-123,1180.9,1717.7,16.2,1103.1,1,302.3,73.4,14027.5,7,100.7,1441.7,3.0,64,15064.9,5361.0,796.5,0,0
BGH-124,1275.1,1770.7,15.0,1077.9,3,269.2,73.8,15968.7,10,53.0,9065.5,5.2,54,15890.1,4855.4,1053.3,1,0
BGH-135,1197.9,1409.1,15.9,1091.7,1,318.7,77.6,17333.9,7,144.8,382.6,6.4,74,16180.5,5049.0,2122.5,0,0
BGH-120,1160.7,1295.1,15.6,1077.9,3,287.8,75.8,15098.3,7,168.0,211.8,5.7,54,16491.6,4835.1,1279.4,0,0
BGH-129,1207.9,1663.1,14.5,1091.0,5,263.4,71.1,17324.0,8,100.8,1436.8,5.2,54,16037.1,5037.3,1037.0,0,0
BGH-123,1135.3,1396.6,16.9,1084.1,1,310.1,78.0,16099.8,9,76.2,3481.6,5.5,54,16077.3,4764.5,1656.2,0,0
BGH-143,1195.8,1501.3,16.5,1040.9,3,272.4,81.8,13090.0,13,100.8,1436.8,5.8,64,15283.6,4764.1,927.0,0,0
BGH-141,1216.0,1649.4,14.8,1024.7,1,270.2,78.6,13306.5,9,141.3,420.7,6.1,54,16043.9,4993.7,1163.4,0,0
BGH-129,1209.8,1904.2,16.3,1104.0,2,272.9,84.6,13205.5,5,41.3,15497.2,4.6,54,15290.3,4862.7,723.4,1,0
BGH-121,1265.1,1605.8,14.6,1130.2,2,303.8,71.5,14618.2,13,122.5,721.2,5.3,100,16089.1,4708.2,1211.2,0,0
BGH-127,1329.9,1541.0,15.9,1177.7,2,262.1,82.3,14442.3,6,125.9,651.7,4.2,100,15693.4,4990.0,788.1,0,0
BGH-106,1233.6,1275.8,15.5,1154.9,4,276.7,77.6,16189.4,8,129.3,590.0,7.4,74,15984.6,4903.3,1589.6,0,0
BGH-134,1258.9,1733.9,16.8,1145.2,2,252.2,77.8,14686.3,10,73.9,3806.3,3.8,100,15152.2,4868.5,633.5,0,0
BGH-127,1327.2,1581.7,15.8,1111.5,2,307.9,77.8,15495.3,13,140.0,436.0,3.7,74,14994.7,4811.8,1072.3,0,0
BGH-113,1149.7,1430.6,14.3,1106.0,5,273.9,74.9,12664.3,6,52.8,9146.0,4.2,54,14700.7,4888.9,740.5,1,0
BGH-109,1206.5,1409.9,16.3,1060.5,1,267.4,74.9,15483.2,13,67.9,4830.2,7.1,100,15744.6,4956.1,1119.5,0,0
BGH-115,1176.1,1418.6,15.1,1054.9,1,290.6,79.5,14043.2,13,162.8,240.5,6.0,86,15235.4,4807.3,1237.9,0,0
BGH-115,1242.1,1508.8,15.1,1109.5,2,299.3,70.7,13897.4,5,143.4,397.4,5.1,64,15004.7,4594.6,1356.1,0,0
BGH-130,1213.6,1208.2,15.5,1058.3,1,306.9,78.8,13707.0,10,41.9,15062.3,7.2,100,15386.5,4846.4,1829.9,1,0
BGH-141,1159.1,1743.6,15.0,1095.5,3,274.3,80.9,18022.5,10,74.8,3675.2,7.1,64,16932.0,4821.0,1603.5,0,0
BGH-124,1200.5,1706.9,16.9,975.1,2,306.9,75.3,12640.6,13,70.0,4439.6,4.8,100,16179.6,4959.7,1122.2,0,0
BGH-112,1252.3,1466.5,16.1,1123.4,2,282.5,73.3,16353.5,10,77.9,3262.0,5.5,100,16294.7,4919.6,1309.9,0,0
BGH-105,1134.8,1419.1,14.6,1048.3,4,257.1,73.2,14906.8,6,74.7,3689.5,7.1,86,15712.7,4934.5,1158.4,0,0
BGH-143,1160.1,1495.4,14.9,1028.6,3,309.2,71.2,12279.9,12,48.8,10940.5,4.4,54,15432.2,4892.9,858.1,1,0
BGH-108,1152.6,1529.3,14.5,1136.1,2,288.3,71.3,14405.0,5,104.3,1278.8,4.8,74,15177.8,4891.8,1303.0,0,0
BGH-144,1216.3,1440.0,16.3,1148.2,2,292.2,72.5,10326.9,9,142.6,406.1,6.6,100,15006.3,4930.2,1114.9,0,0
BGH-135,1262.0,1699.8,15.4,1095.8,1,315.6,70.3,18439.2,7,124.9,671.3,6.1,100,15477.8,4562.8,2152.0,0,0
BGH-142,1099.5,1215.2,14.7,1064.1,2,289.1,74.0,14263.9,10,134.2,512.7,3.2,64,15425.3,4856.2,740.6,0,0
BGH-119,1204.7,1357.6,16.8,1135.9,2,250.4,74.6,17231.0,9,51.4,9733.0,3.5,54,16133.8,4801.4,543.6,1,0
BGH-117,1153.8,1655.0,15.9,1061.5,2,310.9,84.9,17691.5,8,173.2,187.1,6.8,100,15592.5,4850.9,2301.7,0,0
BGH-142,1250.3,1564.9,15.6,1092.1,2,269.9,84.9,13863.9,7,157.4,275.3,3.1,100,14135.6,4702.3,599.1,0,0
BGH-120,1188.2,1364.1,15.6,1167.4,4,285.1,72.8,15058.7,5,152.7,310.6,7.1,74,15170.0,4902.7,1911.5,0,0
BGH-103,1206.5,1580.1,14.4,1118.8,3,264.3,73.2,15370.8,12,155.2,291.2,4.2,54,15279.4,4834.2,735.0,0,0
BGH-149,1199.9,1341.4,15.9,1097.7,4,270.8,77.4,18800.5,9,170.6,199.0,5.7,54,14861.6,4570.4,1320.3,0,0
BGH-132,1256.2,1438.0,15.2,1086.2,1,298.1,72.2,14617.4,12,116.2,874.0,5.5,100,15244.7,4783.4,1260.1,0,0
BGH-126,1302.4,1708.7,16.2,1102.2,5,280.1,77.6,14892.5,13,68.0,4810.8,4.8,54,16087.1,4886.0,816.3,0,0
BGH-106,1143.3,1686.6,16.0,1113.3,2,293.9,76.0,12201.9,12,126.3,644.1,3.1,54,15062.8,5152.8,527.3,0,0
BGH-105,1152.4,1557.6,15.5,1043.7,1,307.7,74.9,13211.9,10,144.0,391.0,3.9,74,15678.8,5243.1,985.8,0,0
BGH-114,1216.1,1289.8,15.4,1160.4,5,273.9,82.3,14000.6,12,143.3,398.4,5.8,86,15802.5,4822.2,927.3,0,0
BGH-117,1159.2,1424.5,16.8,1077.1,2,289.8,82.4,17602.7,9,113.0,966.0,5.0,74,15904.3,5137.7,1462.0,0,0
BGH-131,1246.7,1519.3,14.4,1089.8,2,304.4,84.8,18786.4,13,49.6,10551.6,4.9,86,14693.2,5116.5,1638.9,1,0
BGH-110,1254.7,1791.1,15.0,1140.7,5,300.1,73.3,16002.2,10,92.0,1945.2,3.4,74,15567.3,5042.7,832.3,0,0
BGH-119,1172.7,1143.5,16.4,1092.9,4,287.8,83.3,15701.9,6,168.9,207.3,4.6,100,15125.2,4734.9,1050.3,0,0
BGH-123,1161.8,1325.6,16.7,1144.1,5,276.8,78.1,16369.7,11,121.8,736.5,5.4,74,16365.1,4982.1,998.5,0,0
BGH-114,1186.3,1725.7,15.4,1097.6,5,278.5,78.9,13630.7,5,115.4,896.0,3.3,54,14758.8,4787.1,557.6,0,0
BGH-147,1205.2,1772.0,14.9,1105.0,3,280.3,83.4,17779.9,5,77.6,3299.5,3.3,54,15904.6,5097.5,813.0,0,0
BGH-106,1215.7,1486.1,15.0,1110.8,2,274.4,84.1,12137.9,12,91.6,1972.8,5.2,64,15602.2,4841.1,820.1,0,0
BGH-120,1087.4,1807.7,14.4,1118.7,2,298.9,80.9,14090.4,9,165.3,226.2,5.5,100,15616.0,4881.5,1420.2,0,0
BGH-141,1151.6,1353.3,17.1,1128.0,4,258.8,75.2,16306.6,13,133.3,526.0,4.2,54,15719.2,4989.9,658.7,0,0
BGH-125,1179.8,1198.2,15.4,1152.6,4,317.7,77.3,14037.6,10,150.2,331.5,4.5,100,14468.1,5250.7,1208.6,0,0
BGH-143,1160.2,1658.0,15.9,1149.6,3,304.5,79.2,19936.9,5,103.6,1308.7,6.6,74,15839.6,4989.4,2517.5,0,0
BGH-113,1056.8,1758.9,15.9,1060.3,3,270.9,82.4,16335.2,10,128.2,609.2,6.9,54,15774.1,5199.8,1342.4,0,0
BGH-136,1105.6,1755.6,16.7,1172.7,3,253.0,79.9,16967.1,5,74.8,3675.2,4.5,100,16215.0,4719.9,936.5,0,0
BGH-120,1134.7,1327.3,15.2,1015.0,4,299.8,75.5,13482.1,9,138.8,450.7,4.6,74,15716.6,4815.4,998.7,0,0
BGH-117,1194.2,1539.9,15.2,1068.4,5,301.4,76.3,16930.0,7,99.9,1481.1,6.7,86,16066.7,4831.5,1847.4,0,0
BGH-104,1178.2,1668.0,16.2,1093.1,2,317.5,70.8,16620.1,13,102.0,1380.2,7.4,64,15500.4,4780.2,2327.9,0,1
BGH-102,1168.4,1560.2,14.1,1041.7,2,267.8,83.9,18129.1,5,130.9,563.4,4.4,74,15818.2,5060.8,976.8,0,0
BGH-122,1239.8,1789.3,16.7,1114.0,1,255.8,71.3,10615.7,10,171.1,196.6,6.5,86,16264.6,4711.2,757.7,0,0
BGH-125,1239.8,1419.0,16.9,1137.0,4,314.1,78.7,13438.8,7,49.0,10841.7,5.2,100,15995.4,4793.5,1162.8,1,0
BGH-136,1207.5,1485.9,15.7,1064.4,4,268.1,83.1,15672.7,13,155.5,289.0,4.2,86,15993.7,4607.6,741.3,0,0
BGH-123,1206.0,1547.2,14.7,1123.2,3,300.5,76.3,15732.5,6,80.9,2912.1,6.1,54,16161.2,4886.7,1576.7,0,0
BGH-148,1157.2,1666.5,16.2,1141.8,1,254.2,82.0,14909.9,11,102.1,1375.6,5.1,100,15350.9,5080.4,802.1,0,0
BGH-118,1163.2,1461.1,15.3,1003.2,1,303.2,82.1,11944.1,13,43.1,14233.3,4.2,64,15300.3,5046.9,936.5,1,0
BGH-124,1114.6,1685.5,15.6,1108.7,4,258.9,70.9,15393.0,7,82.1,2784.4,3.5,64,15278.4,5314.8,602.9,0,0
BGH-120,1187.5,1820.9,15.7,1118.7,3,298.7,76.2,15617.0,7,110.4,1049.0,6.9,100,15884.6,5082.5,1630.2,0,0
BGH-111,1239.3,1396.4,15.0,1054.1,2,287.3,80.4,14994.0,7,47.9,11397.5,7.0,54,15546.5,5096.8,1685.6,1,0
BGH-140,1267.7,1467.1,15.8,1040.3,3,316.9,76.3,14926.3,5,108.8,1104.3,3.3,100,14899.6,5333.0,942.4,0,0
BGH-132,1187.8,1693.6,14.3,1065.6,2,252.6,78.2,16884.4,13,169.8,202.8,6.0,100,15611.9,4953.6,1045.1,0,0
BGH-149,1224.6,1885.5,13.7,1090.6,4,270.4,78.9,14691.9,13,54.8,8376.1,3.7,100,15450.6,4663.4,590.2,1,0
BGH-103,1057.2,1627.2,15.8,1062.5,3,254.9,72.3,12499.8,10,147.0,360.7,5.9,74,15667.0,4965.1,824.0,0,0
BGH-141,1178.4,1342.8,16.3,1127.8,1,311.5,76.2,17806.9,13,97.4,1612.5,7.1,64,15099.4,4991.2,2376.5,0,0
BGH-106,1177.2,1539.6,15.1,1121.3,5,291.6,70.4,17694.1,13,131.7,550.6,4.2,64,15434.7,4875.7,1059.1,0,0
BGH-121,1274.6,1692.0,15.0,1118.8,1,287.4,72.2,14920.7,5,76.4,3454.9,4.6,54,15465.5,4771.1,1164.6,0,0
BGH-132,1219.6,1337.5,16.0,1162.9,2,259.2,77.7,16750.1,7,62.3,6079.7,6.6,64,15425.9,4981.7,1449.5,1,0
BGH-116,1224.7,1284.3,15.5,1132.3,4,284.2,78.6,11952.0,7,62.5,6029.2,6.3,54,15412.4,4824.2,1055.6,1,0
BGH-123,1222.1,1431.0,15.0,1114.2,3,277.9,72.2,14711.1,5,49.9,10409.9,4.8,54,16259.4,4816.2,905.3,1,0
BGH-133,1202.3,1631.9,15.7,1038.8,4,272.1,81.3,11571.6,10,66.0,5217.9,6.8,64,15096.1,5233.3,865.3,1,0
BGH-127,1276.6,1226.2,15.5,1157.9,4,304.1,75.6,17249.3,8,133.0,530.5,7.1,100,15664.9,5147.2,2144.8,0,0
BGH-142,1084.7,1361.4,14.5,1163.3,2,254.3,83.8,12008.0,12,163.4,237.0,5.0,100,16579.0,4564.8,613.3,0,0
BGH-140,1207.3,1554.7,15.4,1083.5,4,295.3,75.8,14177.3,10,154.0,300.3,3.2,74,15165.6,5456.4,700.1,0,0
BGH-138,1256.5,1718.1,15.6,1059.5,3,307.6,72.2,15431.5,8,135.9,488.7,5.3,54,15844.5,4974.8,1564.8,0,0
BGH-121,1105.4,1558.0,15.1,1137.7,1,313.5,81.4,16647.8,9,55.5,8124.3,6.3,86,14695.4,5057.5,2006.7,1,0
BGH-148,1241.9,1574.9,16.2,1009.0,4,302.2,78.5,16054.5,6,80.5,2956.2,4.0,86,14433.7,5142.6,1166.9,0,0
BGH-116,1161.9,1701.0,15.9,1119.9,3,269.8,75.8,17286.0,5,83.4,2653.3,3.4,64,15341.7,5186.0,853.4,0,0
BGH-133,1205.5,1819.5,15.3,1174.8,3,292.0,75.3,16607.8,11,75.0,3646.8,4.3,64,15050.2,5088.8,938.0,0,0
BGH-105,1161.0,1797.1,15.6,1080.9,2,259.9,72.3,17617.0,7,112.1,993.8,3.1,86,15677.9,4793.9,690.7,0,0
BGH-145,1248.0,1091.7,15.2,1112.1,4,258.2,75.1,11489.9,7,115.0,907.2,6.2,74,15941.6,4976.7,870.9,0,0
BGH-105,1185.6,1519.6,15.3,1105.1,2,294.7,70.4,14030.8,10,90.0,2088.1,3.7,54,16230.7,5153.5,876.9,0,0
BGH-133,1242.3,1682.5,15.3,1152.2,1,309.6,77.5,15902.7,7,89.5,2125.7,6.3,54,15844.8,5152.0,1916.8,0,0
BGH-100,1221.8,1840.0,14.1,1105.3,1,254.7,83.5,18147.5,11,156.0,285.3,4.1,64,15461.3,4688.4,841.7,0,0
BGH-109,1160.3,1628.2,15.5,1082.9,3,257.4,81.9,13989.9,11,150.5,328.9,7.5,64,16570.7,4900.6,900.6,0,0
BGH-120,1225.1,1328.2,15.8,1024.0,4,289.6,70.4,18930.3,9,83.1,2682.9,5.4,100,15501.0,5076.1,1490.9,0,0
BGH-104,1166.8,1354.6,17.5,1104.7,3,265.3,83.2,15706.1,5,167.9,212.3,3.2,74,14754.4,4766.5,585.8,0,0
BGH-101,1203.2,1360.2,15.9,1096.5,4,292.8,76.8,13576.7,13,173.4,186.2,6.5,54,16060.3,5001.0,1264.9,0,0
BGH-121,1184.7,1561.5,15.0,998.3,2,265.0,72.9,12690.9,6,85.7,2438.4,4.8,100,15871.8,4840.3,730.1,0,0
BGH-147,1245.0,1404.0,14.2,1049.7,1,258.2,81.3,16471.4,8,89.6,2118.1,5.7,86,15322.6,4747.2,1187.4,0,0
BGH-101,1227.0,891.1,14.7,1070.1,1,288.2,74.8,13719.7,6,110.8,1035.7,7.3,100,16445.4,4693.9,1641.0,0,0
BGH-109,1198.5,1264.3,15.1,1070.1,2,310.4,73.8,14455.6,5,171.8,193.4,5.3,86,15077.6,4866.7,1452.0,0,0
BGH-133,1165.7,1411.2,15.1,1098.6,5,298.0,72.4,15324.1,5,162.7,241.1,6.6,86,16535.6,5035.6,1603.7,0,0
BGH-115,1136.6,1227.5,15.3,1094.5,5,307.3,77.3,15399.0,5,54.4,8524.0,4.4,54,15334.8,4447.7,1146.5,1,0
BGH-147,1206.8,1257.3,15.2,1096.9,5,268.6,71.4,18825.0,11,95.0,1751.5,6.2,100,15026.4,4592.0,1269.1,0,0
BGH-138,1168.4,1910.2,15.3,1213.0,4,312.0,81.8,15787.7,13,117.5,839.6,3.4,54,16229.5,4846.1,946.7,0,0
BGH-121,1106.1,1498.3,15.2,1077.9,2,276.4,77.1,13790.4,5,110.4,1049.0,7.0,74,16267.0,5090.6,1371.9,0,0
BGH-111,1133.5,1422.8,15.5,1056.5,4,309.7,76.7,13507.2,10,67.1,4989.3,3.9,74,15851.5,4912.5,836.6,0,0
BGH-123,1281.3,1633.5,14.8,1178.3,4,283.0,70.0,18334.5,9,160.2,256.6,4.4,74,14166.3,5158.6,1108.1,0,0
BGH-146,1167.0,1729.2,14.5,1173.2,2,268.8,82.3,13969.0,7,134.8,504.1,7.3,74,14772.4,4750.5,1339.4,0,0
BGH-139,1254.1,1948.1,15.3,1045.9,4,268.2,77.4,16169.5,6,157.3,276.0,3.7,86,15972.0,4601.4,724.9,0,0
BGH-137,1182.2,1841.1,15.8,1160.7,2,289.7,76.6,15384.4,6,160.2,256.6,4.1,74,15927.4,4637.6,993.3,0,0
BGH-109,1262.0,1587.0,14.6,1007.7,5,255.5,81.4,15841.2,6,144.8,382.6,5.6,54,14999.0,4743.3,1042.0,0,0
BGH-134,1258.4,1193.4,15.0,1243.5,5,315.1,70.9,17796.6,11,101.5,1403.5,7.4,100,15876.8,4543.9,2230.9,0,0
BGH-148,1158.7,1299.5,15.4,1189.1,4,269.0,75.5,15565.5,8,125.5,659.5,6.1,100,15816.7,4850.9,1029.4,0,0
BGH-131,1100.6,1419.6,15.4,1126.6,1,273.5,78.6,16635.0,11,62.5,6029.2,3.5,54,14806.0,5300.6,753.2,1,0
BGH-106,1104.8,1601.3,16.1,1142.9,2,266.3,76.9,15611.5,5,134.3,511.2,6.4,64,15443.5,4595.9,1392.8,0,0
BGH-120,1159.6,1518.9,16.3,1122.2,3,250.2,72.7,14092.9,8,65.1,5413.9,4.9,64,16629.5,5020.2,728.4,1,0
BGH-119,1294.5,1205.4,15.7,1067.0,3,298.5,74.5,15988.1,13,137.2,471.2,7.5,64,15395.3,5125.6,1622.6,0,0
BGH-125,1179.5,1169.6,16.5,1159.8,4,291.3,74.5,13698.2,11,72.1,4084.7,5.8,64,14686.2,4809.2,1244.0,0,0
BGH-103,1207.3,1551.8,15.2,1167.8,1,306.7,84.9,12672.8,10,56.5,7779.4,5.4,86,15194.8,4859.4,1286.3,1,0
BGH-145,1265.2,1524.0,16.2,1063.6,2,252.9,74.9,16163.1,11,63.1,5880.4,5.5,86,14291.4,4589.6,937.7,0,0
BGH-121,1205.5,1458.0,15.0,1098.4,5,315.0,73.1,15928.0,6,40.3,16254.1,5.9,100,15328.5,4637.4,1798.0,1,0
BGH-114,1203.8,1596.6,15.7,1038.3,4,273.2,82.3,15722.7,5,140.6,428.9,6.3,100,14838.9,4907.1,1421.8,0,0
BGH-139,1231.1,1749.4,16.0,1097.6,2,313.9,76.3,14954.0,13,142.5,407.2,3.4,86,14728.4,5405.0,961.1,0,0
BGH-120,1214.4,1562.0,15.5,1086.6,2,257.5,76.7,14855.5,6,112.1,993.8,3.6,86,15585.9,4794.8,627.2,0,0
BGH-114,1195.0,1311.7,14.7,1162.6,2,302.1,78.2,12833.1,6,62.6,6004.1,4.4,100,14602.3,5055.6,1057.4,1,0
BGH-121,1163.9,1883.0,14.2,1180.0,1,290.6,78.9,11275.3,7,51.7,9603.7,5.2,54,14988.6,4715.1,910.0,1,0
BGH-127,1203.9,1464.7,15.9,1046.8,2,275.1,78.9,16775.6,7,42.7,14503.8,4.4,86,16238.3,4778.8,1044.0,1,0
BGH-113,1254.7,1510.0,15.3,1138.5,1,255.5,70.5,16748.7,7,63.2,5856.0,4.0,54,15527.4,4701.3,893.3,1,0
BGH-126,1289.1,1369.3,15.3,1144.0,1,292.3,82.3,14498.2,8,164.7,229.5,7.2,74,15758.0,4728.3,1808.1,0,0
BGH-140,1214.6,1285.1,16.7,1012.6,2,251.9,72.9,17943.6,5,73.8,3821.1,3.1,54,15659.7,4955.0,758.2,0,0
BGH-139,1237.8,1301.4,14.7,1148.3,5,285.1,74.4,15999.9,5,89.6,2118.1,7.2,54,15707.4,4521.2,1783.3,0,0
BGH-127,1213.5,1257.4,16.1,1026.1,2,292.3,72.6,15675.8,8,54.7,8412.8,7.1,86,16126.7,4845.9,1857.0,1,0
BGH-125,1195.6,898.0,14.9,1074.4,5,301.3,81.5,19035.0,5,71.1,4249.5,6.1,74,15825.4,4471.4,2011.2,0,0
BGH-148,1225.7,1468.7,15.4,1054.9,4,319.4,78.8,12490.1,8,112.7,975.1,3.1,64,14714.4,4855.2,740.8,0,0
BGH-101,1259.5,1720.5,14.6,1021.4,3,268.2,81.3,14905.6,6,125.1,667.4,4.0,54,15680.8,4656.0,747.1,0,0
BGH-124,1155.7,1303.1,14.9,1155.2,4,272.6,79.8,13295.9,11,74.3,3747.4,7.4,74,15221.0,5082.1,1094.0,0,0
BGH-102,1127.4,2011.9,15.8,1052.9,1,273.9,71.6,14264.6,10,48.1,11294.1,7.1,74,14469.0,4866.9,1267.0,1,0
BGH-107,1173.3,1777.3,16.5,1080.2,4,301.2,74.5,14865.5,6,94.7,1769.8,7.3,86,16225.3,4845.0,2076.2,0,0
BGH-143,1210.6,1496.4,15.8,1099.7,3,315.2,77.6,14911.1,6,72.8,3973.7,7.5,74,15513.3,4605.7,2139.7,0,0
BGH-132,1243.5,1277.8,15.7,1137.1,3,318.2,74.6,12853.2,5,70.7,4317.5,3.3,64,15810.0,4940.1,811.5,0,0
BGH-141,1150.5,1180.6,17.5,1051.6,5,316.2,73.1,15136.0,8,174.4,181.9,5.6,86,15423.3,4854.9,1621.7,0,0
BGH-134,1075.6,1477.3,15.9,1124.4,4,311.6,83.0,13350.2,6,126.3,644.1,6.8,54,15854.8,4940.4,1734.7,0,0
BGH-105,1174.5,1513.6,14.8,1088.5,1,319.4,81.2,17393.3,9,118.0,826.8,4.4,86,15961.4,4885.4,1464.2,0,0
BGH-138,1190.3,1459.1,14.2,1049.6,1,276.3,75.2,16529.1,8,98.2,1569.0,5.0,54,14821.4,4732.6,1116.8,0,0
BGH-122,1141.9,1713.9,15.8,1151.0,5,316.4,81.5,15687.8,5,100.1,1471.1,4.3,86,15551.7,4927.4,1287.4,0,0
BGH-124,1162.2,1799.4,14.4,1203.9,5,303.3,79.4,14048.2,9,115.7,887.7,3.2,74,15681.0,4637.1,638.9,0,0
BGH-149,1243.4,1594.5,14.7,1110.2,4,261.8,70.1,15309.5,9,137.5,467.3,3.3,64,15751.7,4354.4,556.4,0,0
BGH-142,1203.9,1605.3,15.7,1069.6,5,253.2,75.7,16413.6,9,138.3,457.0,3.1,86,14789.7,4701.0,429.4,0,0
BGH-118,1217.3,1436.9,16.3,1063.2,3,265.0,74.4,14319.3,6,64.0,5665.0,5.4,100,15590.8,4590.1,1010.8,0,0
BGH-104,1182.2,1499.0,15.3,1140.3,1,304.5,73.3,11820.0,8,110.0,1062.5,5.8,74,15817.4,5140.6,1311.7,0,0
BGH-110,1162.3,1582.3,14.5,1100.7,3,294.2,73.8,16438.2,9,97.7,1596.0,4.4,86,15748.8,5167.0,1098.7,0,0
BGH-111,1181.9,1436.7,15.4,1046.9,2,265.7,84.1,16059.4,10,161.9,245.9,6.7,74,16709.0,4977.3,1313.8,0,0
BGH-109,1224.9,1632.2,15.3,1015.3,3,301.9,77.3,15642.4,11,128.4,605.7,7.0,100,15909.6,4852.9,1891.1,0,0
BGH-107,1125.4,1288.8,15.6,1119.1,1,259.9,82.7,13482.4,7,114.6,918.6,3.6,74,15019.7,4718.9,671.6,0,0
BGH-123,1282.5,1353.6,14.5,1036.7,2,307.5,73.2,16919.8,7,56.2,7881.0,3.2,74,15741.5,4941.4,1019.0,0,0
BGH-127,1228.7,1290.6,14.8,1079.9,4,305.6,72.6,17297.7,6,124.8,673.3,4.4,86,15889.2,4726.2,1267.8,0,0
BGH-140,1173.2,1366.3,16.3,1181.4,2,318.1,83.3,15563.1,13,56.4,7813.1,6.2,74,15008.0,4736.7,1715.9,1,0
BGH-135,1240.7,1442.5,16.1,1058.4,5,260.5,77.4,14207.5,5,87.2,2309.0,5.3,86,17079.9,4680.2,758.1,0,0
BGH-136,1261.1,1705.8,16.4,1152.7,1,313.5,83.4,14249.5,7,60.0,6697.2,5.2,64,16707.2,5083.4,1417.7,0,0
BGH-120,1183.5,1508.3,14.0,1048.9,5,273.9,70.9,14209.2,7,136.9,475.2,3.7,100,15275.5,4824.5,517.3,0,0
BGH-107,1189.2,1243.1,14.8,1143.7,3,279.1,83.7,14118.0,12,68.9,4639.5,4.6,54,14833.5,4361.1,765.2,0,0
BGH-108,1274.7,1219.6,16.3,1128.8,4,282.8,76.2,14292.1,10,94.9,1757.6,7.3,100,15244.2,4663.5,1401.1,0,0
BGH-146,1305.9,1416.8,16.0,1124.4,1,293.9,72.3,15646.4,7,165.4,225.6,4.5,74,14779.7,4887.9,1138.7,0,0
BGH-114,1201.5,1666.9,15.8,1069.6,4,319.6,80.3,16792.9,5,68.6,4695.8,5.7,86,14721.1,4934.0,1831.4,1,0
BGH-147,1142.1,1780.6,15.2,1131.8,1,292.0,82.0,17902.2,7,111.1,1025.9,3.3,54,14942.4,4637.0,1070.9,0,0
BGH-145,1176.5,1181.8,15.0,1118.7,5,314.9,70.7,13173.8,8,98.7,1542.5,3.3,54,14678.7,5067.9,753.9,0,0
BGH-139,1251.7,1574.5,15.5,1194.4,3,267.9,84.8,13500.8,5,42.5,14641.2,4.9,74,16395.5,5083.9,845.6,1,0
BGH-117,1148.5,1419.6,15.1,1069.2,2,277.9,80.5,16688.4,7,151.0,324.6,5.7,54,14689.1,4970.7,1472.5,0,0
BGH-141,1189.6,1435.2,15.9,1164.3,4,285.3,74.8,13174.1,8,49.7,10504.2,4.7,86,15664.0,4906.8,866.8,1,0
BGH-119,1214.6,1287.2,15.5,1055.0,1,272.6,72.3,12683.0,11,106.4,1193.6,3.8,74,15202.6,5031.8,741.8,0,0
BGH-105,1153.9,1456.0,14.7,1088.1,1,318.4,75.9,13114.6,8,118.5,814.2,6.3,100,15699.8,4976.6,1580.8,0,0
BGH-111,1254.8,1278.2,16.0,1068.1,4,300.8,73.3,14647.7,5,128.0,612.8,3.6,74,15219.5,4748.6,1008.9,0,0
BGH-101,1234.7,1446.8,16.5,1075.2,2,283.5,77.4,18271.4,13,136.4,481.9,6.0,74,15819.0,5044.2,1324.0,0,0
BGH-106,1300.5,1729.7,16.6,1092.1,3,302.6,81.7,14744.3,10,75.5,3576.9,7.3,54,16285.1,5087.4,1802.9,0,0
BGH-115,1239.1,1626.2,16.0,1172.1,1,282.7,79.9,15548.5,13,41.4,15423.7,5.1,64,15276.0,4535.0,1064.9,1,0
BGH-102,1152.0,1882.8,16.0,1122.8,1,251.2,76.5,12603.7,11,141.3,420.7,3.9,54,14791.2,4582.7,485.2,0,0
BGH-144,1226.5,1605.3,14.6,1161.7,4,288.0,71.8,17148.5,8,115.0,907.2,6.8,64,15694.3,4902.3,1659.5,0,0
BGH-102,1249.4,1534.9,15.0,1100.7,4,293.8,84.4,16743.0,5,157.1,277.4,5.3,74,15063.6,4964.5,1470.0,0,0
BGH-126,1252.0,1610.6,15.4,1164.1,1,318.7,74.1,14062.4,11,155.0,292.7,7.2,74,15807.0,5054.5,1751.7,0,0
BGH-149,1161.2,1344.8,16.0,1111.4,1,252.9,74.2,13625.6,13,158.1,270.5,6.2,100,15663.8,4982.3,775.5,0,0
BGH-142,1155.2,1082.8,15.0,1060.5,1,285.8,79.7,16915.9,10,107.9,1136.9,4.9,54,15022.7,5018.1,1412.1,0,0
BGH-139,1143.0,1659.2,15.3,1152.8,5,256.9,81.6,14548.3,5,86.7,2351.2,5.8,100,16489.5,4823.4,894.5,0,0
BGH-137,1280.2,1140.9,15.9,1174.2,1,260.4,84.8,13672.4,13,150.8,326.3,3.8,86,16638.3,4698.4,531.6,0,0
BGH-132,1231.1,1724.3,15.6,1131.9,3,292.7,84.5,14266.9,11,103.2,1326.2,4.7,74,15009.1,5084.2,999.8,0,0
BGH-127,1158.9,1650.2,15.8,1141.5,3,266.2,83.7,15477.3,5,65.7,5282.4,5.7,100,15678.6,5005.3,1149.7,0,0
BGH-100,1206.4,1330.1,14.9,1164.0,2,302.4,76.5,16463.7,8,159.7,259.8,5.7,86,15333.1,5071.6,1446.0,0,0
BGH-107,1193.8,1412.8,15.2,1086.5,4,286.0,72.5,15646.3,9,163.6,235.8,5.6,64,15754.7,4625.0,1255.9,0,0
BGH-136,1151.4,1497.7,15.1,1064.1,2,265.3,78.8,15543.0,6,105.3,1237.4,6.3,54,15516.5,5088.3,1325.0,0,0
BGH-131,1201.8,1315.6,15.5,1118.1,1,284.6,70.3,14519.1,7,50.6,10087.5,3.5,86,15657.8,5152.3,844.1,1,0
BGH-147,1209.5,1608.1,15.2,1186.3,4,250.1,72.9,15291.2,6,94.3,1794.6,3.3,54,14999.5,4706.2,482.9,0,0
BGH-142,1296.6,1625.7,15.0,1115.1,1,310.4,70.0,14217.2,8,152.5,312.2,3.7,74,15910.4,4981.1,1006.4,0,0
BGH-136,1167.2,1211.4,15.6,1131.5,4,250.9,72.7,14460.4,11,166.2,221.3,6.6,64,15877.8,4897.5,989.3,0,0
BGH-103,1114.5,1335.4,17.2,1103.7,5,250.5,77.1,17843.3,9,68.5,4714.8,3.3,74,16376.7,5093.2,612.3,0,0
BGH-129,1147.6,1492.6,16.0,1114.7,5,292.8,75.9,15084.3,11,49.4,10647.4,4.0,86,16304.6,4885.1,903.7,0,0
BGH-105,1155.4,1728.1,14.1,1073.6,5,318.1,75.5,14264.9,5,162.8,240.5,4.1,64,15433.3,4880.4,1119.0,0,0
BGH-145,1178.7,1630.5,15.8,1127.4,2,309.9,82.5,13651.9,7,94.5,1782.2,5.9,86,15261.2,4901.4,1541.1,0,0
BGH-118,1147.7,1033.8,15.1,1143.9,4,267.6,80.1,10598.5,6,115.8,884.9,4.8,54,15201.5,4708.8,708.2,0,0
BGH-131,1241.1,1441.6,14.7,1024.9,2,263.8,84.0,19173.2,5,175.5,177.2,3.9,74,15749.9,4897.3,819.6,0,0
BGH-108,1144.2,1594.5,16.1,1024.9,4,293.8,76.7,19391.4,9,49.3,10695.6,5.0,54,15769.2,5004.4,1412.0,1,0
BGH-111,1201.0,1340.0,15.6,1012.3,1,307.6,74.1,16255.4,7,130.8,565.0,6.1,64,15275.2,5033.1,1897.2,0,0
BGH-110,1300.0,1324.5,17.5,1173.8,5,275.3,71.8,12929.5,12,50.4,10178.5,6.5,100,15417.9,4771.8,947.8,1,0
BGH-145,1227.7,1350.6,15.4,1053.8,5,280.3,80.1,20469.2,9,92.6,1904.5,3.6,54,14882.7,5046.6,927.7,0,0
BGH-115,1222.5,1438.4,15.3,1117.6,4,258.1,82.6,12192.1,9,152.5,312.2,6.2,64,16351.1,4879.2,903.1,0,0
BGH-100,1292.9,1304.2,16.5,1189.3,2,260.7,72.8,15786.5,11,100.7,1441.7,3.0,64,14787.4,4927.1,556.3,0,0
BGH-144,1262.3,1632.0,15.5,1116.6,2,289.8,83.2,11573.8,12,179.6,161.2,6.3,86,15265.3,5270.7,1144.7,0,0
BGH-120,1228.3,1327.9,14.7,1125.7,3,257.2,77.9,10655.5,5,118.3,819.2,6.0,54,15860.0,4892.8,710.9,0,0
BGH-129,1184.5,1292.8,14.8,1057.8,5,264.1,72.2,15464.2,9,85.0,2501.6,5.1,74,16170.5,4827.1,821.5,0,0
BGH-112,1198.9,1420.3,15.2,1116.7,5,266.4,79.6,15718.1,13,70.8,4300.4,3.6,54,15655.3,4925.6,593.1,1,0
BGH-133,1196.4,1795.8,16.0,1050.2,2,281.1,77.8,15238.0,13,89.1,2156.3,6.4,86,15130.1,4860.5,1317.9,0,0
BGH-103,1179.9,1605.1,16.5,1004.8,5,253.2,70.4,17986.2,11,92.2,1931.5,3.3,64,15216.5,4865.7,632.3,0,0
BGH-127,1210.6,1617.8,16.1,1102.6,2,285.0,76.0,14904.0,8,49.6,10551.6,7.0,74,15301.3,5008.4,1631.0,1,0
BGH-137,1217.5,1557.3,16.0,1116.0,3,315.0,81.8,16624.6,6,91.7,1965.9,6.5,100,16033.7,4917.7,2067.5,0,0
BGH-130,1137.8,1310.6,16.4,1073.6,4,251.7,78.3,13434.6,9,105.0,1249.6,6.3,74,16315.7,5028.1,871.7,0,0
BGH-126,1281.6,1372.0,16.0,1062.7,4,294.2,74.2,17590.0,8,141.2,421.9,6.4,54,15009.5,4849.5,1744.5,0,0
BGH-104,1220.5,1338.0,14.8,1089.3,3,308.5,83.9,17760.7,5,131.9,547.4,3.3,74,15141.0,5285.6,1100.3,0,0
BGH-124,1186.9,1718.3,15.3,1063.7,5,271.9,73.6,14490.9,11,139.2,445.8,7.5,54,16034.5,4811.2,1308.4,0,0
BGH-102,1211.1,1559.1,15.1,1137.1,1,259.2,73.8,15750.4,7,41.2,15571.1,6.9,74,15140.6,4835.3,1294.3,1,0
BGH-132,1246.5,1166.5,16.5,1122.3,5,253.0,75.3,13602.4,10,70.5,4352.0,5.3,54,16368.4,4725.0,668.6,0,0
BGH-103,1126.7,1790.5,14.7,1181.4,2,295.1,83.4,14559.0,9,132.6,536.6,6.2,64,15722.6,4951.1,1400.9,0,0
BGH-124,1194.7,1433.6,14.8,1082.2,1,288.7,77.6,16474.6,8,107.8,1140.5,6.3,64,15936.1,5289.2,1685.8,0,0
BGH-119,1140.7,1630.7,15.6,1103.5,3,266.1,80.2,15969.7,7,40.7,15946.4,6.7,54,15041.0,4856.0,1388.4,1,0
BGH-133,1332.9,1710.5,17.0,1108.7,4,308.2,84.6,11541.7,13,152.6,311.4,4.1,54,15385.4,5087.0,748.4,0,0
BGH-125,1206.9,987.6,16.1,1081.4,4,301.5,81.7,12725.5,9,148.2,349.4,4.7,100,15386.9,4874.2,942.9,0,0
BGH-104,1141.1,1590.9,16.3,1000.8,5,269.4,72.6,13824.0,11,116.8,857.9,6.6,54,15421.4,4327.3,1009.6,0,0
BGH-134,1380.0,1449.5,14.6,1122.2,4,302.7,81.8,15439.6,8,49.3,10695.6,6.5,86,15424.6,5217.2,1774.1,1,0
BGH-127,1173.2,1015.6,16.0,1216.7,5,267.1,81.2,13164.9,5,147.3,357.9,5.4,54,16109.5,4972.8,877.3,0,0
BGH-128,1189.5,1273.5,14.6,1150.0,2,297.3,73.5,12172.2,6,121.7,738.7,4.8,64,14922.1,5443.8,1117.9,0,0
BGH-108,1193.2,1409.1,16.1,1197.9,2,258.3,74.9,9741.3,9,149.5,337.6,7.4,74,15980.2,4829.4,815.4,0,0
BGH-137,1157.6,1669.1,14.2,1144.8,3,298.5,80.7,19172.3,12,145.2,378.5,4.9,64,16215.7,4872.9,1512.8,0,0
BGH-149,1212.4,1464.8,15.2,1092.4,2,266.7,73.6,15404.0,12,152.4,313.0,6.4,86,14940.8,4840.7,1211.1,0,0
BGH-105,1089.5,1529.6,13.9,1130.1,5,290.1,73.1,12114.8,12,112.5,981.3,4.9,74,15514.1,5035.4,822.6,0,0
BGH-118,1254.3,1428.8,14.8,1153.5,4,262.1,80.6,17066.1,13,59.6,6811.7,4.4,64,15388.0,4821.3,691.7,0,0
BGH-143,1143.6,1717.6,14.4,1020.0,2,300.8,83.2,17987.1,6,134.0,515.6,5.9,54,15769.3,4811.2,1856.4,0,0
BGH-110,1179.2,1604.2,16.0,1122.2,2,254.3,71.1,15426.7,8,126.9,632.8,6.6,54,15859.6,4654.9,1025.0,0,0
BGH-101,1237.6,1532.6,15.6,1095.1,5,261.6,76.7,16246.1,10,143.9,392.0,7.4,74,16688.2,4768.1,1114.9,0,0
BGH-146,1189.8,1271.4,15.1,1173.9,2,262.9,79.1,17617.5,10,63.8,5712.1,3.7,100,15704.4,5090.6,768.1,0,0
BGH-143,1191.8,1524.0,15.6,1118.6,4,252.9,80.1,16211.2,9,67.3,4949.0,6.9,86,16048.9,4878.0,1224.3,0,0
BGH-143,1149.4,2056.4,14.8,977.0,4,302.2,84.9,16265.1,6,164.7,229.5,5.4,64,15835.6,4948.6,1637.6,0,0
BGH-108,1304.8,1659.1,15.8,1122.0,4,318.7,80.2,11931.4,12,145.0,380.6,3.5,64,15165.2,4924.4,799.0,0,0
BGH-120,1226.6,1352.1,15.4,996.9,4,304.5,79.3,9541.6,5,167.2,215.9,6.6,86,15297.9,4681.9,1087.6,0,0
BGH-123,1145.9,1870.5,17.3,1163.7,1,310.2,84.8,16722.9,5,146.2,368.5,4.5,64,15443.4,5017.5,1439.8,0,0
BGH-133,1208.9,1343.3,16.8,1061.6,4,250.4,70.9,14551.4,5,123.6,697.8,6.9,74,15737.3,4691.2,1111.1,0,1
BGH-121,1142.3,1642.9,16.3,1043.5,1,258.3,71.1,14090.3,13,131.6,552.1,3.7,100,14894.6,4948.8,626.9,0,0
BGH-102,1286.1,1490.8,15.7,1061.4,4,289.1,78.4,16946.4,9,164.5,230.6,6.2,74,15087.5,5123.5,1577.6,0,0
BGH-111,1210.0,1536.4,15.8,1055.3,4,318.5,75.4,13090.3,6,121.0,754.5,4.4,100,14716.7,4887.5,1102.0,0,0
BGH-127,1151.2,1543.8,16.5,1092.2,5,296.2,71.5,14927.0,5,128.5,603.9,4.2,54,15357.4,4733.3,1053.1,0,0
BGH-129,1234.9,1450.5,15.7,1057.0,4,276.2,74.6,15114.1,8,61.9,6182.3,3.2,100,15363.7,5054.7,655.4,0,0
BGH-125,1186.1,1422.1,15.8,1085.0,2,260.2,80.1,16379.6,6,106.3,1197.5,5.2,100,14765.5,4998.7,1143.8,0,0
BGH-147,1135.6,1236.6,15.0,1022.9,4,260.7,83.2,15682.6,7,140.3,432.4,4.8,100,16150.6,4697.0,870.6,0,0
BGH-120,1219.1,1275.0,15.0,1087.4,3,275.4,71.4,15683.5,6,77.9,3262.0,3.3,64,15952.8,4744.1,646.4,0,0
BGH-127,1217.6,1566.8,15.4,1171.1,5,300.0,78.1,14190.7,12,68.3,4752.9,4.0,100,15331.5,4995.3,785.5,1,0
BGH-125,1256.9,1363.5,13.4,1077.6,5,252.2,74.4,14243.1,7,83.9,2604.8,5.2,86,16069.9,5094.0,914.0,0,0
BGH-132,1203.2,1318.0,15.5,1131.2,4,309.7,80.0,15680.5,6,73.8,3821.1,6.6,54,15294.7,5031.6,1980.1,0,0
BGH-120,1205.4,2065.5,15.3,1037.2,3,315.9,78.2,13999.0,10,70.1,4421.9,7.2,54,14782.7,4786.1,1928.4,0,1
BGH-134,1208.0,1997.9,16.2,1129.0,4,312.2,83.9,13343.0,11,99.5,1501.3,5.3,64,15419.1,5187.8,1158.7,0,0
BGH-133,1279.8,1616.2,16.5,1156.9,2,313.9,70.6,17572.5,13,167.1,216.5,4.8,74,15197.3,4838.1,1568.8,0,0
BGH-140,1184.5,1644.3,17.6,1171.3,5,251.1,77.1,13650.7,8,111.0,1029.1,7.3,86,16150.5,5036.5,1068.4,0,0
BGH-146,1223.5,1337.5,16.0,1110.0,5,318.4,72.9,14082.8,9,66.3,5154.4,7.3,74,16008.2,5119.6,1715.3,1,0
BGH-117,1230.8,1263.0,15.6,1133.6,3,275.6,78.1,17453.1,10,50.8,9997.5,3.9,100,16000.2,5050.6,887.1,1,0
BGH-110,1217.5,1431.9,15.0,1036.0,1,310.8,82.8,13620.3,7,137.5,467.3,5.4,74,14928.2,4767.4,1407.2,0,0
BGH-122,1182.6,1500.1,14.7,1080.8,3,263.1,83.7,15642.3,7,93.6,1839.0,6.7,86,16805.7,5083.9,1291.2,0,1
BGH-147,1206.0,1642.6,16.2,1060.0,2,281.3,76.0,15818.2,7,155.1,291.9,6.7,64,15104.4,5274.1,1843.2,0,0
BGH-121,1195.3,1133.9,15.5,1116.4,3,253.1,82.2,14819.6,9,132.3,541.2,6.1,64,15912.3,5060.1,908.5,0,0
BGH-116,1298.0,1929.4,15.8,1073.6,1,252.8,74.2,14223.2,10,151.5,320.4,5.1,100,15951.8,4643.0,743.5,0,0
BGH-104,1177.1,1549.6,15.5,1134.3,2,316.0,70.1,12747.2,13,78.1,3237.2,4.8,86,15278.5,4681.1,1121.3,0,0
BGH-143,1154.4,1189.9,15.5,1223.4,2,306.7,82.8,16255.7,13,136.9,475.2,6.6,64,14471.0,4986.0,2052.7,0,0
BGH-110,1199.7,1531.5,15.7,1131.1,1,287.1,71.8,17205.3,9,77.0,3376.2,4.0,100,14753.9,4689.4,1089.5,0,0
BGH-129,1196.2,1319.5,15.8,1170.6,4,286.8,70.3,16992.5,12,171.5,194.8,4.9,74,15356.7,4937.9,1164.0,0,0
BGH-114,1209.8,1305.5,16.3,1040.8,3,302.4,75.3,15741.8,11,129.1,593.5,5.6,86,15705.8,4877.1,1232.3,0,0
BGH-126,1177.1,1287.5,14.5,1095.8,2,273.9,75.7,11048.3,8,85.4,2465.2,6.7,64,15242.3,4694.7,1013.6,0,0
BGH-134,1205.5,1448.7,16.0,1110.8,3,303.3,71.2,16538.9,5,77.7,3287.0,4.7,86,15599.9,5105.0,1445.7,0,0
BGH-132,1206.5,1920.5,14.5,1103.3,1,284.0,82.2,14783.2,7,66.7,5071.1,5.5,64,15713.0,4711.8,1296.8,0,0
BGH-119,1245.3,1518.5,16.1,1192.2,5,294.7,76.1,13815.9,9,137.2,471.2,4.3,64,15753.2,5063.0,874.1,0,0
BGH-115,1204.7,1638.8,15.8,1062.8,1,317.5,77.3,16315.1,7,70.6,4334.7,6.8,86,15501.8,4868.5,2122.6,0,0
BGH-133,1205.1,1687.7,15.4,1116.2,3,283.0,74.0,15452.0,8,123.3,704.1,6.5,64,15498.2,4872.3,1425.3,0,0
BGH-101,1225.8,1471.0,15.5,978.6,2,279.3,77.7,17017.9,13,77.0,3376.2,6.7,74,15924.9,4840.7,1639.0,0,0
BGH-134,1243.4,1267.8,15.6,1121.2,3,313.4,81.5,15681.8,13,132.7,535.0,3.3,100,15209.8,4929.5,918.6,0,0
BGH-139,1150.8,1180.3,16.4,1125.3,5,313.2,83.6,14466.2,13,154.1,299.5,5.2,54,16168.3,5209.1,1100.3,0,0
BGH-127,1137.4,1422.5,16.3,1097.4,2,319.5,84.6,14302.2,13,148.9,343.0,3.6,86,14757.3,4518.7,911.8,0,0
BGH-146,1284.8,1728.8,16.2,1119.8,5,288.6,76.4,16222.6,5,146.5,365.6,6.0,86,16343.5,5166.6,1532.8,0,0
BGH-138,1235.2,1687.1,14.4,1071.8,4,274.1,84.9,12324.1,13,66.3,5154.4,4.4,100,15920.5,4467.7,569.4,1,0
BGH-105,1189.0,1551.3,16.0,1038.9,1,266.8,74.4,13996.8,6,52.4,9309.5,6.5,74,15715.4,5082.2,1257.2,1,0
BGH-108,1201.0,1577.8,13.6,1050.6,4,252.4,70.1,10611.7,12,137.9,462.1,3.3,54,15577.7,4879.9,354.8,0,0
BGH-119,1180.4,1472.6,13.8,1057.4,3,300.9,81.5,15842.7,13,91.6,1972.8,5.3,74,15524.0,5009.9,1352.1,0,0
BGH-100,1210.6,1403.7,16.4,1035.4,4,266.3,72.7,16290.2,12,100.5,1451.4,3.6,86,15517.6,4859.3,580.8,0,0
BGH-107,1151.4,1352.4,14.3,1033.4,1,292.5,70.8,13461.4,13,44.4,13393.2,5.5,54,16166.5,4877.6,1136.1,1,0
BGH-122,1242.0,1205.7,15.4,1058.5,2,314.2,83.9,12812.9,9,76.3,3468.2,5.7,64,16194.5,4928.6,1397.3,0,0
BGH-102,1208.8,1859.4,16.6,1082.2,5,316.5,81.9,16906.4,11,44.7,13207.4,5.1,86,15618.3,4953.2,1467.2,1,0
BGH-103,1210.6,1534.2,16.0,1106.6,2,250.3,71.5,13571.6,7,163.1,238.7,4.3,74,15934.0,4723.1,576.1,0,0
BGH-124,1155.3,1411.5,15.8,1038.8,4,272.2,81.7,16286.6,8,74.1,3776.7,3.1,100,14819.5,4671.9,629.8,0,0
BGH-146,1226.2,1864.2,15.5,1053.3,3,308.6,82.7,14971.7,8,118.0,826.8,6.0,64,15186.3,4377.0,1718.7,0,0
BGH-137,1156.5,1902.4,15.6,1069.3,4,287.6,83.6,13942.0,8,45.5,12726.1,6.9,54,15944.3,4842.3,1319.0,1,0
BGH-114,1165.4,2049.0,15.0,1121.8,1,306.5,78.2,16160.1,12,133.4,524.5,6.3,86,15501.4,5373.0,1756.3,0,0
BGH-120,1204.4,1450.3,15.1,1040.2,1,309.7,80.6,15063.5,6,85.2,2483.3,7.0,100,15738.2,4554.7,2012.3,0,0
BGH-134,1325.4,1521.0,15.6,1074.1,3,281.0,81.4,17988.9,6,165.7,224.0,7.2,100,15133.6,5183.6,1815.7,0,0
BGH-145,1208.6,1630.2,15.7,1148.6,2,275.1,80.3,13529.7,9,164.3,231.8,5.0,74,15699.0,4936.4,900.4,0,0
BGH-113,1071.6,1832.4,15.4,1060.3,1,281.9,79.7,12350.4,10,85.5,2456.2,6.1,100,16667.3,4867.3,1083.0,0,0
BGH-135,1167.9,1512.4,13.7,1037.6,1,295.7,78.2,14967.6,8,166.1,221.8,4.8,74,15067.6,5039.8,1026.8,0,0
BGH-111,1234.2,1303.3,16.8,1095.6,3,275.7,77.2,15952.6,11,179.5,161.6,7.1,54,16012.5,4772.6,1395.4,0,0
BGH-116,1143.6,1349.3,16.2,1058.4,2,304.2,84.9,14624.7,8,155.6,288.2,5.5,86,15235.0,4780.4,1539.0,0,0
BGH-138,1241.6,1735.5,15.3,961.9,4,313.3,75.1,18596.8,12,158.3,269.1,6.4,54,15987.8,4584.1,2099.1,0,1
BGH-108,1207.9,1624.2,16.3,1110.0,5,269.8,71.3,17425.7,6,74.9,3661.0,3.1,74,15469.4,4923.1,658.5,0,0
BGH-134,1249.6,1465.4,15.2,1143.5,3,317.5,81.5,13948.9,8,120.7,761.4,5.6,54,15214.0,4874.1,1494.5,0,0
BGH-112,1172.1,1452.3,15.8,1098.9,2,293.6,73.2,15128.6,11,49.4,10647.4,6.3,86,15279.9,4800.6,1386.0,1,1
BGH-114,1168.2,1465.4,14.0,1152.2,5,311.5,78.0,11389.6,9,53.3,8946.2,4.2,86,15582.1,5117.0,856.3,1,0
BGH-117,1228.2,1747.8,15.7,1132.2,3,257.3,71.4,17103.2,6,179.8,160.5,3.1,100,15191.7,4856.1,634.5,0,0
BGH-132,1199.6,1342.2,15.3,1057.3,4,267.6,79.3,13639.1,7,85.7,2438.4,6.3,74,16903.6,5029.2,1197.9,0,0
BGH-105,1196.6,1257.3,15.7,1202.5,4,272.5,84.2,15397.9,8,144.7,383.7,4.5,54,15659.5,4629.7,823.9,0,0
BGH-126,1278.4,1863.4,16.9,1116.1,2,271.2,80.8,14485.2,9,152.9,309.0,4.9,100,15760.2,5093.3,1008.7,0,0
BGH-122,1230.2,1505.0,15.5,1121.4,2,262.0,73.2,12021.3,11,160.1,257.2,5.5,100,14761.6,5124.7,813.2,0,0
BGH-126,1100.5,1484.1,15.1,1050.3,4,310.8,84.6,16667.1,7,179.7,160.8,3.5,54,15371.3,4954.5,1071.7,0,0
BGH-133,1240.0,1634.2,15.1,1022.7,4,279.3,74.6,12882.7,13,73.8,3821.1,3.5,74,14650.2,4916.0,514.9,0,0
BGH-145,1234.9,1302.2,14.4,1045.8,3,317.4,76.5,13961.4,7,45.6,12667.3,7.3,74,15461.7,5038.5,1911.0,1,0
BGH-137,1259.2,1650.1,15.8,1146.0,2,290.8,77.5,16705.8,9,97.6,1601.5,4.5,86,15871.3,5029.2,1188.9,0,0
BGH-113,1153.0,1423.5,15.9,1185.5,5,259.7,84.9,13057.5,9,58.2,7230.6,4.1,74,16449.8,4781.5,542.4,0,0
BGH-135,1216.2,1725.1,15.6,1114.4,4,288.2,71.0,17981.7,11,43.1,14233.3,3.2,100,15899.4,4963.1,864.0,1,0
BGH-107,1205.6,1193.3,16.2,1104.6,5,319.5,80.5,13026.1,10,90.5,2051.2,3.8,86,15375.3,5396.7,947.1,0,0
BGH-134,1152.1,1590.1,16.2,1148.4,2,289.6,75.4,12660.8,7,149.7,335.9,4.9,64,16162.7,4788.7,875.0,0,0
BGH-118,1247.3,1453.8,15.6,1169.1,2,250.1,71.2,15093.0,5,119.3,794.5,4.5,86,16496.0,4992.2,761.1,0,0
BGH-129,1187.9,1359.1,16.0,1027.4,1,315.3,84.0,18268.2,10,83.8,2614.4,4.9,100,14890.1,5023.0,1712.6,0,0
BGH-113,1257.6,1654.3,17.2,1181.4,4,266.4,78.8,14988.2,10,131.6,552.1,6.2,54,16395.5,4849.2,1026.8,0,0
BGH-119,1162.9,1470.3,14.8,1081.0,2,298.2,81.3,16962.8,8,72.5,4020.9,5.9,54,15104.9,5147.5,1843.1,0,0
BGH-148,1127.0,1593.2,16.1,1154.2,2,286.1,73.6,12318.3,6,42.0,14991.2,5.2,54,15406.4,5236.7,987.0,1,0
BGH-124,1187.9,1753.1,15.6,1046.6,4,272.8,81.4,14267.1,13,147.0,360.7,6.7,100,16037.4,5142.1,1165.3,0,0
BGH-139,1211.6,1658.3,16.3,1151.7,1,269.8,82.4,14394.5,10,127.3,625.5,6.9,86,16442.2,5001.4,1220.2,0,0
BGH-123,1173.3,1283.9,14.9,1028.3,1,315.0,76.5,12477.3,5,146.7,363.6,5.7,54,15336.3,5189.5,1360.7,0,0
BGH-113,1046.8,1391.7,15.7,1156.1,1,313.8,78.6,11817.5,12,45.5,12726.1,3.5,74,14731.9,4739.3,791.4,1,0
BGH-125,1219.2,1591.9,15.0,1132.2,1,285.9,84.6,14516.8,11,157.2,276.7,4.8,64,14659.5,4556.0,935.7,0,0
BGH-137,1218.9,1658.8,14.1,1021.4,3,268.1,82.7,18159.5,10,126.7,636.6,5.9,54,15590.1,4322.2,1276.0,0,0
BGH-122,1234.4,1421.8,16.6,1163.8,4,257.2,76.7,15437.1,5,118.9,804.3,3.3,54,16130.6,4810.2,599.3,0,0
BGH-121,1181.0,1539.6,15.2,1051.2,4,261.0,80.0,13634.0,9,127.4,623.6,3.1,64,15191.3,5239.1,436.6,0,0
BGH-147,1178.2,1538.3,14.8,1157.1,4,286.6,81.8,10925.7,8,161.0,251.5,7.3,74,16285.8,4909.5,1204.8,0,0
BGH-118,1272.0,1566.2,15.0,1107.2,1,271.5,70.4,14255.9,11,122.2,727.7,6.3,64,15313.0,4695.3,1209.9,0,0
BGH-145,1121.2,1264.2,17.0,1037.7,1,252.9,78.8,14120.5,6,121.3,747.7,3.7,54,15510.1,5392.4,625.2,0,0
BGH-102,1187.6,1217.0,16.5,1049.3,2,281.9,84.8,15769.1,5,178.7,164.6,5.0,54,15613.4,4736.4,1257.5,0,0
BGH-141,1207.1,1048.2,15.3,1295.1,3,302.2,84.2,14492.6,11,145.9,371.5,3.9,86,15731.6,4756.2,965.6,0,0
BGH-118,1230.3,1521.1,16.2,1215.4,4,312.4,82.5,16263.6,12,101.9,1384.8,3.0,100,14739.5,4819.7,801.6,0,0
BGH-108,1208.5,1227.2,14.6,1089.5,3,291.0,71.6,16535.0,9,139.0,448.2,4.8,86,15335.1,5070.1,1164.3,0,0
BGH-127,1153.9,1927.3,15.9,1121.2,4,300.6,84.9,14860.3,12,94.5,1782.2,5.9,86,16112.9,4638.1,1396.1,0,0
BGH-119,1258.4,1630.8,15.2,1160.2,1,275.5,79.1,14888.4,8,72.0,4100.9,7.3,86,15099.7,4943.9,1503.9,0,0
BGH-144,1200.1,1263.6,15.8,1035.4,1,284.7,73.3,15068.5,12,123.6,697.8,6.5,86,16025.1,4630.7,1395.9,0,0
BGH-106,1116.6,1727.0,14.4,1134.5,4,301.1,80.1,11510.5,7,169.9,202.3,4.0,86,14795.0,5019.0,662.8,0,0
BGH-113,1210.5,1727.5,15.0,1149.4,5,300.9,82.8,16440.8,11,170.1,201.4,4.5,74,15334.6,5045.1,1191.4,0,0
BGH-108,1223.8,1743.7,15.6,1118.1,1,279.7,71.7,18394.5,10,87.9,2251.3,5.3,100,15534.8,4789.2,1524.1,0,0
BGH-118,1298.0,1338.4,15.6,1169.5,2,288.1,83.7,15118.6,5,113.9,939.0,3.9,100,14996.7,4881.1,1028.4,0,0
BGH-146,1220.4,1643.2,14.3,1107.6,1,314.7,83.8,13434.6,9,69.6,4511.1,6.7,100,15917.0,4480.5,1722.2,0,0
BGH-113,1125.9,1747.1,14.7,1155.3,2,294.2,70.2,14986.0,8,179.4,161.9,3.8,74,15397.8,4999.3,1012.7,0,0
BGH-137,1127.7,1814.2,15.8,1111.8,3,295.0,83.5,14130.1,10,177.4,169.6,4.3,74,15728.2,4892.5,939.1,0,0
BGH-135,1262.9,1195.3,15.7,1023.3,1,304.9,84.2,15054.8,13,130.9,563.4,5.6,74,15189.8,4681.6,1357.6,0,0
BGH-139,1159.9,1456.5,16.0,1146.9,1,258.1,70.6,14376.0,8,152.6,311.4,3.6,54,16089.6,5219.9,637.6,0,0
BGH-116,1122.5,1331.2,15.7,1165.1,3,286.6,74.4,10694.3,6,140.1,434.8,5.8,100,15902.4,4925.8,1049.5,0,0
BGH-129,1250.0,1872.8,14.7,1092.4,2,317.2,75.6,15190.9,12,123.0,710.4,7.2,64,15513.9,4850.4,1945.0,0,0
BGH-108,1176.2,1598.2,15.2,1033.0,5,275.3,75.2,19448.7,5,47.5,11607.5,6.1,86,15046.0,5146.6,1686.0,1,0
BGH-132,1247.4,1678.2,15.9,1143.4,2,270.6,81.4,12327.8,10,103.7,1304.4,6.7,54,16466.9,4458.5,1058.9,0,0
BGH-124,1154.3,1595.3,14.7,1115.8,4,292.1,75.4,17194.3,8,134.5,508.4,5.0,54,14997.7,4728.5,1315.2,0,0
BGH-113,1273.7,1575.1,14.6,1114.9,4,265.5,84.3,15801.3,10,134.9,502.6,4.6,86,15846.2,4795.7,792.9,0,0
BGH-110,1243.6,1327.3,15.3,1109.5,4,288.9,84.9,13162.1,7,92.2,1931.5,4.5,54,15476.3,4522.9,922.1,0,0
BGH-134,1163.9,1410.7,15.7,1150.4,3,260.9,74.8,12313.4,13,171.8,193.4,6.0,74,15891.3,4738.9,712.9,0,0
BGH-140,1117.0,1514.3,14.0,1114.4,2,290.6,77.6,15525.4,7,63.4,5807.6,5.3,54,14849.3,4511.1,1574.3,1,0
BGH-113,1315.3,1370.3,15.3,1076.3,1,292.2,78.4,15721.8,7,110.1,1059.1,5.1,100,15001.0,4662.7,1253.5,0,0
BGH-129,1189.5,1333.4,15.9,1019.2,4,279.3,78.7,11983.4,9,136.7,477.8,3.5,100,16204.3,4958.8,456.1,0,0
BGH-140,1161.9,1458.9,16.1,1076.9,2,276.8,75.6,16852.7,11,137.6,466.0,6.0,64,15814.1,4817.4,1351.8,0,0
BGH-103,1269.3,1379.0,14.7,1145.5,1,267.2,72.5,14011.1,10,130.8,565.0,6.3,100,16235.2,4886.3,1107.5,0,0
BGH-103,1247.3,1510.0,15.8,1083.3,2,273.2,70.8,15985.5,11,78.5,3188.3,3.9,86,14327.6,4679.4,817.4,0,0
BGH-127,1259.1,1411.4,16.3,1145.4,3,284.9,71.6,16406.4,13,61.9,6182.3,6.4,86,15667.1,4752.5,1111.5,0,0
BGH-107,1195.1,1363.0,16.0,1029.3,4,267.3,83.5,16791.7,7,129.0,595.2,7.0,100,16400.9,4721.3,1239.9,0,0
BGH-101,1294.1,1314.5,15.2,1049.4,5,304.8,74.2,13021.0,9,123.9,691.6,3.8,74,15036.1,4555.3,798.1,0,0
BGH-140,1134.5,1501.2,13.6,1046.5,4,299.6,71.2,19022.9,9,65.1,5413.9,5.0,100,14536.6,5052.2,1645.6,0,0
BGH-145,1172.4,1677.7,15.7,1106.8,4,268.9,79.4,13158.4,7,138.7,452.0,6.9,74,16306.1,5079.3,976.3,0,0
BGH-121,1219.5,1630.2,16.8,1189.6,3,256.8,71.1,16789.0,13,103.7,1304.4,5.2,86,14797.3,5074.5,878.9,0,0
BGH-140,1258.4,1194.6,16.2,1212.2,1,250.0,71.1,14001.5,13,133.5,523.0,6.7,100,16291.5,4434.8,881.7,0,1
BGH-115,1233.1,1672.0,16.1,1152.9,4,291.8,79.3,15104.0,10,157.2,276.7,4.0,64,15519.2,5085.9,900.8,0,0
BGH-128,1195.9,1628.8,15.6,1002.1,1,264.8,78.9,14750.5,9,63.8,5712.1,3.3,86,15244.7,4820.0,603.4,1,0
BGH-148,1176.2,1677.5,16.2,1062.4,1,250.9,70.6,15934.0,8,42.7,14503.8,3.3,64,15473.8,5273.2,573.6,1,0
BGH-147,1258.7,1716.7,15.7,948.1,3,275.1,76.9,17096.1,8,149.1,341.2,7.4,86,15825.7,4805.3,1686.8,0,0
BGH-129,1238.2,1354.5,14.1,1108.3,4,317.3,76.5,13775.5,9,125.4,661.4,3.7,54,15699.8,5164.9,975.2,0,0
BGH-111,1156.3,1440.0,16.2,1181.2,3,298.3,78.2,13246.0,6,137.9,462.1,6.9,54,15835.5,4646.3,1611.9,0,0
BGH-134,1154.8,1858.1,14.8,1140.8,3,310.0,81.1,10874.7,12,157.3,276.0,4.4,54,15868.9,4934.6,892.1,0,0
BGH-110,1172.7,1846.2,15.6,1011.7,5,260.1,74.2,15360.5,11,152.4,313.0,3.2,64,16517.9,5422.4,470.4,0,0
BGH-145,1166.3,1484.7,16.1,1169.4,3,255.1,76.5,14661.9,11,174.5,181.4,4.1,74,15159.1,4611.8,657.9,0,0
BGH-149,1251.5,1620.6,14.9,1160.2,5,250.8,81.9,15217.5,5,115.0,907.2,5.3,86,15715.1,4880.1,817.2,0,0
BGH-120,1221.8,1638.1,14.7,1177.2,1,316.9,83.8,14796.9,12,108.4,1118.6,3.5,54,14856.9,5092.7,990.9,0,0
BGH-120,1227.9,1851.5,15.9,1155.5,1,271.0,83.4,16517.8,5,96.3,1674.5,7.1,64,16457.4,4742.5,1489.5,0,0
BGH-104,1209.6,1569.1,14.6,1073.7,2,282.2,77.2,13987.1,13,61.5,6286.8,7.0,86,15741.1,4671.3,1210.3,1,0
BGH-147,1211.9,1257.5,15.3,1007.3,2,277.6,77.8,15698.3,10,120.2,773.0,3.7,54,15348.4,5170.1,743.4,0,0
BGH-119,1120.9,1404.8,16.4,1158.5,1,301.1,77.9,14936.2,12,78.8,3152.2,6.3,54,15613.7,4940.5,1394.7,0,0
BGH-136,1239.7,2126.7,16.8,1138.8,4,271.7,83.0,13077.9,5,169.0,206.8,5.1,54,15200.4,5252.4,835.8,0,0
BGH-102,1171.8,1248.3,14.1,1001.4,2,287.5,82.6,13627.1,10,121.6,741.0,7.4,64,14527.4,4798.9,1583.1,0,0
BGH-143,1198.3,1510.1,15.3,1051.8,3,319.7,74.7,16840.3,5,123.0,710.4,3.2,74,15394.7,5020.6,1031.0,0,0
BGH-132,1176.3,1962.7,16.5,1053.2,2,281.1,72.4,16647.8,7,89.7,2110.5,5.1,54,15235.8,4682.7,1120.1,0,0
BGH-108,1207.3,1340.1,15.2,1136.4,1,288.6,75.7,16477.7,6,47.3,11714.2,4.3,54,15371.4,5125.7,1342.8,1,0
BGH-108,1228.7,954.6,16.1,1099.2,4,285.2,74.3,14662.4,6,44.4,13393.2,6.3,74,16778.6,4712.3,1473.3,1,0
BGH-103,1149.6,991.4,16.2,1086.8,1,306.2,84.3,10513.4,8,99.3,1511.5,3.5,74,16108.4,5062.0,704.0,0,0
BGH-134,1212.6,1341.2,15.0,1079.0,4,268.7,74.0,11672.2,11,51.8,9561.0,5.8,100,15570.5,4803.4,831.7,1,0
BGH-116,1177.5,1147.4,15.8,1043.7,2,261.9,72.7,14474.2,7,125.0,669.3,7.3,54,15945.9,4837.6,1490.3,0,1
BGH-133,1266.1,1707.4,15.9,1148.3,3,302.8,83.5,11964.5,11,163.3,237.6,5.0,86,15729.9,4932.7,1020.3,0,0
BGH-123,1144.3,1553.6,16.2,1063.7,3,279.1,71.3,17289.5,13,163.6,235.8,5.0,100,16003.7,4886.8,1012.3,0,0
BGH-131,1149.9,1073.2,14.2,1158.1,1,314.0,73.9,13381.8,8,132.3,541.2,5.2,86,15066.4,4938.1,1331.4,0,0
BGH-100,1182.0,1180.9,16.5,1030.3,4,295.1,76.6,14450.6,11,69.6,4511.1,4.9,74,15343.2,4623.1,894.0,0,0
BGH-107,1153.7,1748.0,16.0,1075.4,2,289.5,78.9,18470.4,5,160.8,252.8,5.0,100,15834.1,4993.5,1546.9,0,0
BGH-144,1188.8,1538.6,14.6,1198.2,4,254.9,74.9,17061.3,6,164.1,232.9,5.1,64,15454.9,4755.1,944.8,0,0
BGH-122,1173.6,1786.7,15.4,1111.7,4,301.1,77.4,15692.7,12,67.5,4909.0,7.5,100,16153.3,4968.3,1952.9,1,1
BGH-146,1204.4,1723.8,16.2,1075.5,4,298.0,73.0,15442.2,7,143.2,399.5,3.5,100,15031.8,5054.8,915.5,0,0
BGH-139,1250.4,1269.9,14.6,1068.6,2,294.8,78.6,13487.6,9,80.1,3001.0,4.3,74,16007.0,4761.0,923.5,0,0
BGH-111,1203.6,1676.4,14.8,1056.5,4,268.8,76.1,16522.4,12,152.4,313.0,3.9,54,15336.3,4639.5,635.1,0,0
BGH-111,1208.1,1612.6,15.5,1122.7,3,316.3,82.7,15425.4,9,179.6,161.2,5.4,74,15661.6,5001.3,1553.1,0,0
BGH-145,1147.1,1107.7,15.2,1144.9,1,272.5,76.2,14729.1,5,44.2,13518.7,3.0,74,15754.2,4930.6,639.8,0,0
BGH-146,1193.3,1227.6,15.7,1112.6,5,260.7,76.7,16282.1,6,165.6,224.5,7.1,74,15679.2,4831.2,1231.6,0,0
BGH-114,1178.9,1987.5,16.2,1097.0,4,319.1,78.9,16317.9,7,127.2,627.3,5.4,86,16390.3,4823.1,1507.1,0,0
BGH-140,1234.1,1314.5,15.7,1130.1,3,302.2,71.8,13057.4,6,176.3,174.0,7.0,64,16368.9,4825.5,1667.9,0,1
BGH-118,1161.8,1582.3,15.5,1029.8,3,279.0,72.4,16833.4,13,105.1,1245.5,4.6,86,15551.6,4731.1,928.1,0,0
BGH-125,1157.0,1461.9,16.2,1118.9,1,315.5,81.9,14828.9,9,158.6,267.1,3.7,100,15614.2,4965.4,1049.7,0,0
BGH-128,1215.9,1536.7,15.4,1121.7,1,256.4,74.1,15166.5,5,48.7,10990.2,3.9,74,15704.7,4799.5,745.6,1,0
BGH-121,1299.0,1475.1,14.9,1113.4,5,256.1,80.3,12368.7,12,86.9,2334.2,5.1,54,15790.1,4446.2,561.0,0,0
BGH-139,1191.2,1693.0,16.4,1072.2,5,297.8,71.5,12429.5,7,49.4,10647.4,3.2,74,14419.3,4952.9,694.5,1,0
BGH-120,1208.4,1687.8,13.6,1061.2,5,262.5,82.3,12090.4,13,176.5,173.2,6.5,86,15906.6,4804.8,717.9,0,0
BGH-137,1247.4,1523.6,15.6,1035.0,2,314.2,84.8,19786.1,13,154.4,297.2,6.6,64,14868.9,5257.7,2248.9,0,0
BGH-119,1225.5,1319.1,15.2,1173.5,2,308.8,75.6,19536.6,10,159.4,261.8,6.2,86,15472.0,4708.9,2118.8,0,0
BGH-128,1225.8,1386.2,14.8,1097.2,3,271.4,77.6,11596.5,8,171.3,195.7,7.0,74,16902.1,4832.9,1056.5,0,0
BGH-103,1195.2,1184.8,15.7,1078.8,1,312.2,76.6,11971.4,13,51.9,9518.5,5.5,64,15127.9,5123.8,1223.1,0,0
BGH-106,1196.2,1433.1,15.9,1073.9,4,253.0,83.4,13975.4,13,94.0,1813.5,5.2,54,15206.5,4860.1,622.7,0,0
BGH-127,1162.2,1146.7,14.8,1052.2,1,288.4,70.1,17214.3,6,49.9,10409.9,5.4,86,15916.6,5045.5,1568.5,1,0
BGH-127,1224.3,1543.8,14.4,1073.2,2,315.5,79.8,16250.4,10,69.5,4529.2,3.8,86,15401.6,4983.8,1181.5,0,0
BGH-103,1223.2,1559.2,14.5,1160.6,3,309.9,79.8,19334.9,8,72.1,4084.7,5.3,100,16285.5,4925.0,1960.6,0,0
BGH-121,1235.9,1701.1,17.0,1129.1,4,274.9,75.7,14390.9,7,105.7,1221.3,5.4,64,14732.0,4875.6,1017.6,0,0
BGH-111,1175.6,1256.0,17.0,1141.4,5,262.8,73.3,13605.3,10,77.6,3299.5,6.4,86,15731.0,4875.8,855.3,0,0
BGH-144,1241.5,1269.6,15.5,1148.0,5,264.7,73.6,15111.8,12,54.1,8636.8,4.6,100,15160.5,5052.6,665.2,1,0
BGH-102,1256.7,1804.9,14.4,1210.0,2,286.0,82.0,14652.4,13,63.4,5807.6,3.4,54,15706.3,5241.0,699.7,0,0
BGH-121,1139.3,1226.3,15.4,1101.4,3,291.8,71.0,14945.5,13,60.6,6529.5,5.7,86,15999.7,4593.2,1275.9,1,0
BGH-143,1185.2,1910.2,13.7,1078.6,1,252.3,78.5,15213.8,6,176.2,174.4,6.5,86,15528.7,4660.9,1165.2,0,1
BGH-101,1258.8,1315.2,15.8,1121.9,2,278.9,74.6,19240.1,12,146.3,367.5,7.4,74,16108.4,5077.9,1808.3,0,0
BGH-123,1167.5,1316.6,14.7,1132.4,1,308.1,74.0,15240.4,12,175.5,177.2,3.4,86,16233.9,5137.1,898.6,0,0
BGH-133,1226.4,1668.6,14.5,1098.3,4,281.1,77.6,12873.5,9,101.6,1398.8,6.4,54,15478.6,4886.4,1179.3,0,0
BGH-126,1200.4,1609.9,16.3,1055.3,1,261.8,83.5,14418.9,8,79.0,3128.4,5.7,100,16451.2,4873.4,919.7,0,0
BGH-140,1216.5,1828.3,15.4,1109.3,4,316.8,79.3,16451.4,13,151.8,317.9,3.1,64,14268.6,5046.0,873.8,0,0
BGH-100,1202.0,1121.7,16.2,1127.2,3,268.6,81.8,16200.8,8,85.7,2438.4,6.2,54,15681.5,4952.5,1393.8,0,0
BGH-107,1237.3,1606.7,16.5,1117.4,2,305.9,79.0,16091.7,8,81.9,2805.3,3.1,64,16052.4,4838.1,954.4,0,0
BGH-122,1148.9,1490.8,15.4,1008.1,1,263.6,80.5,11602.0,7,72.6,4005.1,6.5,54,14947.1,4571.9,982.8,0,0
BGH-137,1154.3,1284.7,15.5,1020.5,3,279.6,76.5,11881.1,7,58.2,7230.6,6.2,100,16237.1,4709.7,1016.0,1,0
BGH-105,1273.2,1876.3,16.3,1135.8,3,284.3,83.9,14737.3,7,75.9,3522.1,6.1,74,15052.3,4849.6,1322.7,0,0
BGH-121,1305.0,1547.1,15.1,1081.4,1,285.0,77.5,15892.1,11,89.7,2110.5,3.5,100,15109.7,4929.6,820.8,0,0
BGH-124,1199.7,1487.4,16.4,1211.2,5,286.2,78.3,13337.9,9,134.4,509.8,7.1,64,15432.1,4745.7,1523.3,0,0
BGH-117,1285.8,1590.8,13.9,1167.1,5,265.7,77.9,17988.5,13,48.8,10940.5,7.0,64,15751.3,5183.2,1376.2,1,0
BGH-116,1161.4,1154.3,15.2,1036.6,4,286.1,74.7,16081.6,6,69.5,4529.2,7.1,86,16036.0,4691.7,1844.6,0,0
BGH-111,1173.4,1250.3,15.6,1151.3,3,283.7,73.5,13963.7,8,153.3,305.8,4.6,74,15009.1,4718.8,926.0,0,0
BGH-105,1272.9,1433.5,14.5,1180.0,2,264.6,71.1,20560.4,6,60.6,6529.5,5.2,100,17254.0,4840.9,1325.4,0,0
BGH-125,1240.2,1563.3,15.8,1077.7,2,319.2,80.8,14068.9,12,88.0,2243.2,3.5,100,15220.2,4745.1,942.1,0,0
BGH-126,1280.3,1754.9,15.6,1095.7,3,310.6,74.3,14261.2,8,161.1,250.9,3.2,64,15791.2,5213.7,873.1,0,0
BGH-107,1223.4,1323.0,14.9,1072.6,5,312.1,75.8,14167.9,5,61.7,6234.3,3.3,74,15721.4,4943.6,894.5,0,0
BGH-118,1149.4,1277.3,14.9,1043.9,3,298.0,83.8,15083.6,7,51.6,9646.5,5.6,100,15380.9,5290.2,1366.1,1,0
BGH-141,1211.2,1600.3,14.8,1178.8,4,261.2,78.5,12850.5,11,107.8,1140.5,4.4,74,15850.2,5142.8,485.3,0,0
BGH-100,1260.1,1472.8,14.2,970.5,3,289.8,71.5,16474.3,7,82.3,2763.8,5.6,74,15352.0,4837.9,1436.3,0,0
BGH-128,1193.4,1115.7,16.8,1066.3,1,307.5,82.0,16749.6,9,118.9,804.3,5.7,100,15638.4,4764.5,1826.6,0,0
BGH-144,1185.7,1316.3,15.3,1078.9,5,252.7,73.8,16334.3,6,152.5,312.2,7.1,74,15454.9,4859.2,1139.2,0,0
BGH-148,1224.2,1463.6,14.4,1107.9,1,284.7,78.3,14093.8,12,59.2,6928.5,7.0,54,16018.5,5125.7,1460.1,1,0
BGH-134,1172.0,1469.2,15.4,1038.0,1,277.7,77.6,14102.8,8,121.3,747.7,6.2,64,15957.2,4644.2,1171.0,0,0
BGH-139,1214.8,1518.0,15.7,1167.7,3,264.8,73.6,16226.2,5,110.8,1035.7,6.7,74,16125.3,4447.4,1362.4,0,0
BGH-113,1203.2,1239.9,14.8,1008.2,3,276.5,71.7,15431.3,8,60.2,6640.7,3.0,74,15451.8,4840.9,590.7,0,0
BGH-134,1175.5,1473.8,15.2,1008.9,2,318.8,73.2,13396.3,12,127.4,623.6,3.1,54,14602.8,4796.4,794.6,0,0
BGH-147,1249.0,1689.4,16.5,1102.9,1,300.6,71.5,10951.8,13,78.3,3212.6,5.1,86,15062.9,5105.4,930.4,0,0
BGH-144,1232.3,922.5,14.6,1035.7,3,271.0,74.1,14210.5,5,108.3,1122.2,5.9,74,15880.5,4666.5,1206.9,0,0
BGH-119,1182.3,1443.5,15.0,1110.4,2,292.4,85.0,16044.0,10,51.5,9689.6,6.6,100,15471.8,4966.4,1613.4,1,0
BGH-148,1199.3,1167.6,13.9,1063.0,1,267.3,76.0,15989.8,8,104.3,1278.8,5.0,86,15120.3,4748.5,956.7,0,0
BGH-112,1186.4,1493.6,17.0,1140.4,2,292.8,83.0,11971.0,12,82.9,2702.9,7.2,86,16369.1,4684.1,1164.7,0,0
BGH-137,1168.1,1199.0,16.0,1053.6,5,312.7,78.2,16674.6,5,155.1,291.9,6.7,54,15262.7,4988.6,2137.5,0,0
BGH-148,1115.1,1526.8,15.5,1172.2,4,289.0,80.0,18702.0,9,48.0,11345.6,3.5,100,15152.0,4670.0,901.6,1,0
BGH-145,1175.8,1825.3,14.9,1131.5,1,301.3,72.3,14297.6,5,98.6,1547.8,5.0,86,15311.8,5158.5,1367.8,0,0
BGH-148,1168.8,1304.1,14.9,1062.1,3,281.7,74.1,14593.0,8,104.2,1283.0,7.5,74,16096.7,4874.9,1388.3,0,0
BGH-107,1205.7,1333.1,15.3,1131.2,5,286.7,77.7,13953.6,6,141.5,418.4,4.8,54,15495.4,4745.5,1109.5,0,0
BGH-142,1222.0,1406.0,15.9,1107.3,2,298.7,83.2,14293.7,13,120.4,768.4,4.7,54,16008.8,5353.1,1276.4,0,0
BGH-119,1159.9,1563.7,14.6,1139.3,4,306.9,70.6,17423.1,6,133.4,524.5,4.3,54,15501.0,5254.9,1423.4,0,0
BGH-132,1218.7,1296.2,15.1,1130.0,1,296.2,77.6,13431.3,8,148.8,343.9,5.2,64,15686.8,4527.7,1196.6,0,0
BGH-125,1152.2,1424.0,16.2,1118.0,4,318.4,70.8,15484.5,7,160.7,253.4,6.3,86,15086.9,4827.9,1866.4,0,0
BGH-138,1193.7,1366.1,16.8,1103.2,5,307.4,76.9,14449.9,5,83.9,2604.8,3.2,100,14545.3,4858.9,829.2,0,0
BGH-120,1169.9,1406.7,15.9,1145.2,4,304.4,79.4,15381.4,5,115.3,898.8,6.8,100,15731.1,4733.8,1942.9,0,0
BGH-148,1237.3,1566.1,15.0,1158.5,1,309.2,81.2,14427.9,6,157.6,273.9,7.1,64,16496.9,5117.6,1747.1,0,0
BGH-141,1205.8,1610.2,15.4,1106.8,5,269.7,72.1,16641.5,12,178.5,165.3,6.5,74,16330.5,4647.7,1159.8,0,0
BGH-142,1194.5,1204.6,15.8,1130.3,2,280.2,72.5,17081.8,6,164.5,230.6,7.1,86,16237.8,4826.5,1992.6,0,0
BGH-140,1168.7,1565.3,15.3,1146.9,1,289.5,77.1,15748.1,5,92.0,1945.2,3.4,54,15371.2,4887.6,903.4,0,0
BGH-108,1183.6,2129.2,16.1,1180.3,4,282.4,85.0,14569.1,10,67.3,4949.0,5.0,64,16058.4,4419.9,942.4,0,0
BGH-123,1291.5,1808.8,14.9,1171.6,1,309.3,75.3,16573.5,5,108.5,1115.0,3.3,64,15705.8,5112.0,1046.4,0,0
BGH-136,1174.9,1371.6,16.8,1151.5,5,251.9,76.4,13501.6,13,143.8,393.1,6.8,86,15845.7,5118.0,925.8,0,0
BGH-148,1224.0,1526.4,15.4,1079.3,4,264.6,76.5,15859.0,10,109.0,1097.2,7.3,100,15795.1,4646.7,1301.8,0,0
BGH-140,1194.4,1493.3,15.0,1034.4,2,311.7,71.2,13971.1,10,107.6,1148.0,4.3,86,15083.1,5026.4,1140.0,0,0
BGH-116,1222.5,1591.9,16.0,1128.0,3,254.1,81.6,15430.0,5,157.4,275.3,5.4,100,15450.7,4886.6,920.7,0,0
BGH-123,1241.8,1415.6,14.7,1127.6,2,265.9,73.8,13080.5,11,90.6,2044.0,4.3,86,14641.6,5047.1,709.0,0,0
BGH-120,1182.3,1446.2,15.6,1080.2,1,274.6,80.6,17367.6,7,160.4,255.3,4.7,100,15133.0,5201.1,1108.1,0,0
BGH-138,1235.5,1353.8,16.6,1033.3,3,302.6,77.1,12486.3,5,97.0,1634.7,5.1,64,15030.1,4901.2,1218.4,0,0
BGH-140,1337.8,1719.1,14.5,1182.8,5,289.2,79.2,14742.8,13,86.0,2411.8,6.6,100,15681.8,4584.8,1256.6,0,0
BGH-138,1228.4,1562.2,16.5,1121.3,4,316.8,70.8,12045.9,12,103.6,1308.7,3.7,86,16068.3,5394.6,852.7,0,0
BGH-112,1280.7,1563.7,14.5,1039.6,4,266.0,83.3,17325.1,8,146.7,363.6,3.7,74,15667.1,4893.6,732.0,0,0
BGH-110,1224.1,1743.7,16.2,1093.7,5,311.0,73.7,18108.4,7,57.6,7419.1,3.9,86,15861.3,4741.9,1351.2,1,0
BGH-145,1153.4,1746.6,14.7,1032.8,1,269.8,80.1,12618.1,6,67.5,4909.0,3.2,64,14373.6,4859.8,588.9,0,0
BGH-118,1213.8,1708.9,16.5,1134.1,2,267.2,82.0,15648.5,6,173.2,187.1,5.9,100,16226.9,4839.2,1215.9,0,0
BGH-110,1183.5,1740.6,15.0,1192.5,3,284.9,78.1,14408.3,7,64.6,5526.4,3.9,100,15664.2,4709.5,935.0,1,0
BGH-112,1170.2,1812.5,15.2,1090.7,5,255.0,75.1,16024.1,5,119.5,789.7,5.0,100,15980.4,4695.9,960.3,0,0
BGH-145,1196.4,1306.7,14.7,1095.4,1,276.9,84.7,18152.7,11,121.1,752.2,6.1,64,15623.5,5056.9,1423.9,0,0
BGH-144,1192.3,1440.3,13.6,1086.2,1,274.9,74.2,15770.8,6,108.5,1115.0,5.0,86,16595.3,4950.2,1103.9,0,0
BGH-100,1147.0,1641.8,14.6,1088.8,3,261.2,84.2,13468.9,10,130.3,573.2,7.1,100,16282.4,4955.3,1028.3,0,0
BGH-139,1335.4,1322.9,14.2,1061.2,5,310.3,72.3,13619.1,10,72.2,4068.6,6.5,74,15016.2,5006.0,1491.1,0,0
BGH-143,1240.4,1427.3,13.9,1169.1,2,277.0,75.8,14292.2,8,117.4,842.2,4.2,74,15235.3,4704.9,908.1,0,0
BGH-118,1212.2,1538.9,15.7,1109.8,2,318.7,72.1,13544.5,8,92.1,1938.3,3.6,54,15783.8,4938.1,932.9,0,0
BGH-111,1204.5,1454.0,16.7,1103.2,5,313.0,70.0,16520.5,5,132.6,536.6,7.0,74,15715.9,5161.0,2127.1,0,0
BGH-107,1260.1,1513.2,16.9,1088.7,4,263.6,73.9,16690.9,10,59.8,6754.2,4.8,54,15817.1,4871.2,817.2,1,0
BGH-107,1303.8,1270.9,14.6,1036.4,2,285.4,71.3,17519.3,12,119.9,780.1,4.7,100,16009.1,5077.4,1161.4,0,0
BGH-144,1234.3,1492.4,15.4,1146.9,4,292.1,84.8,14150.5,8,65.9,5239.3,6.6,64,15695.3,4996.6,1531.9,0,1
BGH-111,1206.1,1526.8,16.4,1171.1,5,307.3,81.4,17308.5,5,79.0,3128.4,3.0,64,16002.6,4776.7,993.5,0,0
BGH-147,1273.6,1823.0,14.5,1006.9,1,312.0,70.1,18366.5,8,70.6,4334.7,5.0,64,16287.2,5143.3,1757.0,0,0
BGH-132,1207.1,1446.3,16.5,1135.5,5,293.7,73.4,12347.0,6,65.6,5304.0,6.2,100,15358.5,5161.3,1206.8,0,0
BGH-144,1221.8,1369.9,16.5,1143.1,1,252.5,80.1,14025.5,8,155.6,288.2,6.8,100,16634.1,4828.7,1042.3,0,1
BGH-125,1250.1,1642.6,13.9,1164.2,5,283.7,76.0,14783.7,12,80.0,3012.3,7.0,86,15260.6,5031.2,1228.6,0,0
BGH-138,1180.7,865.1,13.6,1160.3,4,311.9,82.5,16644.6,7,169.8,202.8,5.1,74,15386.3,4939.9,1610.8,0,0
BGH-127,1096.2,1436.5,15.2,1231.8,4,300.0,77.6,17680.3,9,175.8,176.0,6.8,100,15629.5,4880.0,1898.3,0,0
BGH-104,1178.2,1397.3,16.3,1120.0,5,310.9,79.8,11538.9,6,120.0,777.8,3.2,74,15612.6,4884.7,674.6,0,0
BGH-107,1238.7,1552.2,14.3,1149.6,1,297.2,79.0,13660.9,13,60.0,6697.2,4.4,64,15227.1,4720.0,995.7,0,0
BGH-124,1235.1,1749.2,13.9,1100.6,5,253.1,79.6,17291.0,7,92.4,1918.0,3.0,74,15488.3,4763.7,465.2,0,0
BGH-126,1267.1,1810.3,15.6,1059.9,1,317.8,73.5,13296.0,5,151.7,318.8,3.7,86,15886.2,4724.9,941.2,0,0
BGH-145,1180.2,1549.4,16.0,1135.4,4,314.3,75.6,16596.4,11,91.4,1986.8,6.3,64,16462.7,5131.0,1764.2,0,0
BGH-122,1279.0,1189.7,15.0,1149.7,3,258.9,70.8,16147.1,9,52.2,9392.5,3.0,74,15990.8,4930.2,564.6,0,0
BGH-129,1209.3,1397.2,15.0,1117.1,2,257.9,78.8,16554.6,13,117.9,829.3,5.4,86,16504.3,5086.4,934.1,0,0
BGH-144,1230.2,1419.1,16.0,1017.0,4,287.7,76.9,16580.1,7,158.3,269.1,4.9,74,14996.4,4489.9,1310.4,0,0
BGH-146,1245.2,1573.4,14.8,1027.6,5,303.0,81.4,14146.7,5,151.4,321.3,3.6,86,14532.7,4720.0,806.2,0,0
BGH-122,1130.9,1511.2,14.9,1138.4,5,276.8,73.1,14468.4,11,64.5,5549.3,6.1,74,16337.2,4753.8,1095.9,1,0
BGH-148,1149.8,1362.3,15.7,1081.7,1,259.5,76.6,14309.2,12,134.2,512.7,6.1,64,15525.3,4992.8,850.5,0,0
BGH-146,1148.1,1249.7,15.8,1117.8,2,285.7,72.7,15450.5,6,70.9,4283.3,6.3,64,15364.6,4909.8,1440.6,0,0
BGH-119,1253.6,1326.3,15.3,1124.1,4,273.6,79.2,10737.7,6,70.5,4352.0,6.4,54,15999.7,4840.3,830.0,0,0
BGH-117,1184.7,1318.9,16.7,1094.3,2,274.6,82.7,15964.9,13,162.4,242.9,4.4,86,15810.3,4550.5,786.0,0,0
BGH-117,1301.4,1824.3,16.1,1087.2,2,295.1,81.5,18445.0,8,75.0,3646.8,7.5,74,15884.9,5040.8,2646.8,0,0
BGH-101,1200.2,1346.1,15.2,1093.5,4,312.0,84.2,15394.7,5,76.9,3389.2,3.3,74,15036.3,4943.1,972.0,0,0
BGH-103,1126.4,1512.0,14.5,1129.6,1,289.1,84.6,14755.3,13,40.1,16410.4,5.9,74,15564.0,5240.6,1110.9,1,0
BGH-129,1166.4,1693.7,16.3,1124.0,1,298.1,81.6,15147.1,13,161.9,245.9,7.4,100,16092.4,4392.0,1604.3,0,1
BGH-132,1205.9,1539.0,16.3,1060.1,1,296.2,74.3,16061.4,10,151.0,324.6,4.0,86,14944.6,4902.9,1082.2,0,0
BGH-135,1225.8,1282.8,15.4,1099.3,3,288.6,73.3,17286.7,10,127.8,616.4,4.3,74,15242.7,4689.5,1105.0,0,0
BGH-117,1150.8,1697.0,15.7,1047.0,2,271.8,76.7,14864.3,13,145.0,380.6,5.6,54,16524.1,4618.9,938.8,0,0
BGH-136,1228.4,1570.8,16.1,1125.7,3,276.4,84.9,14666.2,6,61.3,6339.8,6.5,64,16055.6,4746.0,1522.8,1,0
BGH-118,1241.8,1062.9,16.8,1076.7,1,272.1,76.2,12252.1,13,104.2,1283.0,4.5,100,15391.9,5194.8,630.6,0,0
BGH-146,1168.0,1749.1,16.2,1136.0,4,314.2,73.0,15093.9,8,89.2,2148.6,6.8,100,14689.2,4903.4,1963.7,0,0
BGH-127,1298.5,1674.7,15.9,1088.0,2,307.9,84.2,12596.2,8,53.1,9025.5,4.1,64,15060.4,4880.0,988.1,1,0
BGH-139,1173.4,1567.7,16.2,1157.2,4,290.6,75.8,13905.3,13,108.1,1129.5,6.9,100,15945.3,4821.9,1554.2,0,0
BGH-119,1150.0,1827.0,16.4,1166.7,5,313.9,80.4,16755.0,11,168.9,207.3,4.1,54,15386.5,5003.1,1314.3,0,0
BGH-148,1123.5,1670.1,15.7,1122.2,2,312.0,81.8,17041.8,9,45.6,12667.3,5.8,54,15506.1,4812.8,1891.1,1,0
BGH-132,1261.0,1725.6,16.2,1081.6,4,314.9,82.6,15926.5,12,80.8,2923.1,4.6,64,16804.8,4980.7,1302.8,0,0
BGH-111,1201.1,1707.3,15.0,1053.1,1,265.5,82.3,17428.9,5,69.1,4602.4,4.4,86,15927.3,4949.3,1078.6,0,0
BGH-114,1176.0,1651.4,16.3,1148.1,3,300.2,82.5,11700.0,11,73.3,3896.6,4.6,100,16024.0,4897.5,906.6,0,0
BGH-140,1126.3,1141.8,15.0,1096.7,4,292.6,80.0,18256.1,8,167.2,215.9,5.2,74,15811.9,4962.8,1284.6,0,0
BGH-138,1180.5,1165.7,14.7,1102.4,5,301.4,76.1,13302.3,6,105.5,1229.3,6.8,74,16297.8,4715.5,1395.9,0,0
BGH-101,1319.1,1670.2,15.4,1080.6,1,268.4,80.0,15601.6,6,105.3,1237.4,6.4,54,16062.3,4828.2,1482.2,0,0
BGH-128,1092.8,1746.3,14.4,1030.9,5,298.6,82.6,13669.0,13,146.5,365.6,5.0,86,16500.4,4637.8,1083.7,0,0
BGH-140,1168.4,1359.0,15.0,1153.7,3,278.7,75.3,15620.0,10,61.6,6260.5,4.3,86,14747.9,4559.3,992.6,1,0
BGH-109,1289.6,1277.2,15.8,1095.8,5,308.4,74.4,15035.7,8,108.2,1125.9,6.8,100,15234.4,5146.5,1773.0,0,1
BGH-101,1262.4,1552.5,15.7,1006.9,4,305.7,75.2,17275.0,6,100.2,1466.2,6.9,100,14897.0,5039.8,2237.8,0,0
BGH-110,1171.5,1209.6,16.0,1093.1,4,264.8,78.3,19929.9,11,123.6,697.8,5.0,64,15513.6,5123.6,1038.0,0,0
BGH-112,1210.2,1466.2,16.0,1032.3,1,262.9,70.8,16763.6,13,179.9,160.1,6.1,54,15775.0,5047.7,1307.1,0,0
BGH-109,1223.1,1429.0,15.8,1129.5,3,300.2,81.7,14760.9,6,147.7,354.1,4.7,64,16105.9,4776.2,1210.1,0,0
BGH-113,1206.7,1455.1,14.8,1122.7,3,288.5,72.1,18065.7,8,95.7,1709.6,3.7,64,16471.7,4492.5,966.4,0,0
BGH-117,1289.2,1876.9,16.2,1175.4,2,289.0,72.0,11605.9,5,155.9,286.0,4.4,86,15454.8,4771.1,852.0,0,0
BGH-108,1217.0,1373.2,15.4,1026.2,2,302.7,73.0,13838.9,5,63.9,5688.5,6.1,100,15551.5,4993.3,1580.8,0,0
BGH-138,1256.8,1510.7,15.7,1171.9,4,309.8,78.7,14538.3,7,44.3,13455.8,6.5,74,15684.7,4912.6,1759.8,1,0
BGH-127,1209.1,1237.6,15.6,1126.0,5,266.7,74.3,14445.4,5,68.6,4695.8,6.8,64,15739.4,4853.2,1293.6,0,0
BGH-102,1098.4,1688.1,16.8,1031.7,5,288.9,75.5,13522.1,8,87.7,2267.6,3.1,54,14983.4,4859.9,614.0,0,0
BGH-119,1140.4,1464.1,14.5,1191.4,1,308.0,84.0,16392.0,10,111.5,1012.9,5.2,64,15417.3,4678.2,1536.8,0,0
BGH-105,1150.8,1735.7,15.2,1093.8,3,311.1,82.7,14995.7,9,126.1,647.9,4.2,74,15048.7,5257.2,1126.0,0,0
BGH-126,1187.5,1008.6,15.9,1040.4,4,270.1,82.8,14726.8,13,167.5,214.4,6.1,74,15773.3,4947.4,940.3,0,0
BGH-101,1303.9,1488.4,15.5,1152.0,5,257.3,78.7,17818.7,6,111.4,1016.1,4.1,54,15723.3,4970.9,676.2,0,0
BGH-128,1218.1,1526.4,15.1,1045.6,2,266.3,83.0,14107.2,6,110.2,1055.8,5.5,74,15645.2,4577.9,1087.7,0,0
BGH-137,1194.7,1682.3,14.0,1157.8,4,316.2,81.7,17055.3,7,47.0,11876.3,6.2,74,15521.0,4865.8,2023.1,1,0
BGH-102,1261.9,1371.6,15.3,1090.4,1,282.4,84.3,14451.9,8,44.9,13085.2,6.5,74,15336.8,4998.4,1600.3,1,0
BGH-115,1127.4,1657.4,15.8,1082.5,4,279.3,71.0,14495.1,13,117.2,847.4,4.2,64,15870.1,5290.8,756.9,0,0
BGH-129,1175.5,1394.5,15.9,1034.9,5,250.9,70.4,13478.9,10,101.3,1412.9,3.4,54,16154.0,5091.4,368.5,0,0
BGH-139,1168.1,1518.8,15.4,1047.8,1,253.6,72.6,12089.4,13,157.5,274.6,4.0,64,15064.8,4813.8,489.3,0,0
BGH-101,1219.9,1684.4,15.6,1108.0,2,296.8,83.9,13677.2,9,62.5,6029.2,5.7,54,15504.7,5037.8,1322.9,1,0
BGH-116,1244.8,1314.0,14.6,1018.0,2,291.3,79.1,11447.5,13,43.5,13968.6,3.2,74,15492.2,5012.0,562.1,1,0
BGH-140,1223.6,1648.1,15.8,1134.5,5,290.3,76.4,15511.6,13,102.9,1339.5,3.7,74,15495.2,5086.4,863.1,0,0
BGH-111,1224.4,1567.0,15.5,1073.8,1,257.7,77.7,14370.1,5,73.2,3911.9,7.5,100,16127.1,4741.3,1236.4,0,0
BGH-134,1181.9,1433.3,15.6,1080.2,2,274.6,82.4,17168.3,13,46.9,11930.9,4.7,74,14695.9,4920.8,1029.7,1,0
BGH-142,1216.0,1366.4,15.3,1129.2,1,306.9,83.9,13549.8,11,141.4,419.6,5.2,54,16305.6,4744.5,1268.0,0,0
BGH-100,1158.0,1079.8,15.7,1089.8,4,262.2,80.9,14484.7,12,55.6,8089.0,3.0,86,15323.2,4864.8,544.5,1,0
BGH-144,1233.7,1483.9,16.0,1161.5,3,311.8,81.4,17435.6,7,125.2,665.4,5.7,54,15403.9,5152.0,1901.5,0,0
BGH-114,1175.0,1433.6,15.7,997.5,3,258.5,74.8,16780.0,5,79.3,3093.0,4.5,74,15965.7,4928.9,885.6,0,0
BGH-125,1143.9,1627.8,14.0,1140.0,3,261.8,77.0,15272.6,8,64.3,5595.2,5.4,74,14867.3,4592.4,1060.5,1,0
BGH-136,1201.9,1607.6,15.7,1101.2,2,283.4,83.3,12930.5,5,93.2,1864.9,5.4,86,15411.5,4804.4,1096.1,0,0
BGH-120,1104.3,1714.0,15.2,1067.1,5,316.2,81.8,16173.6,5,152.2,314.6,7.4,74,15392.3,5015.1,2289.9,0,1
BGH-148,1273.7,1721.3,14.9,1147.4,3,273.1,80.3,14423.5,8,94.9,1757.6,4.2,100,16107.8,4550.5,768.4,0,0
BGH-130,1239.9,2131.1,16.6,1129.3,5,296.1,71.0,13960.1,12,145.1,379.5,5.6,86,15630.6,5033.4,1123.8,0,0
BGH-124,1216.8,1602.7,14.8,1111.4,3,291.2,70.6,17662.6,5,57.6,7419.1,4.7,64,14999.3,5134.7,1518.6,0,0
BGH-122,1118.8,1327.9,14.8,1087.3,4,260.5,72.0,17932.7,13,148.2,349.4,4.9,100,15806.1,4908.2,835.3,0,0
BGH-123,1165.0,1665.2,13.7,1064.7,3,267.4,78.7,13226.7,10,73.2,3911.9,3.3,54,15526.7,4770.4,401.4,0,0
BGH-137,1202.0,1821.2,16.7,1046.1,5,315.1,78.0,18432.1,9,134.8,504.1,6.1,100,15057.3,4569.9,1963.4,0,0
BGH-127,1186.8,1595.0,16.2,1168.3,2,262.9,84.1,14820.7,13,119.2,796.9,3.9,100,15423.8,4691.9,697.0,0,0
BGH-120,1115.6,1075.1,15.2,1141.3,4,298.7,80.4,16565.5,13,170.1,201.4,5.1,74,16056.9,5222.8,1399.5,0,0
BGH-142,1134.2,1611.1,16.0,1128.4,5,317.5,74.4,18662.5,13,94.2,1800.9,5.0,64,15735.1,4880.5,1539.0,0,0
BGH-117,1185.8,1374.0,13.7,1078.7,1,258.4,72.4,14674.2,7,49.3,10695.6,5.1,86,16428.8,5105.4,802.4,1,0
BGH-135,1135.8,1235.6,15.9,1201.7,3,277.9,82.7,15523.9,12,42.7,14503.8,4.7,100,15793.5,4819.3,884.0,1,0
BGH-134,1268.6,1537.3,14.8,1065.3,4,265.7,76.9,16446.9,8,155.8,286.8,4.1,74,15634.5,4760.4,850.0,0,0
BGH-144,1224.7,1194.8,16.8,1081.1,2,265.5,79.8,18160.6,8,113.5,950.9,5.0,100,14674.7,4868.2,1110.1,0,0
BGH-108,1159.8,1704.6,15.8,1190.6,1,258.3,78.5,15039.9,11,148.5,346.7,3.2,64,15874.0,5149.2,453.0,0,0
BGH-137,1258.5,1646.2,15.6,1097.4,3,295.5,71.6,16618.8,12,72.8,3973.7,4.1,86,14701.6,5038.3,1069.7,0,0
BGH-129,1248.4,1482.7,14.8,1186.9,4,302.2,70.9,13451.5,8,88.3,2219.1,6.5,74,16318.5,4681.0,1599.4,0,0
BGH-143,1214.4,1390.0,14.8,1118.9,5,297.4,75.7,12036.9,10,44.2,13518.7,6.8,100,15619.7,4738.9,1386.5,1,0
BGH-133,1198.0,1463.2,16.0,1074.3,3,314.7,75.4,13643.0,5,174.6,181.0,6.2,64,15680.7,4623.2,1543.6,0,0
BGH-131,1185.1,1297.8,14.8,1090.2,4,260.2,80.1,13637.5,6,133.5,523.0,5.8,54,15530.5,5123.7,998.7,0,0
BGH-102,1173.0,1484.6,14.8,1064.2,3,272.4,79.5,16950.2,9,170.6,199.0,6.7,54,15160.1,4881.2,1460.3,0,0
BGH-102,1133.2,931.1,16.6,1134.7,4,274.1,84.5,14853.1,8,77.2,3350.4,3.6,64,15691.3,4968.4,651.8,0,0
BGH-127,1276.4,1517.7,15.7,1161.1,5,266.2,82.9,13778.3,7,125.6,657.5,5.4,86,14955.3,4928.2,762.6,0,0
BGH-143,1174.0,1522.8,14.6,1123.4,3,260.0,77.4,13225.4,10,135.0,501.2,3.5,100,15362.9,4880.1,430.7,0,0
BGH-114,1201.4,1669.0,15.9,1114.2,4,284.1,77.5,14164.6,10,84.5,2547.9,6.5,100,15480.3,4706.8,1181.9,0,0
BGH-140,1154.5,1560.0,15.3,1048.0,1,308.4,80.1,16834.5,12,158.7,266.4,5.3,64,15115.8,4510.3,1526.0,0,0
BGH-122,1187.0,1695.5,14.1,1154.7,2,316.8,71.7,13219.9,6,172.6,189.8,6.6,100,16107.1,4931.9,1669.3,0,0
BGH-139,1342.5,1609.4,15.1,1142.0,4,259.1,85.0,14745.3,11,163.9,234.1,6.6,86,15851.1,5264.5,1109.7,0,0
BGH-110,1163.7,1707.3,14.7,1113.9,4,307.6,77.8,14235.6,11,143.5,396.3,5.1,64,15180.1,4718.0,1219.5,0,0
BGH-147,1272.4,2024.3,15.7,1084.9,4,307.7,83.6,15708.4,6,78.8,3152.2,5.2,54,14854.2,4546.0,1375.9,0,0
BGH-131,1198.6,1584.0,15.0,1102.2,3,277.2,84.5,18681.8,10,79.4,3081.4,3.1,54,15686.5,4862.2,698.3,0,0
BGH-135,1234.0,1536.8,15.6,1054.5,2,257.7,78.7,13696.0,9,174.9,179.8,5.4,74,16251.2,4931.7,847.2,0,0
BGH-132,1262.2,1737.4,16.0,1026.3,3,319.3,71.6,15634.8,6,41.4,15423.7,6.0,54,15542.5,4703.5,1794.8,1,0
BGH-123,1213.6,1406.4,17.4,1085.0,4,295.9,78.6,14969.3,13,140.2,433.6,4.1,100,15698.2,4791.2,874.7,0,0
BGH-138,1182.4,1476.2,17.1,1057.0,4,318.8,79.0,14067.8,12,138.9,449.5,7.4,86,16143.5,4635.1,1991.7,0,1
BGH-133,1190.7,1584.2,15.7,1074.6,2,283.9,81.8,15100.8,11,127.2,627.3,7.4,86,15816.5,4858.7,1651.4,0,0
BGH-127,1192.4,1514.5,15.5,1075.6,1,277.7,70.7,18639.6,10,178.6,165.0,4.3,74,16256.4,4975.6,1070.1,0,0
BGH-136,1293.2,1513.6,15.0,1096.1,3,267.3,77.0,14861.9,9,83.7,2624.1,6.2,100,16746.9,4761.7,1024.6,0,0
BGH-106,1125.8,1680.0,14.2,1092.8,1,318.9,83.8,14861.7,13,87.6,2275.8,3.1,64,15491.9,4769.0,881.5,0,0
BGH-103,1111.5,1160.8,13.7,947.3,4,267.7,84.9,14242.5,9,51.1,9864.2,6.0,74,15197.1,4956.2,945.6,1,0
BGH-136,1114.8,1906.7,14.8,1117.4,4,251.7,72.9,15830.8,10,102.0,1380.2,5.8,100,16144.0,4996.9,1060.3,0,0
BGH-100,1155.3,1597.2,16.8,1106.6,5,285.9,83.1,13000.2,7,76.5,3441.6,6.7,64,15794.2,4835.5,1407.1,0,0
BGH-100,1235.0,1419.9,16.8,1148.1,5,276.4,72.2,15242.9,13,88.1,2235.1,4.4,54,14905.1,4955.1,755.3,0,0
BGH-146,1238.1,1825.6,15.6,1089.3,1,268.3,82.6,15891.6,12,156.8,279.6,7.0,54,15787.6,4981.5,1217.5,0,1
BGH-119,1169.6,1520.7,15.9,1154.2,5,294.4,74.2,13303.8,13,171.0,197.1,6.9,64,15962.2,4681.6,1266.2,0,0
BGH-118,1198.6,1526.0,15.0,1092.3,2,275.5,84.4,18195.8,5,66.0,5217.9,6.0,74,15586.6,4602.0,1768.5,0,0
BGH-128,1144.2,1457.1,15.5,1117.0,1,278.2,80.4,18122.5,5,92.2,1931.5,5.1,64,15163.9,5053.8,1401.8,0,0
BGH-109,1148.8,1793.5,14.9,1054.1,5,251.6,76.0,19495.4,6,170.0,201.9,5.8,100,15609.8,5201.2,1031.1,0,0
BGH-117,1229.0,1498.1,14.9,1156.8,5,291.2,74.2,16142.7,8,48.7,10990.2,6.3,64,15264.9,4466.6,1449.4,1,0
BGH-127,1252.4,1388.3,16.0,1165.0,2,258.5,73.5,15831.2,9,52.9,9105.6,7.4,100,15917.7,5125.8,1359.1,1,0
BGH-134,1176.2,1699.8,15.0,1194.2,2,265.0,80.2,14844.1,11,62.8,5954.2,3.5,100,15414.6,4899.7,621.7,0,0
BGH-142,1281.8,1736.6,15.9,1072.9,1,300.2,83.4,15136.3,8,123.3,704.1,4.4,54,16449.3,5122.0,1215.3,0,0
BGH-146,1248.3,1821.3,15.4,1126.5,3,271.9,81.3,16854.0,5,61.1,6393.4,6.5,100,15570.1,4590.2,1460.7,1,0
BGH-130,1279.6,1626.7,16.6,1028.0,2,261.4,82.5,15034.4,12,175.5,177.2,4.8,86,14333.5,4755.5,773.8,0,0
BGH-126,1185.0,1729.3,15.9,1005.6,5,290.4,81.7,14698.4,7,102.5,1357.4,6.0,54,15181.5,5063.4,1284.3,0,0
BGH-110,1276.0,1448.1,15.7,1128.2,1,265.0,84.7,16117.9,13,110.2,1055.8,3.6,54,15123.0,5095.5,665.7,0,0
BGH-148,1309.0,1705.2,14.4,1094.4,3,269.0,81.4,13747.3,6,74.5,3718.3,6.2,64,15787.9,4801.1,1138.0,0,0
BGH-148,1179.4,1648.5,15.1,1035.7,1,293.5,73.2,18160.7,5,105.9,1213.3,6.0,100,15191.6,4880.0,1940.0,0,0
BGH-137,1192.3,1606.1,15.5,1109.0,5,301.8,81.9,15016.8,12,132.7,535.0,5.6,64,16517.5,4790.5,1198.5,0,0
BGH-104,1152.6,1188.6,15.5,1146.7,3,301.8,74.8,16529.5,7,145.2,378.5,6.4,100,15475.7,4635.3,2024.0,0,0
BGH-107,1142.8,1422.4,16.0,1103.2,3,283.8,84.9,13396.8,5,145.5,375.5,7.0,54,15358.3,4891.6,1493.3,0,0
BGH-133,1143.4,1490.9,15.7,1161.4,2,281.8,75.7,14913.1,7,120.9,756.8,6.7,86,15387.6,4845.5,1581.8,0,0
BGH-147,1159.4,1606.3,14.7,1067.0,4,305.1,74.4,14212.6,12,166.6,219.1,3.6,54,15258.5,4850.3,782.7,0,0
BGH-111,1213.7,1980.1,16.0,1154.1,5,263.5,73.6,14297.0,8,154.4,297.2,6.3,74,16255.1,4563.2,990.5,0,1
BGH-137,1161.5,1671.8,15.1,1080.8,4,260.7,79.9,12725.1,11,146.0,370.5,5.0,64,15597.3,4795.8,616.9,0,0
BGH-100,1212.2,1338.0,15.0,1161.5,5,296.5,71.6,17112.6,12,47.8,11449.6,4.5,86,15571.2,4954.0,1224.3,1,0
BGH-130,1213.2,1404.0,14.6,1036.4,1,278.7,84.3,15969.0,11,41.0,15720.0,7.0,64,15937.6,4951.0,1418.0,1,0
BGH-103,1176.5,1778.0,15.2,1111.5,4,299.7,74.4,12162.5,5,69.7,4493.1,5.5,100,14873.0,4931.6,1103.3,0,0
BGH-148,1196.9,1395.2,15.1,1111.4,3,268.0,74.4,14575.0,8,132.9,532.0,5.3,64,15831.2,4557.1,960.4,0,0
BGH-144,1173.6,1703.7,16.4,1123.9,2,272.7,70.7,14565.0,13,97.6,1601.5,6.5,54,16120.6,4766.2,1034.7,0,0
BGH-149,1184.5,1523.4,15.3,1082.4,5,312.8,73.7,15797.8,11,96.3,1674.5,5.5,54,15696.8,5102.7,1650.8,0,0
BGH-104,1159.6,1466.7,15.9,1121.6,2,279.5,76.3,14709.7,5,163.8,234.6,6.9,64,15576.5,4738.1,1406.4,0,1
BGH-129,1204.2,1398.2,14.1,1090.1,5,291.4,75.5,17174.1,12,165.4,225.6,3.5,100,15289.8,4522.2,805.0,0,0
BGH-123,1170.0,890.7,16.1,1073.7,3,257.5,74.1,16928.2,8,167.3,215.4,6.5,100,15650.6,4717.8,1176.0,0,0
BGH-102,1141.7,1608.0,16.0,1170.7,3,262.5,70.6,19413.7,11,83.9,2604.8,3.7,86,15912.1,4780.4,799.9,0,0
BGH-110,1229.7,1289.6,14.3,1103.9,3,252.5,74.5,10546.4,10,136.7,477.8,4.0,54,15015.7,5089.8,392.5,0,0
BGH-144,1231.4,1216.3,14.8,1024.3,3,279.7,81.7,17734.7,11,78.0,3249.6,3.8,64,15491.6,5049.6,899.8,0,0
BGH-103,1255.6,1549.6,15.0,1066.3,3,319.2,76.6,16589.8,5,66.7,5071.1,4.1,86,16491.8,5316.6,1301.4,0,0
BGH-125,1148.8,1705.9,15.3,1172.6,2,311.2,74.4,14649.7,10,65.8,5260.8,6.3,74,15588.0,4950.9,1623.0,1,0
BGH-126,1176.0,1160.6,14.9,1054.6,1,294.3,74.6,14486.7,7,87.9,2251.3,5.9,86,16283.9,5405.3,1474.5,0,0
BGH-145,1211.5,1700.7,15.3,1127.0,4,310.3,78.3,14823.5,8,100.2,1466.2,4.0,74,15133.2,5348.9,1084.6,0,0
BGH-142,1174.9,1319.4,16.0,1065.3,2,291.6,74.5,15495.7,5,156.3,283.1,4.2,74,15488.1,5047.5,1104.3,0,0
BGH-126,1228.5,1629.8,15.1,1028.1,4,275.8,79.5,13918.3,12,56.8,7679.2,3.4,86,15062.9,5101.6,546.4,1,0
BGH-141,1224.9,1615.8,15.7,1124.0,1,262.1,84.8,11792.7,6,142.9,402.8,4.9,54,14743.4,5090.0,827.1,0,0
BGH-149,1224.0,1458.7,15.6,1083.6,5,295.7,70.6,13960.7,7,114.4,924.4,4.7,86,15115.1,5059.9,1064.6,0,0
BGH-105,1273.0,1506.0,13.1,1179.4,1,263.5,72.5,14468.5,11,80.3,2978.5,3.7,86,15115.9,4730.1,638.6,0,0
BGH-114,1232.2,1420.8,14.9,1156.3,1,279.2,72.7,16140.3,6,109.0,1097.2,6.8,54,15283.6,4840.7,1826.2,0,0
BGH-129,1207.7,1552.7,16.3,1163.3,5,307.8,76.7,12624.1,8,82.0,2794.8,6.8,54,15904.6,4827.8,1366.9,0,1
BGH-141,1190.3,1550.9,14.8,1153.3,4,259.0,70.6,16285.2,11,123.5,699.9,3.5,54,15273.1,5126.6,679.9,0,0
BGH-136,1193.8,1315.2,14.6,1134.5,3,259.0,77.2,12590.7,7,100.7,1441.7,4.2,54,15331.9,4985.8,531.5,0,0
BGH-136,1146.8,1228.4,16.3,1031.7,5,265.7,83.9,15794.5,6,63.0,5904.9,6.3,54,15513.4,4892.0,1299.0,1,0
BGH-141,1111.7,1701.7,15.6,1088.3,5,288.6,70.2,16104.7,12,56.3,7847.0,6.9,54,15648.4,4577.7,1293.1,1,1
BGH-136,1223.2,1540.8,16.7,1133.5,1,267.6,75.5,14739.3,6,116.5,865.9,3.3,86,15212.2,4824.0,663.0,0,0
BGH-134,1261.2,1674.0,15.1,1085.5,5,285.2,81.4,15092.3,11,166.3,220.7,7.1,64,16579.9,4715.9,1334.4,0,0
BGH-122,1183.5,1365.9,16.5,1098.5,2,271.1,72.3,16394.9,7,88.2,2227.1,3.3,64,15822.2,5342.2,816.0,0,0
BGH-105,1279.4,1335.1,14.8,1136.2,3,285.4,71.2,13835.9,8,142.6,406.1,5.9,64,14254.7,4844.8,1279.5,0,0
BGH-103,1191.2,1297.6,13.4,1152.8,1,269.4,79.5,15617.6,10,132.2,542.7,3.1,86,15136.5,4754.8,603.9,0,0
BGH-117,1102.3,1463.8,16.0,1053.9,4,318.6,70.1,14298.5,7,170.4,199.9,7.2,54,15960.3,4918.2,1969.7,0,0
BGH-108,1245.9,1546.5,16.0,1133.5,4,284.5,82.0,18100.3,5,154.9,293.5,4.6,74,15518.5,4967.8,1296.2,0,0
BGH-148,1176.0,1391.2,16.0,1128.2,4,302.1,71.0,16086.5,12,119.3,794.5,5.9,54,15253.6,4864.8,1561.0,0,0
BGH-128,1250.4,1813.0,15.3,1050.6,4,299.0,77.9,12911.6,8,132.0,545.8,3.8,100,14514.6,5225.3,799.1,0,0
BGH-112,1136.1,1371.6,16.7,1079.7,4,284.3,81.1,18635.6,5,165.8,223.4,4.4,54,15861.4,5147.1,1185.5,0,0
BGH-146,1220.6,1549.8,16.2,1107.5,1,266.7,73.6,17003.5,6,95.9,1697.8,6.4,64,16004.9,4700.6,1250.8,0,0
BGH-116,1160.0,1323.4,16.2,1169.5,2,285.8,71.6,12587.1,10,85.8,2429.5,7.4,54,14726.0,4688.7,1333.2,0,0
BGH-144,1210.1,1365.4,15.6,1079.3,2,297.7,72.6,11947.5,5,41.5,15350.7,7.5,54,14189.5,4588.5,1659.4,1,0
BGH-131,1238.3,1482.7,14.4,1120.9,4,282.2,82.8,12544.2,13,155.7,287.5,6.6,100,16079.7,5555.2,954.6,0,0
BGH-147,1226.7,1333.5,15.6,1158.4,2,255.7,80.6,13035.8,11,152.1,315.5,6.8,74,16428.3,4675.2,915.7,0,1
BGH-121,1203.5,1517.9,15.8,1192.7,3,251.3,73.0,15302.6,12,54.6,8449.7,7.4,74,16048.7,4785.1,1158.7,1,0
BGH-103,1131.1,1588.1,17.1,1111.3,2,273.0,80.7,15164.5,12,120.8,759.1,3.2,64,16321.9,4830.4,599.8,0,0
BGH-104,1236.5,1718.7,15.7,994.0,5,260.5,80.6,16469.6,10,105.0,1249.6,3.8,74,15805.0,4629.1,602.0,0,0
BGH-136,1251.6,1284.0,14.7,1146.2,4,313.4,85.0,14378.5,12,56.6,7745.8,3.2,64,15129.1,5216.2,856.8,1,0
BGH-140,1147.9,1533.6,15.9,1110.6,5,262.3,75.9,14478.7,11,177.3,170.0,5.3,86,16036.9,4944.0,794.1,0,0
BGH-148,1155.2,1487.6,16.5,1057.8,5,277.6,83.0,15225.0,5,70.1,4421.9,7.3,100,15163.4,4793.4,1555.9,0,0
BGH-112,1253.7,1130.4,16.9,1135.6,4,299.8,76.7,17251.8,7,49.4,10647.4,5.6,54,15189.5,4531.5,1593.3,1,0
BGH-133,1189.6,1274.2,15.4,1193.3,1,307.1,83.5,11214.9,13,123.3,704.1,5.5,100,14884.9,4872.6,989.0,0,0
BGH-144,1156.5,1595.0,15.3,1110.4,2,283.4,71.4,14487.1,12,143.4,397.4,6.7,74,16108.2,4957.3,1355.0,0,0
BGH-121,1213.6,1229.5,14.4,1018.9,3,262.7,72.6,17637.4,9,44.5,13330.9,7.2,54,16381.7,4612.4,1491.7,1,0
BGH-122,1168.1,1485.3,15.0,1172.2,1,269.0,82.7,15135.6,5,132.2,542.7,6.1,100,15969.4,5050.9,1243.7,0,0
BGH-102,1208.1,1075.5,15.8,1101.1,3,279.3,82.3,14410.2,6,114.5,921.5,7.0,100,15829.3,5097.7,1486.3,0,0
BGH-141,1179.3,1479.4,14.3,1135.6,4,275.5,74.6,13370.7,13,54.5,8486.7,3.8,64,14419.8,5005.6,632.7,1,0
BGH-133,1183.6,1089.3,17.1,1103.1,2,274.4,79.0,16805.0,12,64.2,5618.4,5.3,86,16446.7,4669.9,1026.9,1,0
BGH-131,1255.5,1379.1,15.2,1122.8,1,259.2,75.7,14037.4,13,119.5,789.7,4.6,100,14194.1,4747.5,711.1,0,0
BGH-144,1076.6,1412.5,15.6,1133.3,4,313.9,70.2,14021.6,6,81.5,2847.5,4.5,54,15390.0,5024.3,1207.2,0,0
BGH-148,1227.7,1524.6,15.8,1140.3,1,252.1,70.4,17727.5,7,171.4,195.2,4.0,86,15188.7,5131.7,866.9,0,0
BGH-120,1247.3,1449.5,16.4,1107.3,5,280.8,70.8,12906.2,7,154.6,295.7,7.0,86,15529.9,4762.5,1333.2,0,0
BGH-145,1168.9,1252.8,15.7,1062.0,2,318.6,78.9,18262.8,5,177.7,168.4,5.0,54,15101.9,4904.0,1747.1,0,0
BGH-143,1246.9,1256.6,14.6,1109.7,2,296.2,74.2,15338.1,6,76.4,3454.9,5.4,86,15468.2,4773.2,1466.8,0,0
BGH-120,1152.0,1177.2,15.8,1139.4,4,274.9,72.2,15049.1,9,175.8,176.0,4.2,74,16212.5,4831.6,784.8,0,0
BGH-143,1167.0,1541.3,16.4,1062.3,4,260.2,84.1,15570.8,11,100.4,1456.3,7.3,86,16177.4,5027.1,1068.3,0,0
BGH-110,1161.2,1532.5,14.8,1044.7,4,317.5,71.8,15041.6,10,88.7,2187.4,5.8,64,15461.9,4902.7,1669.2,0,0
BGH-138,1247.6,1633.9,16.1,1166.7,2,251.0,80.1,13943.9,6,47.0,11876.3,3.0,86,15135.6,4709.4,467.4,1,0
BGH-103,1112.8,1400.0,15.7,1184.6,5,297.7,83.4,15688.3,12,47.4,11660.7,4.2,100,15092.7,4632.0,906.3,1,0
BGH-100,1282.0,1153.1,15.6,1101.9,2,311.6,72.5,14020.3,8,136.9,475.2,7.5,86,15944.3,4823.6,1810.9,0,0
BGH-127,1184.8,1436.8,15.0,1130.1,4,251.8,73.2,15856.1,6,104.1,1287.3,7.4,64,16065.7,5093.0,1290.3,0,1
BGH-123,1230.7,1502.2,15.3,1118.8,3,300.8,78.6,19625.0,8,71.7,4149.7,5.5,64,15795.4,4695.3,1821.2,0,0
BGH-134,1226.4,1267.1,15.9,991.0,5,319.9,77.6,16320.3,12,126.0,649.8,5.5,86,16049.1,5024.8,1703.3,0,0
BGH-112,1207.6,1286.0,15.2,1110.3,2,294.8,77.8,14622.6,5,75.4,3590.8,7.1,74,15311.5,5012.4,1684.5,0,1
BGH-146,1170.0,1590.2,14.7,1173.3,3,279.0,78.3,15511.1,13,120.9,756.8,6.2,86,16661.8,4586.0,1201.1,0,0
BGH-133,1262.1,1520.1,14.7,1041.3,5,311.2,84.2,14360.3,12,90.3,2065.9,7.2,54,15735.1,4677.6,1717.5,0,0
BGH-110,1174.3,1726.6,15.7,1036.7,2,288.8,70.8,14632.3,12,155.3,290.5,5.2,64,15529.7,4780.9,1085.9,0,0
BGH-135,1163.4,1844.4,15.9,1063.5,4,302.5,81.4,14776.6,13,154.9,293.5,7.4,86,15853.3,4985.9,1881.0,0,0
BGH-116,1243.9,1199.4,15.4,1076.3,2,291.1,73.5,15950.6,11,106.8,1178.2,5.4,74,15812.0,4500.3,1321.7,0,0
BGH-134,1207.3,1416.2,17.0,1133.4,5,252.7,75.6,16813.6,13,89.1,2156.3,5.9,74,16446.5,5015.2,738.5,0,0
BGH-117,1267.9,1524.7,14.1,1166.0,4,264.9,71.3,19218.4,5,90.8,2029.5,3.4,74,16266.4,4713.6,787.9,0,0
BGH-139,1196.9,1572.7,15.8,1164.9,1,255.5,76.7,16296.9,5,152.8,309.8,5.8,100,15434.1,4733.6,1027.8,0,0
BGH-121,1167.5,1703.2,14.0,1132.7,3,257.5,82.1,12806.3,8,85.9,2420.6,6.5,100,14859.8,4405.7,1025.6,0,0
BGH-123,1213.7,1645.7,15.4,1020.4,4,251.1,71.5,12438.1,6,69.3,4565.6,5.0,100,15254.9,4735.0,662.5,0,0
BGH-118,1177.6,1727.7,15.7,1020.2,4,279.5,74.1,14865.7,12,51.9,9518.5,5.3,54,15514.2,5195.5,964.8,1,0
BGH-136,1168.9,1512.3,15.4,1136.7,5,262.5,75.6,17000.9,5,105.3,1237.4,4.8,54,15020.5,4663.5,858.1,0,0
BGH-138,1241.6,1374.3,13.9,1020.7,5,309.9,71.6,14584.1,8,107.5,1151.7,7.4,86,15378.0,5168.3,1950.4,0,0
BGH-120,1291.6,1890.0,15.4,1127.8,3,302.5,81.4,14615.1,13,157.7,273.2,5.1,100,14836.4,4581.1,1269.8,0,0
BGH-107,1187.7,1530.7,15.5,1113.9,5,290.1,81.8,16799.8,6,71.0,4266.4,3.6,100,14576.8,4747.1,967.2,0,0
BGH-127,1151.3,1451.6,16.2,1076.8,4,284.2,82.5,14946.5,10,93.3,1858.3,3.1,54,15648.9,4935.1,657.5,0,0
BGH-104,1192.3,1285.6,14.4,972.7,3,267.9,78.8,17068.8,8,153.2,306.6,6.5,74,16217.1,4916.8,1528.2,0,0
BGH-116,1225.7,1531.9,16.7,1110.1,3,283.2,77.6,11990.4,8,155.3,290.5,5.5,74,15266.9,4968.3,1068.3,0,0
BGH-136,1212.9,1700.9,13.5,1125.6,2,294.9,73.9,15953.4,10,93.8,1826.2,3.0,64,15842.2,4653.9,776.5,0,0
BGH-135,1259.7,1399.9,14.5,1072.2,4,304.8,79.8,11447.6,8,104.3,1278.8,4.7,86,15868.8,5224.7,978.8,0,0
BGH-118,1233.3,1473.3,15.6,1045.4,4,255.7,76.7,15533.3,13,82.5,2743.3,7.1,86,15508.5,4766.8,1176.6,0,0
BGH-126,1144.8,1549.8,15.7,1114.7,5,299.6,84.6,16801.3,12,170.6,199.0,7.3,100,15811.5,5020.5,1689.4,0,0
BGH-133,1175.3,1594.4,16.7,1027.4,4,302.0,84.5,11743.7,12,56.6,7745.8,3.2,54,14949.1,4792.9,607.8,1,0
BGH-110,1131.0,1448.0,15.7,1130.8,5,289.1,83.6,10409.5,9,170.7,198.5,3.6,86,15555.2,4987.2,494.4,0,0
BGH-144,1257.2,1421.3,15.4,1152.8,4,265.0,75.4,16702.0,10,135.7,491.4,3.0,74,15267.9,4841.3,538.8,0,0
BGH-146,1100.4,1397.8,15.9,1002.0,2,287.7,75.5,15898.8,5,114.4,924.4,6.9,54,16450.5,5093.4,2004.3,0,0
BGH-111,1135.8,1278.7,13.6,1073.6,4,285.2,82.8,12802.9,5,44.6,13269.0,3.3,100,14616.4,5048.9,610.0,1,0
BGH-120,1174.4,1346.0,14.7,1097.6,2,283.3,80.9,15488.7,13,106.6,1185.9,3.5,100,14909.9,4988.8,787.2,0,0
BGH-110,1228.2,1340.6,14.6,1099.0,4,282.2,80.6,13917.1,8,97.1,1629.1,4.0,86,15543.8,4918.0,742.2,0,0
BGH-138,1173.9,1191.6,16.3,1056.1,4,257.8,74.2,14641.7,7,62.6,6004.1,7.1,86,15968.8,4484.9,1246.0,1,0
BGH-127,1181.7,1698.6,16.5,1033.2,1,262.8,82.5,14463.3,9,131.9,547.4,6.1,64,15224.5,5165.5,1199.3,0,0
BGH-104,1182.7,1571.9,17.0,1077.0,4,256.8,78.7,12338.6,13,176.0,175.2,5.8,86,15650.3,5257.7,622.7,0,0
BGH-116,1208.6,1528.4,16.0,1132.2,2,267.0,76.7,16802.2,13,118.7,809.2,6.5,86,15658.4,4885.8,1290.9,0,0
BGH-119,1139.0,1760.9,16.2,1128.5,3,268.4,83.0,12881.9,7,140.1,434.8,6.1,74,15180.1,4729.5,1085.9,0,0
BGH-140,1152.6,1643.6,15.6,1129.1,2,267.2,75.9,15185.3,11,49.6,10551.6,6.4,74,15544.5,4779.5,1109.9,1,0
BGH-145,1284.0,1342.1,15.1,1162.5,4,264.8,79.8,16304.1,7,98.5,1553.1,3.3,54,15343.0,5173.8,667.0,0,0
BGH-111,1220.1,1734.7,14.6,1047.6,5,301.5,77.0,13339.8,7,56.3,7847.0,5.7,86,15337.5,4815.9,1175.2,1,0
BGH-105,1238.0,1694.5,14.6,1081.1,1,307.3,78.9,14450.3,8,125.8,653.7,6.4,86,15141.6,5204.6,1769.4,0,0
BGH-116,1202.9,1276.4,14.4,1090.8,5,272.9,70.6,13982.5,6,171.4,195.2,5.5,100,15848.1,4948.2,933.3,0,0
BGH-118,1193.0,1680.6,16.1,955.9,1,271.4,76.9,18449.0,10,132.6,536.6,3.1,74,14804.8,4730.0,728.9,0,0
BGH-125,1222.9,1406.6,15.2,1111.2,1,309.1,78.3,16829.8,9,50.8,9997.5,4.0,100,15450.5,5138.2,1288.0,1,0
BGH-147,1236.4,1699.4,14.9,1098.5,5,293.7,77.4,16519.7,6,89.7,2110.5,7.3,86,15598.5,5021.9,1928.5,0,1
BGH-143,1242.3,1432.4,13.9,1043.2,4,270.5,82.7,19420.8,6,117.1,850.0,6.2,74,14968.8,4726.1,1607.6,0,0
BGH-143,1193.7,1393.3,14.8,1143.6,2,300.0,74.7,15704.2,6,96.4,1668.8,6.1,86,14915.3,4952.3,1813.2,0,0
BGH-131,1247.8,1413.9,15.3,1140.4,5,274.1,83.3,14328.1,8,156.7,280.3,6.0,64,14450.4,4595.0,980.3,0,0
BGH-105,1076.7,1305.6,14.3,1120.0,3,291.1,76.1,12120.3,7,154.1,299.5,3.6,100,15817.3,4933.1,640.1,0,0
BGH-135,1244.6,1203.9,17.6,1014.6,1,319.5,80.4,13600.9,13,125.7,655.6,3.0,74,15088.5,5072.5,780.7,0,0
BGH-137,1178.7,1000.2,14.4,1051.3,2,271.1,71.3,15318.5,9,92.3,1924.7,5.0,74,15696.4,4770.4,1077.3,0,0
BGH-110,1227.7,1289.1,16.4,1115.2,3,315.1,73.0,16862.8,5,75.7,3549.4,5.0,86,15789.4,5076.2,1613.2,0,0
BGH-132,1167.5,2026.1,15.4,1073.2,2,272.4,81.4,13692.2,6,54.8,8376.1,6.7,86,15199.4,4826.6,1320.6,1,0
BGH-123,1133.7,1595.7,15.0,1088.5,4,287.8,70.2,18167.3,11,89.7,2110.5,3.8,54,15110.0,4823.9,1012.7,0,0
BGH-122,1217.0,1872.8,15.3,1044.9,3,282.2,84.5,11920.8,12,97.8,1590.6,4.2,54,15143.0,5295.4,765.9,0,0
BGH-114,1124.9,1436.4,15.5,1109.6,5,304.8,72.9,14249.1,10,134.6,506.9,3.4,100,15822.0,5137.6,763.7,0,0
BGH-126,1180.0,1406.3,15.7,1175.2,2,254.3,83.5,15807.6,11,132.1,544.3,4.8,74,15899.2,4387.4,842.4,0,0
BGH-110,1159.4,1843.3,14.7,1116.2,5,293.9,77.7,15262.3,6,49.8,10456.9,4.2,86,15132.3,5185.3,1075.5,1,0
BGH-149,1191.2,1575.2,15.9,1148.6,5,303.2,78.5,15953.5,10,95.3,1733.4,4.2,100,16174.6,4933.5,1024.0,0,0
BGH-116,1239.9,1308.9,15.3,1143.9,2,283.1,71.3,15257.0,10,65.4,5347.7,4.1,74,14564.6,4982.7,870.8,1,0
BGH-113,1175.5,1626.6,14.4,1082.1,2,257.4,75.5,16296.5,8,62.0,6156.4,4.0,86,15876.9,4803.0,698.9,0,0
BGH-126,1215.7,1750.2,15.2,1090.7,1,267.1,72.3,14512.2,8,155.8,286.8,4.4,54,15134.3,4707.6,855.2,0,0
BGH-117,1237.0,1214.4,16.6,1173.5,1,297.6,77.9,14398.8,6,45.9,12492.9,5.4,74,15007.3,5196.5,1290.2,1,0
BGH-127,1169.6,1592.9,15.7,1136.6,3,312.7,78.3,13350.0,7,98.7,1542.5,5.0,86,16272.9,4870.0,1277.1,0,0
BGH-146,1170.4,1227.7,15.5,1148.0,3,279.5,80.6,19347.4,10,63.5,5783.5,3.3,100,16511.6,4839.7,831.0,1,0
BGH-146,1268.5,1739.4,15.2,1108.3,3,289.2,83.2,14843.0,8,163.1,238.7,4.9,100,16561.4,4601.2,965.0,0,0
BGH-103,1196.0,1546.1,15.2,1080.4,1,266.0,77.0,15871.1,7,118.0,826.8,6.8,64,15529.6,4977.9,1453.8,0,0
BGH-106,1225.5,1625.9,15.7,1086.5,5,278.9,73.5,14577.3,5,72.4,4036.7,3.5,74,15188.7,4730.4,749.6,0,0
BGH-144,1225.1,1456.5,15.3,1168.9,4,273.6,75.0,18183.8,7,110.3,1052.4,7.2,100,16220.0,4605.2,1528.3,0,1
BGH-134,1140.1,1143.7,15.9,1100.0,4,295.9,82.7,14977.6,5,142.4,408.3,4.4,74,15867.9,5119.5,1124.0,0,0
BGH-147,1162.0,1411.7,15.8,1162.4,2,318.9,72.2,15655.0,8,174.1,183.2,3.1,100,14518.5,4409.9,928.5,0,0
BGH-108,1218.8,1686.0,14.5,1170.3,1,306.9,79.4,13255.3,8,70.9,4283.3,4.1,74,15718.2,4681.1,1039.8,0,0
BGH-107,1096.6,1898.7,15.9,1146.0,2,263.5,70.2,18520.9,5,164.1,232.9,3.3,74,14810.3,5068.5,868.6,0,0
BGH-144,1189.4,1556.5,14.7,1140.2,4,290.4,73.7,15434.0,11,170.8,198.0,5.5,74,15454.0,5098.6,1160.7,0,0
BGH-116,1156.7,1362.7,14.7,1184.8,2,254.6,78.9,18593.7,9,168.3,210.3,4.4,64,15629.5,4599.2,861.8,0,0
BGH-116,1255.5,1607.1,15.5,1057.7,1,267.3,76.8,13798.5,5,129.0,595.2,6.6,54,15538.7,5156.1,1481.6,0,0
BGH-148,1217.3,1668.0,15.7,1079.4,1,262.1,77.4,14116.0,9,128.2,609.2,6.3,74,15370.3,4978.2,1012.5,0,0
BGH-132,1259.6,1526.6,16.0,1037.0,1,273.5,79.9,13945.7,11,96.4,1668.8,5.1,54,15429.3,4708.8,863.1,0,0
BGH-131,1198.0,1514.2,13.8,1025.1,4,297.5,73.5,14432.7,10,145.3,377.5,5.5,54,15677.5,5039.4,1237.7,0,0
BGH-107,1194.3,1542.7,16.1,1097.8,1,285.0,74.2,16341.1,9,114.4,924.4,5.7,54,15547.7,4954.9,1690.5,0,0
BGH-118,1184.8,1508.7,15.8,1113.4,3,315.3,80.3,10903.4,12,134.8,504.1,4.2,100,15699.3,4874.5,852.8,0,0
BGH-137,1174.8,1559.6,14.9,1125.3,3,264.9,78.1,14903.5,13,100.0,1476.1,3.6,86,14764.3,5013.8,541.0,0,0
BGH-102,1334.2,1865.5,15.3,1065.1,1,275.5,70.2,13438.7,5,142.4,408.3,4.7,54,15780.1,4785.4,999.9,0,0
BGH-104,1240.4,1093.3,15.7,1079.3,3,273.1,80.1,13223.9,10,155.4,289.7,3.4,74,16093.9,5077.1,593.9,0,0
BGH-112,1146.7,1452.3,12.7,1142.3,1,266.5,79.3,15936.5,6,60.5,6557.1,4.4,86,15964.8,4793.5,993.2,1,0
BGH-146,1332.0,1313.5,14.5,1027.0,4,319.5,71.2,15600.0,12,156.6,281.0,5.5,100,14381.7,5010.0,1641.6,0,0
BGH-145,1179.8,1736.2,16.4,1100.6,3,277.1,81.2,16726.1,9,115.6,890.4,5.4,64,15637.6,4753.8,1290.9,0,0
BGH-130,1216.1,1471.8,15.0,1165.3,4,315.8,77.8,15774.8,5,158.3,269.1,3.5,54,15310.3,4896.3,1056.3,0,0
BGH-115,1247.0,1611.9,15.4,1086.7,3,277.3,73.1,15359.5,9,100.4,1456.3,3.0,54,14976.9,4725.4,609.8,0,0
BGH-149,1123.1,1785.5,15.4,1078.9,5,264.3,78.4,13882.8,9,93.1,1871.4,3.4,100,15972.4,4680.4,550.1,0,0
BGH-131,1158.6,1283.8,16.1,1162.1,5,258.3,78.9,13146.2,6,168.1,211.3,3.2,74,15833.5,5137.7,377.9,0,0
BGH-121,1282.4,1394.5,15.2,1029.3,4,309.9,83.8,16198.2,8,75.2,3618.7,4.8,74,15593.4,5097.7,1191.3,0,0
BGH-128,1188.8,1764.8,15.2,1059.8,3,252.2,81.1,14488.3,10,158.2,269.8,4.8,86,15303.6,5133.5,656.7,0,0
BGH-121,1249.9,1275.8,15.7,1061.7,5,317.5,74.5,15798.4,5,107.8,1140.5,4.1,86,15343.0,5028.9,1239.3,0,0
BGH-142,1177.3,1401.2,16.2,1134.7,1,279.3,71.8,14991.0,13,112.0,997.0,4.0,74,16040.2,5339.8,835.9,0,0
BGH-102,1195.2,1179.9,16.4,1019.8,2,267.3,82.8,10912.8,11,83.2,2673.0,4.8,64,16452.6,4712.3,596.4,0,0
BGH-109,1289.3,1772.7,15.2,1161.7,5,293.2,82.7,15967.0,10,120.2,773.0,3.4,74,15132.4,5002.6,857.2,0,0
BGH-141,1221.9,1383.8,15.1,1098.7,5,259.3,72.6,13748.2,5,85.5,2456.2,4.0,64,15255.4,4452.1,630.9,0,0
BGH-120,1182.8,1570.2,15.4,1152.3,1,255.1,70.9,16728.4,12,45.5,12726.1,4.8,100,15937.2,4915.9,784.9,1,0
BGH-115,1165.8,1635.2,16.6,1162.0,5,307.9,80.7,11282.3,12,78.1,3237.2,3.4,64,14716.4,4737.7,674.6,0,0
BGH-111,1170.4,1339.4,16.1,1060.7,5,279.7,80.8,18798.1,8,40.9,15795.1,6.8,100,14710.7,4810.7,1722.0,1,0
BGH-101,1262.1,1119.2,15.1,1100.9,5,286.3,72.7,13808.0,8,177.0,171.2,6.0,54,15531.3,4574.0,1062.2,0,0
BGH-140,1238.3,1456.1,14.2,1088.6,3,262.4,80.0,15942.4,5,175.2,178.5,4.7,74,15786.6,4732.0,991.6,0,0
BGH-123,1142.6,1452.8,16.4,1096.7,5,254.3,74.2,13574.8,13,95.3,1733.4,3.7,86,15176.3,5252.0,472.1,0,0
BGH-134,1204.4,1487.9,16.5,1071.5,2,275.7,73.9,13846.7,12,142.0,412.8,3.9,54,15805.3,5034.0,618.6,0,0
BGH-129,1196.7,1489.0,14.6,1155.7,3,285.4,74.9,16370.6,11,88.4,2211.1,3.5,86,15166.4,4698.2,802.1,0,0
BGH-129,1215.8,1400.2,15.1,1090.7,3,303.6,77.8,14596.0,6,134.0,515.6,3.7,64,15527.7,4942.3,1033.3,0,0
BGH-146,1169.8,1392.5,16.2,1083.3,4,285.1,82.1,14734.9,11,152.8,309.8,4.9,74,15886.4,5112.3,854.8,0,0
BGH-134,1254.9,1559.5,15.8,1156.2,5,304.8,77.5,16698.9,8,172.5,190.2,4.1,74,15838.4,4514.3,1250.9,0,0
BGH-118,1199.9,1335.2,13.9,1141.8,2,258.1,74.5,15377.9,7,96.0,1691.9,7.0,74,15545.9,5032.1,1196.9,0,0
BGH-149,1218.7,1480.9,14.6,1114.4,2,254.5,83.3,15896.5,8,149.7,335.9,7.3,54,15626.1,4756.8,1193.1,0,0
BGH-107,1160.8,1387.4,16.0,1080.4,4,261.1,70.8,13750.6,10,77.2,3350.4,6.1,100,15333.0,5358.0,869.5,0,0
BGH-125,1163.3,1559.1,15.7,1173.2,2,304.0,82.0,16333.1,11,178.6,165.0,6.6,64,15714.5,4722.9,1948.2,0,0
BGH-148,1332.9,1721.7,16.0,1047.2,3,303.2,81.8,15223.2,6,43.6,13903.3,4.1,54,15948.5,5094.8,1194.2,1,0
BGH-139,1290.0,1729.9,16.1,1153.6,1,259.9,73.8,15860.8,11,124.5,679.3,6.0,54,16240.3,4460.9,1218.0,0,0
BGH-106,1196.5,1757.9,15.7,1131.3,3,252.2,73.0,15727.5,6,132.3,541.2,3.3,100,14952.3,4872.7,527.6,0,0
BGH-129,1276.7,1433.2,15.8,1036.7,1,298.0,83.1,17259.1,6,136.3,483.2,7.3,86,15667.3,4839.9,2390.7,0,0
BGH-106,1260.6,1450.0,15.0,1103.7,2,309.9,78.4,16009.6,5,56.9,7646.1,6.0,86,16030.9,4746.4,1837.8,0,0
BGH-102,1168.7,1246.2,15.6,1034.0,5,302.8,70.7,12680.1,11,171.4,195.2,4.4,74,15607.2,4907.8,903.8,0,0
BGH-100,1163.8,1431.5,15.8,1082.6,1,264.2,83.4,13811.0,5,65.4,5347.7,6.5,54,15072.4,4967.1,1126.4,1,0
BGH-135,1233.4,1438.6,16.9,1114.0,3,290.9,75.2,15452.6,7,127.2,627.3,3.1,100,16187.4,5273.6,781.5,0,0
BGH-124,1213.0,1376.6,14.8,1049.3,3,303.0,75.1,15796.8,12,71.2,4232.7,4.7,100,16014.3,4977.4,1233.3,0,0
BGH-136,1179.9,1375.6,16.1,982.6,3,267.9,79.6,12350.2,5,83.0,2692.9,7.0,86,15785.5,4825.0,1091.6,0,0
BGH-100,1236.1,1160.5,15.4,1093.6,3,286.9,79.9,13015.2,10,116.5,865.9,4.2,100,15363.5,4963.2,816.3,0,0
BGH-114,1127.9,1231.6,16.1,1110.7,4,272.0,75.3,17187.1,6,98.4,1558.4,6.0,86,15738.1,4966.1,1372.5,0,0
BGH-136,1205.8,1508.9,15.4,1081.2,2,265.8,72.1,18931.6,13,62.4,6054.4,4.6,86,16367.1,4865.2,866.8,0,0
BGH-112,1138.1,1516.4,16.4,1099.2,5,317.9,78.3,11691.5,6,63.9,5688.5,4.8,54,15114.3,5203.4,1073.7,1,0
BGH-139,1139.7,1596.6,14.9,1091.0,4,313.9,79.4,15516.4,10,98.5,1553.1,6.4,64,16286.4,4827.6,1832.2,0,0
BGH-107,1164.7,1448.2,15.6,1049.1,2,281.2,82.9,15095.8,8,146.0,370.5,7.1,74,15700.6,4532.5,1363.6,0,0
BGH-104,1218.2,1502.3,15.9,1197.4,1,259.6,77.3,17022.8,13,165.7,224.0,3.8,64,16133.0,4828.8,674.8,0,0
BGH-108,1166.2,1750.1,15.0,1115.8,4,301.0,79.7,15992.7,5,51.8,9561.0,4.2,100,15280.0,4960.7,1213.9,1,0
BGH-100,1139.1,1489.4,15.7,1078.7,4,267.9,70.8,16658.2,5,95.0,1751.5,5.2,64,15923.3,4934.1,1052.5,0,0
BGH-135,1223.9,1373.6,16.3,1058.8,4,261.8,83.4,10438.3,7,54.0,8674.8,5.8,64,15467.4,5041.2,712.3,1,0
BGH-134,1274.6,1261.8,15.4,1080.1,4,276.7,74.9,14985.7,10,42.3,14780.0,5.1,86,15471.5,5151.8,941.6,1,0
BGH-101,1231.9,1659.5,16.1,1081.8,1,287.1,79.5,13187.6,7,132.6,536.6,6.6,54,15696.1,4656.4,1526.1,0,0
BGH-139,1290.1,1159.3,15.0,1101.9,3,256.8,83.7,13238.8,11,124.3,683.4,6.5,100,16135.4,4802.5,896.4,0,0
BGH-122,1270.5,1332.3,14.6,1157.3,4,290.0,82.2,12547.9,13,62.8,5954.2,4.8,74,14569.3,5267.5,936.2,1,0
BGH-108,1175.6,1583.7,16.1,1059.8,2,251.1,79.6,15456.8,6,72.7,3989.4,3.2,86,15168.6,4642.4,490.7,0,0
BGH-133,1231.6,1118.7,15.1,1108.9,3,312.4,80.6,15666.9,8,43.3,14100.3,3.9,74,15788.5,4789.5,1169.0,1,0
BGH-145,1195.4,1377.1,14.2,1140.0,1,314.5,83.8,16261.9,7,156.9,278.8,5.2,54,15007.0,4987.7,1617.9,0,0
BGH-113,1253.1,1525.8,14.9,1066.3,5,301.3,82.2,14193.9,10,176.5,173.2,7.2,64,16243.0,4453.1,1658.1,0,0
BGH-103,1195.4,1423.3,16.6,1066.0,1,282.7,79.1,17768.3,9,59.0,6987.8,5.6,64,15197.1,4585.7,1634.8,1,0
BGH-129,1160.6,1303.5,16.3,1024.5,5,267.8,79.9,13135.9,7,72.4,4036.7,5.4,54,15841.9,4978.8,753.3,0,0
BGH-130,1268.7,1381.3,14.6,1184.1,2,302.1,72.2,12134.8,13,161.6,247.8,6.3,100,15375.7,5020.6,1293.6,0,0
BGH-137,1215.9,1663.4,14.3,1125.4,5,315.2,77.1,15437.6,12,169.7,203.3,3.7,86,16008.0,5059.0,1011.6,0,0
BGH-110,1166.8,1866.3,15.2,1071.5,4,261.1,74.5,13631.0,7,98.7,1542.5,3.7,64,16525.2,4955.3,534.6,0,0
BGH-134,1175.1,1527.9,16.3,1069.3,3,282.6,76.5,16063.6,9,47.1,11822.0,4.6,54,15091.2,4727.8,1137.4,1,0
BGH-107,1166.5,1102.3,15.3,1048.4,3,272.1,79.9,13684.5,9,45.5,12726.1,7.5,86,15953.5,4807.1,1303.6,1,0
BGH-102,1149.9,1613.6,15.4,1107.9,4,275.0,72.2,13842.2,9,120.4,768.4,6.9,86,15356.6,5036.6,1141.1,0,1
BGH-113,1176.1,1420.7,15.0,1082.9,3,278.4,70.3,13679.7,12,95.0,1751.5,6.1,54,15247.8,4541.7,1087.5,0,0
BGH-112,1218.7,1280.9,15.3,1054.1,1,316.6,76.0,13536.0,7,44.0,13645.5,4.8,64,15900.4,5141.4,1243.1,1,0
BGH-144,1203.2,1339.9,16.2,1061.4,4,268.1,74.8,14996.1,7,121.7,738.7,5.5,100,15625.5,4580.4,1039.6,0,0
BGH-131,1178.1,1348.4,15.6,1136.3,4,284.5,76.3,15478.3,12,41.6,15278.0,4.4,64,15561.8,5059.0,861.4,1,0
BGH-133,1274.8,1217.8,15.3,1080.9,3,316.6,84.0,13532.3,13,150.2,331.5,6.0,64,15692.0,4763.5,1395.1,0,0
BGH-144,1099.5,1487.4,16.0,1038.6,5,283.3,80.6,12658.7,9,82.9,2702.9,4.9,64,15259.2,4787.0,780.9,0,0
BGH-118,1215.3,1865.6,15.6,1103.2,2,310.5,74.9,15997.4,12,45.6,12667.3,3.5,64,14588.0,4698.4,1061.1,1,0
BGH-137,1192.9,1280.2,16.3,1065.7,5,254.1,72.7,15775.8,9,122.4,723.3,4.0,74,15043.9,5533.7,662.6,0,0
BGH-115,1151.5,1859.5,15.0,1132.3,1,316.7,79.3,16429.3,8,95.7,1709.6,5.7,54,15135.7,4986.4,1791.7,0,0
BGH-101,1218.2,1541.6,15.7,1175.3,4,263.1,79.9,12913.3,6,176.3,174.0,6.1,100,16327.9,5140.6,1119.4,0,0
BGH-139,1189.0,1481.4,16.2,1003.1,4,318.6,77.3,13346.4,8,116.2,874.0,3.4,100,15418.7,4589.6,868.2,0,0
BGH-116,1262.4,1435.6,16.7,1064.7,1,262.3,73.2,16646.5,6,78.5,3188.3,6.6,74,15762.6,5025.4,1414.6,0,0
BGH-133,1243.4,1338.8,14.6,1106.9,2,281.1,70.4,16792.1,11,139.3,444.5,6.7,100,15059.5,5060.1,1495.4,0,1
BGH-141,1295.3,1558.4,15.4,1096.2,4,271.6,74.0,14181.8,11,78.0,3249.6,6.3,74,15119.8,4852.2,1030.1,0,0
BGH-115,1175.8,1604.4,14.4,1162.6,5,280.3,76.9,13094.8,13,166.6,219.1,6.1,74,15452.4,4763.6,942.7,0,0
BGH-137,1269.8,1015.0,14.7,1099.0,1,267.5,81.8,13597.0,8,92.5,1911.2,4.0,100,15313.6,4731.0,743.7,0,0
BGH-101,1141.7,2008.6,15.5,1110.2,4,317.6,82.8,13069.0,9,117.0,852.6,7.1,100,15182.9,5017.1,1770.8,0,0
BGH-101,1194.5,1137.8,13.9,1121.5,5,271.4,76.2,16595.8,8,47.1,11822.0,4.2,64,15092.0,4720.6,881.6,1,0
BGH-125,1176.7,1395.5,15.8,1066.0,1,295.7,81.9,16425.8,8,99.7,1491.1,3.8,74,15096.2,4974.5,970.2,0,0
BGH-112,1230.1,988.3,15.9,1125.8,1,259.6,84.9,15162.6,9,156.5,281.7,5.9,86,15445.8,5065.0,1001.0,0,0
BGH-146,1228.9,1446.4,15.4,1120.3,1,307.7,80.7,13644.4,7,152.8,309.8,4.6,54,15251.9,5233.6,1200.8,0,0
BGH-130,1155.0,1407.7,14.8,1105.2,2,288.0,80.9,13237.7,13,71.4,4199.3,7.2,64,15873.6,4943.3,1314.6,0,0
BGH-133,1232.9,1397.7,15.3,1004.1,1,318.6,83.6,13768.8,11,71.7,4149.7,5.1,74,15807.2,4846.0,1262.2,0,0
BGH-138,1181.0,1560.9,17.2,1061.9,3,279.6,75.1,13222.8,5,154.4,297.2,3.7,64,14802.9,5053.7,779.1,0,0
BGH-102,1159.2,1451.2,15.1,1109.3,3,263.7,70.2,15453.2,5,170.3,200.4,7.3,64,15938.9,4964.4,1274.2,0,0
BGH-107,1199.4,1607.7,14.9,1095.2,1,274.2,84.8,16524.7,5,53.4,8906.9,5.3,54,16567.8,4584.0,1253.5,1,0
BGH-122,1126.2,1252.5,13.7,1137.4,4,301.6,77.4,16587.8,7,103.0,1335.0,5.3,100,15289.3,4862.8,1518.4,0,0
BGH-113,1246.6,1515.5,16.3,1137.8,3,296.1,81.8,13231.3,13,87.2,2309.0,4.7,100,15398.7,4784.5,1066.7,0,0
BGH-126,1197.2,1373.7,14.5,1117.2,5,304.5,82.2,13804.5,12,161.9,245.9,6.8,54,15215.3,5000.4,1456.9,0,0
BGH-128,1198.3,1425.9,15.6,1137.9,5,255.1,76.0,13893.6,13,51.7,9603.7,4.3,64,16035.5,4388.1,552.1,1,0
BGH-138,1195.6,1554.1,17.2,1125.0,4,290.6,78.1,17038.2,9,69.6,4511.1,3.1,74,15004.2,4879.4,704.2,0,0
BGH-138,1282.3,1399.1,15.8,1073.7,5,315.3,78.1,12331.6,11,145.3,377.5,5.2,100,16474.3,5002.7,1069.9,0,0
BGH-100,1275.9,1479.0,15.8,1099.7,4,257.6,73.3,14994.1,13,47.2,11768.0,7.2,86,15954.3,4508.3,965.1,1,0
BGH-116,1267.5,1269.2,15.2,1045.1,5,256.6,71.8,13250.3,9,109.0,1097.2,4.2,74,15493.5,4864.8,533.4,0,0
BGH-140,1195.7,1719.1,15.8,1174.7,1,300.2,78.2,14617.0,12,101.9,1384.8,4.2,64,15498.3,5004.8,1100.9,0,0
BGH-129,1144.2,1645.7,15.6,1037.3,5,272.1,71.8,16387.7,12,86.8,2342.7,6.3,86,17144.2,4353.8,1094.4,0,0
BGH-112,1199.2,1520.0,15.9,995.8,1,296.1,75.2,14353.7,7,95.2,1739.4,6.5,74,14895.5,4893.3,1733.1,0,1
BGH-120,1215.7,1451.5,13.6,1206.0,5,288.2,72.8,13493.3,9,114.2,930.2,5.0,54,16093.1,4736.9,898.0,0,0
BGH-118,1240.6,1479.1,15.8,1095.4,5,319.0,80.6,16495.3,12,62.6,6004.1,6.8,86,15754.5,4696.1,1974.8,0,0
BGH-118,1215.6,1714.8,15.8,1144.7,5,312.2,83.1,15259.8,7,120.1,775.4,3.8,64,14370.8,5127.2,914.1,0,0
BGH-124,1148.7,1631.5,17.5,1136.6,1,297.5,78.7,15964.6,7,152.8,309.8,4.7,86,15264.1,5358.0,1348.7,0,0
BGH-121,1173.2,1718.2,15.5,1152.3,5,268.3,76.2,15529.3,10,146.4,366.6,4.8,54,15684.0,5011.0,828.8,0,0
BGH-130,1168.7,1431.6,15.7,1129.6,5,268.3,84.9,12570.4,11,61.5,6286.8,4.4,100,15644.5,5014.2,592.0,1,0
BGH-116,1227.0,1596.7,15.8,1129.9,2,311.8,70.3,17610.3,11,60.9,6447.4,4.0,100,15985.8,4590.6,1347.7,0,0
BGH-122,1228.2,1737.7,15.8,983.0,1,291.0,74.6,14602.2,10,77.5,3312.2,4.5,100,15006.0,4813.9,1041.9,0,0
BGH-131,1234.7,1314.8,14.5,1051.8,3,305.2,74.2,16684.9,11,90.6,2044.0,3.1,54,14681.5,4978.5,721.0,0,0
BGH-109,1215.1,1302.2,16.2,968.6,4,281.5,75.3,14299.8,11,97.2,1623.6,6.2,74,14922.8,4679.0,1046.3,0,0
BGH-109,1097.0,1555.0,14.8,1059.0,2,257.2,73.5,16131.5,8,135.2,498.4,6.1,54,16327.8,5335.0,1113.1,0,0
BGH-135,1113.7,1253.0,15.8,1073.3,5,273.3,74.0,17021.6,12,47.9,11397.5,5.0,86,16161.6,4845.7,949.2,1,0
BGH-107,1193.0,1136.8,14.8,1094.2,3,261.3,73.9,16764.9,12,44.9,13085.2,4.5,74,15695.6,5163.7,738.7,1,0
BGH-119,1204.9,1734.9,15.3,1052.6,3,304.7,77.6,15210.8,6,94.9,1757.6,5.0,100,15034.4,5013.7,1326.5,0,0
BGH-131,1262.7,1769.8,15.1,1082.4,5,299.0,75.9,14321.0,9,137.6,466.0,7.2,54,15589.1,4969.4,1786.0,0,0
BGH-149,1203.9,1264.0,15.3,1074.1,5,256.2,79.6,12183.3,6,67.1,4989.3,5.7,64,17195.6,4930.6,804.4,1,0
BGH-113,1151.2,1213.6,15.4,1117.3,2,293.5,77.7,12524.4,7,129.8,581.5,6.3,100,15500.0,5280.1,1441.6,0,0
BGH-149,1233.1,1369.4,15.8,1138.0,1,311.2,72.8,17232.8,7,76.4,3454.9,4.0,64,15509.4,4908.9,1318.8,0,0
BGH-127,1199.1,1750.6,15.4,1110.7,2,298.8,82.2,13352.5,9,164.1,232.9,3.4,74,14340.9,4727.1,814.1,0,0
BGH-145,1179.9,1417.9,16.2,1131.5,1,285.8,77.1,16608.4,12,165.4,225.6,3.4,100,15652.6,4889.5,673.6,0,0
BGH-123,1119.3,1518.9,15.1,1109.5,3,271.8,72.3,16828.7,7,81.6,2836.8,5.1,54,15963.4,4665.1,1097.1,0,0
BGH-114,1204.3,1565.0,15.8,1159.4,4,312.1,72.5,15910.7,11,72.2,4068.6,6.2,64,15264.6,4698.1,1673.9,0,0
BGH-121,1211.4,1534.8,14.8,1193.2,5,279.6,82.0,15782.4,9,97.6,1601.5,6.5,54,15665.1,4745.2,1297.5,0,0
BGH-129,1150.2,1798.8,16.9,977.7,2,309.9,80.5,12669.0,8,73.7,3836.1,6.2,100,15740.0,4772.9,1502.8,0,0
BGH-103,1237.2,1356.0,15.8,1156.7,3,304.8,77.6,12301.2,6,134.1,514.1,7.1,54,15448.1,4339.3,1615.4,0,0
BGH-112,1232.7,1479.6,14.9,1035.5,2,307.1,74.6,13682.6,10,155.6,288.2,3.2,100,15854.2,4932.3,733.4,0,0
BGH-122,1202.4,1546.5,16.9,1109.3,1,319.3,76.9,18305.6,8,134.2,512.7,6.8,86,14873.5,5023.9,2381.6,0,0
BGH-107,1200.6,1490.2,15.9,1113.1,5,302.4,79.5,17749.5,8,155.4,289.7,6.0,54,15572.8,4840.7,1834.0,0,0
BGH-117,1247.3,1256.2,14.9,1130.4,1,252.4,83.2,15074.4,9,95.6,1715.5,3.8,86,15792.3,5247.6,640.0,0,0
BGH-111,1218.4,1205.5,15.4,1097.5,1,264.4,78.3,17588.7,13,61.9,6182.3,6.1,64,15770.6,4979.5,1367.3,1,0
BGH-130,1164.9,1201.3,14.6,1099.8,1,252.5,74.2,13130.1,5,143.3,398.4,5.3,54,15107.0,5022.6,850.7,0,0
BGH-113,1190.1,1645.3,14.6,1117.2,3,263.3,70.6,14261.1,9,90.5,2051.2,4.6,54,15991.6,4596.0,846.1,0,0
BGH-133,1227.8,1335.9,16.5,1082.7,5,254.3,72.6,18174.5,9,134.0,515.6,4.1,64,15002.9,4852.2,643.9,0,0
BGH-117,1098.4,1593.9,14.8,1005.0,4,285.1,79.8,19204.4,6,77.9,3262.0,5.1,54,15042.7,5065.4,1533.5,0,0
BGH-133,1153.4,1517.3,14.4,1099.9,2,252.0,72.4,16543.2,7,51.4,9733.0,4.1,100,15520.5,4763.8,790.5,1,0
BGH-110,1234.1,1305.0,16.0,1062.6,1,283.1,77.2,11821.1,8,179.0,163.4,3.4,86,15579.3,5363.0,639.0,0,0
BGH-140,1260.4,1310.0,16.8,1058.3,5,312.9,80.5,17699.1,5,61.9,6182.3,6.8,74,15140.4,5094.9,2165.9,1,0
BGH-111,1251.1,1526.8,16.4,1053.4,2,302.4,74.6,14464.4,7,178.4,165.7,5.7,100,14637.5,5039.0,1551.7,0,0
BGH-148,1244.7,1515.5,17.3,1001.4,5,316.1,80.0,16445.1,5,176.8,172.0,4.6,74,15573.3,4897.4,1447.3,0,0
BGH-114,1206.5,1598.4,17.4,1080.0,2,265.9,78.7,15198.2,5,151.1,323.8,5.0,64,14649.7,4399.1,1059.4,0,0
BGH-130,1148.6,1408.5,14.8,1100.0,5,287.2,76.6,17013.1,13,132.3,541.2,6.9,64,15968.6,5010.3,1486.6,0,0
BGH-148,1190.2,1330.7,15.3,1138.4,4,272.3,83.5,15093.4,8,120.9,756.8,4.4,54,15743.5,4766.3,799.5,0,0
BGH-128,1100.3,1522.0,14.2,1070.5,5,284.6,80.4,20457.9,8,161.3,249.6,4.7,100,16244.2,4766.5,1572.8,0,0
BGH-125,1265.0,1784.0,14.6,1178.9,5,289.0,75.4,16930.3,8,80.5,2956.2,6.4,74,15984.4,4790.9,1490.4,0,0
BGH-117,1159.1,1124.7,16.4,1129.2,1,252.5,82.1,12484.0,13,105.5,1229.3,3.9,86,15322.0,4610.0,491.0,0,0
BGH-131,1173.3,1340.2,15.7,1043.9,1,266.3,81.1,11643.2,12,126.7,636.6,6.0,100,15828.3,4650.9,859.3,0,0
BGH-121,1252.9,1618.1,16.7,1075.6,1,299.3,81.9,11668.2,8,97.6,1601.5,5.0,64,15880.0,5063.6,1028.9,0,0
BGH-137,1119.3,1543.3,14.8,1201.1,5,304.1,79.6,16189.9,10,99.8,1486.1,5.3,100,15618.1,5016.4,1504.5,0,0
BGH-116,1140.5,1621.0,15.1,1138.0,4,289.9,75.7,16924.7,6,86.2,2394.3,6.5,86,15524.8,4934.0,1840.7,0,0
BGH-122,1213.4,1414.1,16.0,1073.7,2,269.0,75.2,9775.7,10,119.0,801.8,7.5,100,16679.7,4461.7,792.3,0,0
BGH-123,1226.0,1177.6,16.3,1144.6,1,278.4,79.8,17442.1,5,159.1,263.8,6.7,54,15084.3,5134.4,1908.5,0,0
BGH-149,1196.4,1834.3,14.2,1036.9,3,256.7,72.0,15700.9,9,68.2,4772.1,3.7,86,14695.0,5019.4,713.7,0,0
BGH-107,1198.0,1716.8,15.3,1072.4,5,316.7,82.3,18234.5,12,170.8,198.0,4.0,74,14370.7,4595.5,1215.0,0,0
BGH-140,1263.4,1495.2,15.8,983.5,4,310.8,75.6,13063.9,5,136.5,480.5,4.8,64,16121.8,5081.8,1124.4,0,0
BGH-105,1231.8,1331.7,16.1,1130.2,4,254.6,79.5,15581.3,6,155.3,290.5,6.2,100,15464.3,4720.1,1024.1,0,0
BGH-104,1225.1,1401.9,16.3,1041.7,1,261.7,77.5,15566.1,7,117.9,829.3,5.3,86,15469.5,4983.2,1035.1,0,0
BGH-143,1238.8,1545.8,15.4,1096.0,1,290.7,77.8,13452.6,11,149.1,341.2,7.1,54,15743.6,4528.1,1487.0,0,0
BGH-128,1185.0,1449.7,14.5,1022.7,3,266.3,81.1,12461.9,12,42.3,14780.0,3.2,54,15024.2,4814.0,478.7,0,0
BGH-127,1308.7,1497.1,14.0,1110.0,3,315.4,79.4,16862.7,8,154.6,295.7,4.2,74,15927.7,4445.7,1342.2,0,0
BGH-110,1084.6,1822.0,15.4,1096.3,1,302.9,73.8,15458.3,12,45.6,12667.3,4.0,64,15913.4,4912.6,1100.9,1,0
BGH-100,1272.9,1684.7,15.3,1026.3,2,269.1,71.1,15787.9,5,164.6,230.1,6.3,54,15953.6,4983.1,1452.7,0,0
BGH-142,1245.1,1265.8,14.9,1076.1,1,250.4,82.6,17725.5,7,178.9,163.8,5.1,64,15653.0,4714.4,1014.6,0,0
BGH-118,1212.4,1515.4,16.2,1106.7,1,306.0,83.3,14920.6,8,81.2,2879.6,3.1,86,14957.0,4985.9,850.8,0,0
BGH-108,1204.0,1395.9,14.6,1122.3,4,279.7,72.5,15629.8,9,69.4,4547.4,6.5,100,15251.5,4581.3,1236.4,0,0
BGH-126,1192.2,1559.6,15.0,1179.2,1,295.0,74.6,15704.8,13,147.2,358.8,4.6,74,15611.4,4885.3,1003.8,0,0
BGH-133,1255.2,1487.3,16.4,1160.9,1,270.1,74.2,15758.0,6,75.4,3590.8,4.2,54,15219.8,5180.7,833.2,0,0
BGH-143,1198.0,2093.5,14.9,1065.2,1,260.0,84.1,12182.4,11,161.2,250.2,3.8,100,15851.6,4849.4,458.5,0,0
BGH-103,1163.6,1585.9,15.8,1064.6,2,297.3,73.1,14960.2,7,54.4,8524.0,7.3,54,15078.8,5078.2,2089.5,1,0
BGH-135,1245.1,1473.2,15.5,1028.5,4,281.5,72.5,17316.8,6,57.6,7419.1,7.2,74,15042.3,4983.2,1779.5,1,0
BGH-117,1279.2,1868.6,15.7,1049.5,5,266.5,72.7,14744.0,13,177.1,170.8,3.3,54,15882.7,5105.5,581.3,0,0
BGH-114,1103.6,1541.1,16.2,1143.0,5,259.6,80.9,14054.7,7,134.3,511.2,4.0,74,15455.5,4585.1,629.1,0,0
BGH-112,1317.9,1196.3,15.8,1020.5,5,290.6,83.3,16937.0,12,158.6,267.1,5.9,100,16046.7,5020.4,1201.5,0,0
BGH-118,1148.2,1475.1,14.4,1092.3,5,300.8,75.9,15027.4,5,85.4,2465.2,6.0,86,16007.2,5183.8,1549.2,0,0
BGH-148,1152.0,1622.7,14.5,1084.9,4,269.9,72.0,13740.7,9,134.7,505.5,4.9,74,15360.1,5220.9,846.2,0,0
BGH-105,1137.8,1596.9,15.7,1062.1,1,301.5,78.8,13277.2,9,123.2,706.2,5.6,86,14543.9,4733.7,1367.6,0,0
BGH-147,1200.0,1701.0,14.8,1034.9,5,262.8,73.1,14892.3,10,124.4,681.4,6.2,64,16890.3,4830.9,934.2,0,0
BGH-111,1136.0,1530.7,16.3,1005.3,1,273.7,71.0,13676.9,11,135.6,492.8,7.3,100,16669.2,4578.9,1391.8,0,0
BGH-136,1142.1,1516.6,15.7,1035.3,5,302.1,83.3,16803.0,7,120.6,763.7,6.3,74,15784.3,4778.6,1661.8,0,0
BGH-116,1165.6,1219.5,14.1,1095.8,2,296.2,83.1,13478.2,9,100.1,1471.1,3.5,100,15189.5,4698.1,794.6,0,0
BGH-122,1206.9,1805.7,17.0,1129.9,1,268.9,84.6,15556.6,12,78.6,3176.2,6.2,86,15416.4,5066.6,1241.9,0,0
BGH-125,1211.7,1438.9,15.2,1180.6,4,258.5,77.1,15839.7,10,147.6,355.0,3.3,86,15707.0,5105.6,522.9,0,0
BGH-128,1262.1,1304.1,15.3,1116.7,2,253.0,74.4,16265.8,6,71.7,4149.7,5.3,100,16001.5,4985.9,1019.0,0,0
BGH-132,1260.9,2025.6,15.8,1129.6,2,308.7,81.5,18139.4,11,136.9,475.2,5.4,100,15417.0,4954.3,1749.2,0,0
BGH-126,1251.2,1836.0,15.4,1180.4,4,255.3,72.7,12294.9,7,72.7,3989.4,6.5,86,15505.7,4878.2,867.7,0,0
BGH-124,1186.9,1410.5,16.3,1116.9,2,258.0,73.6,16215.8,13,127.5,621.8,3.1,100,15941.1,4882.2,528.6,0,0
BGH-109,1107.9,1123.9,14.7,1149.2,1,266.6,73.8,16246.0,8,144.6,384.7,6.9,86,15490.2,4965.1,1419.6,0,0
BGH-146,1106.8,1356.3,16.4,1081.0,3,281.2,84.3,12827.2,8,70.6,4334.7,6.0,64,16074.4,5107.4,1210.1,0,0
BGH-122,1250.9,1815.8,16.0,1136.1,3,305.3,80.9,15521.2,8,48.4,11141.0,3.1,86,15101.2,5104.4,883.9,1,0
BGH-120,1242.2,1535.3,14.9,1110.5,5,267.3,72.0,14160.9,12,58.3,7199.7,3.7,54,16337.0,5149.9,575.4,1,0
BGH-120,1169.2,1230.1,15.7,1087.9,5,288.0,71.4,17803.9,5,124.8,673.3,3.2,86,14748.0,5482.0,948.0,0,0
BGH-142,1128.0,1656.8,16.5,1177.4,1,256.3,82.6,13863.0,7,158.9,265.1,6.4,64,16618.9,4985.1,1103.1,0,0
BGH-112,1147.6,1458.0,15.9,1039.8,4,282.5,82.0,14569.6,12,46.3,12264.6,3.8,86,15433.2,4684.8,658.3,1,0
BGH-136,1208.7,1370.3,15.6,1057.0,1,262.4,80.1,14239.3,11,142.8,403.9,3.2,100,15430.4,4715.1,557.0,0,0
BGH-132,1208.8,1385.4,16.0,1158.9,5,264.8,72.9,13323.7,10,87.8,2259.5,3.6,64,15156.6,4678.9,524.2,0,0
BGH-123,1252.1,1761.3,16.1,1148.6,2,275.7,77.2,11901.2,11,107.0,1170.5,5.5,74,15299.3,4824.8,802.8,0,0
BGH-143,1177.5,1609.3,15.1,1100.6,1,303.3,79.0,13334.5,5,170.0,201.9,5.2,86,14889.3,4896.5,1326.6,0,0
BGH-110,1187.8,1202.8,15.6,1117.0,1,302.1,84.0,15287.7,12,86.5,2368.3,4.1,100,14969.9,4926.1,992.3,0,0
BGH-116,1256.3,1573.4,16.2,1125.9,4,279.0,72.5,15564.8,8,105.1,1245.5,7.2,74,16060.4,4836.7,1449.8,0,0
BGH-103,1093.7,1521.5,15.6,1118.3,5,258.3,77.7,16624.7,5,41.9,15062.3,6.8,74,16770.3,4878.6,1227.4,1,1
BGH-146,1215.9,1415.9,14.9,1112.1,1,269.6,72.4,17099.7,8,51.4,9733.0,4.4,74,16021.9,4926.0,913.1,1,0
BGH-124,1183.3,1426.5,15.7,1058.0,2,285.4,76.7,15801.3,6,76.2,3481.6,5.1,54,15451.4,5189.2,1283.2,0,0
BGH-129,1235.6,1327.0,15.2,1161.9,2,310.9,73.0,16593.3,9,43.9,13709.5,5.3,100,15319.3,5181.6,1611.7,1,0
BGH-108,1225.6,1367.5,16.0,1089.8,3,317.8,82.5,16048.1,5,128.4,605.7,6.4,54,16446.0,4857.7,1965.1,0,0
BGH-120,1165.2,1557.9,16.6,1050.5,5,294.6,73.8,12797.5,5,99.7,1491.1,4.9,100,15549.5,4976.2,1158.4,0,0
BGH-119,1174.6,1444.5,16.0,1106.7,2,274.5,76.3,15762.8,9,116.7,860.6,5.5,100,15377.5,5227.5,1155.9,0,0
BGH-118,1084.9,1609.1,14.8,1117.2,4,298.5,76.1,15023.7,6,64.5,5549.3,4.9,64,15804.0,4806.1,1305.3,0,0
BGH-118,1237.5,1343.0,15.7,1119.8,5,273.5,83.0,13870.3,13,81.4,2858.1,6.4,74,16011.2,4648.2,974.8,0,0
BGH-111,1212.0,1641.5,13.4,1148.6,2,293.8,81.4,15024.4,11,132.9,532.0,5.5,86,15865.2,4740.8,1259.0,0,0
BGH-136,1269.9,1762.9,15.4,1081.0,1,267.1,70.9,15714.5,8,175.1,178.9,6.7,64,16561.7,4580.1,1448.2,0,0
BGH-141,1180.0,1498.6,16.3,1096.7,5,268.7,71.0,14596.3,11,47.1,11822.0,3.2,86,14952.7,4787.2,473.2,1,0
BGH-116,1245.7,1604.1,15.8,1057.8,2,255.3,78.3,16983.6,12,164.7,229.5,7.1,74,15408.3,4477.9,1319.8,0,0
BGH-136,1146.5,1611.9,15.6,1111.7,1,279.4,76.4,15682.4,12,120.8,759.1,6.7,100,16103.9,4683.2,1343.1,0,0
BGH-147,1064.8,1399.6,17.2,1057.1,3,293.3,74.1,16748.4,12,118.9,804.3,6.7,64,15865.0,5174.1,1822.6,0,0
BGH-138,1195.3,1612.7,14.1,1070.5,5,305.2,81.9,17513.0,9,110.0,1062.5,3.6,54,14825.8,4607.5,1026.8,0,0
BGH-127,1171.7,1046.3,14.3,1149.2,5,306.7,71.9,14208.5,11,49.7,10504.2,4.2,100,16251.1,4903.3,915.7,1,0
BGH-140,1147.5,966.7,15.9,1106.8,2,319.5,84.6,14110.6,11,52.6,9227.3,7.4,54,15822.4,4721.0,1997.8,1,0
BGH-134,1244.9,1434.1,16.2,1171.2,3,256.1,70.4,17313.5,6,124.1,687.5,7.3,100,15744.9,4801.9,1270.2,0,0
BGH-146,1260.4,1626.7,16.3,1158.8,4,284.5,71.8,13460.9,7,87.7,2267.6,4.0,100,15359.5,4894.0,726.3,0,0
BGH-147,1205.3,1483.0,15.0,1110.8,2,286.5,74.7,14803.4,6,168.4,209.8,4.9,74,14453.9,5039.3,1208.3,0,0
BGH-117,1190.9,1649.2,14.8,1117.7,2,306.3,77.6,14025.2,7,96.9,1640.4,3.7,64,15446.2,4980.7,992.9,0,0
BGH-113,1203.1,1259.7,14.7,1088.1,4,268.6,73.2,13018.5,13,60.1,6668.9,4.2,86,15015.5,4595.9,560.4,0,0
BGH-134,1167.4,1676.6,15.8,1152.2,4,254.9,81.0,15995.9,11,140.1,434.8,3.8,74,15361.7,4905.6,650.6,0,0
BGH-143,1228.1,1825.8,14.7,1118.2,4,272.0,75.4,14464.9,8,81.1,2890.4,3.4,86,15383.6,4504.8,596.9,0,0
BGH-140,1123.0,1360.7,16.4,1145.5,4,318.9,70.6,13145.1,12,113.6,947.9,5.6,100,16404.7,4523.8,1372.5,0,0
BGH-106,1146.3,1654.2,15.5,1067.7,4,313.0,83.2,16850.4,11,137.7,464.7,4.1,54,16028.7,5160.6,1245.6,0,0
BGH-140,1160.4,1504.6,14.9,1031.9,1,277.7,84.2,12351.1,10,166.0,222.3,7.5,86,14635.9,4948.6,1439.9,0,0
BGH-112,1227.1,1588.4,14.9,1125.1,1,311.3,79.3,14704.5,8,150.9,325.5,5.3,54,14984.5,4774.8,1491.1,0,0
BGH-117,1184.9,1825.4,14.3,1135.1,4,252.3,82.1,16780.6,9,134.7,505.5,4.6,86,15887.4,4825.4,747.2,0,0
BGH-136,1268.0,1565.5,14.9,1103.8,3,272.0,71.8,16830.1,12,135.1,499.8,7.1,54,15756.0,5034.0,1692.5,0,0
BGH-112,1240.2,1652.9,15.1,1128.9,3,300.9,74.0,15855.1,7,172.4,190.7,5.8,74,16103.7,4907.7,1617.1,0,0
BGH-135,1159.9,1247.4,15.8,1057.4,4,265.5,74.9,13239.8,7,81.4,2858.1,3.6,86,14946.7,4749.8,570.4,0,0
BGH-130,1231.7,1646.7,15.4,1147.0,1,263.9,84.4,15321.1,9,40.2,16332.1,5.2,74,15530.7,4701.2,1005.9,0,0
BGH-101,1179.6,1822.0,14.8,1158.6,3,310.3,77.7,15711.3,13,78.1,3237.2,5.0,74,15041.6,4574.5,1303.5,0,0
BGH-115,1223.7,1315.3,14.5,1151.0,1,293.1,70.1,14116.3,9,70.5,4352.0,6.4,54,15609.5,4752.8,1650.6,0,0
BGH-108,1242.6,1435.4,15.3,1106.2,2,319.2,75.7,15753.2,5,132.7,535.0,6.1,86,15274.3,4647.8,1838.5,0,0
BGH-108,1255.7,1637.2,13.9,1159.3,1,259.4,70.1,12044.5,9,128.7,600.4,4.7,86,15949.6,5023.5,697.4,0,0
BGH-137,1210.1,1589.6,15.2,1042.9,4,274.9,73.6,11493.2,13,123.1,708.3,5.1,64,15561.6,4904.9,540.9,0,0
BGH-110,1280.0,1228.1,16.4,1128.7,5,271.8,76.8,13715.6,11,42.3,14780.0,5.3,54,15344.2,4630.8,830.1,1,0
BGH-121,1222.1,1533.0,15.3,1135.8,4,311.6,74.9,16386.2,13,142.0,412.8,4.9,86,16681.1,4729.0,1319.2,0,0
BGH-132,1206.8,1433.5,15.6,1125.1,2,267.9,70.5,16720.5,9,85.3,2474.3,3.5,100,16101.2,4846.7,733.4,0,0
BGH-135,1184.9,1306.3,15.5,1053.0,1,274.7,71.7,12441.6,7,133.1,529.0,7.1,64,16366.1,4724.1,1169.0,0,0
BGH-144,1168.4,1771.3,14.4,1111.5,3,260.0,78.3,17935.8,6,117.9,829.3,6.0,86,15452.9,5074.1,1262.1,0,0
BGH-122,1221.0,1501.1,16.9,1087.2,4,304.3,80.4,15180.0,13,88.0,2243.2,5.1,54,14964.3,5326.9,1227.6,0,0
BGH-144,1205.0,1696.6,15.2,1002.1,3,266.6,76.1,11902.9,9,58.8,7047.6,5.6,100,14712.7,4647.3,772.1,1,0
BGH-144,1213.0,1265.3,15.5,1041.1,1,254.8,81.0,15607.1,5,53.2,8985.8,4.0,86,15617.6,5109.5,799.0,0,0
BGH-133,1224.0,1617.8,15.0,1158.1,2,280.5,72.4,17544.5,6,156.4,282.4,5.4,74,15852.9,4839.5,1445.7,0,0
BGH-108,1212.8,1712.3,16.4,1080.1,4,277.4,71.8,14030.5,6,168.6,208.8,6.4,74,15220.3,4859.5,1305.8,0,0
BGH-123,1300.7,1451.6,14.3,1152.8,3,262.4,82.6,16954.2,8,131.0,561.7,5.4,100,15858.1,4906.5,1150.6,0,0
BGH-107,1173.6,1400.6,16.5,1157.2,4,259.4,75.1,17884.7,10,54.5,8486.7,5.2,100,14801.7,4749.5,1053.6,1,0
BGH-106,1221.6,1239.1,15.3,1127.3,4,312.8,76.5,15081.0,12,96.3,1674.5,5.1,100,16973.1,4746.1,1301.4,0,0
BGH-135,1188.6,1326.4,15.1,1069.3,3,254.7,84.2,13509.6,7,142.1,411.6,6.4,100,15401.3,4702.5,918.2,0,0
BGH-117,1076.9,1409.5,15.0,1147.2,2,257.0,76.4,17340.7,10,149.2,340.3,6.4,54,15319.6,4891.8,1358.9,0,0
BGH-102,1190.3,1304.8,16.9,1110.7,4,267.2,70.1,17333.6,8,56.6,7745.8,6.4,74,15474.8,4890.6,1229.4,1,0
BGH-127,1153.2,1346.4,14.2,1102.2,2,316.7,84.1,12483.2,12,40.0,16489.3,4.1,86,15841.0,5336.4,947.8,1,0
BGH-105,1196.7,1531.6,15.1,1054.4,2,256.0,70.2,14796.5,13,139.7,439.6,5.8,86,16267.7,4801.3,841.6,0,0
BGH-143,1198.7,1555.6,14.5,1075.0,1,307.1,79.9,16441.6,13,89.9,2095.5,6.5,74,15675.1,4773.4,1762.6,0,0
BGH-143,1219.3,1718.2,14.0,1055.1,3,312.4,74.8,16552.3,10,75.6,3563.1,5.5,86,16680.6,4815.3,1699.5,0,0
BGH-120,1173.5,1347.6,16.5,1148.0,1,276.5,77.1,14421.6,6,41.8,15133.8,6.5,74,15761.6,4810.6,1533.4,1,0
BGH-127,1179.7,1504.6,15.5,1176.7,5,270.6,78.2,13082.7,6,115.6,890.4,6.8,64,16132.5,4784.4,961.4,0,0
BGH-139,1235.0,1416.5,14.6,1146.2,1,297.4,76.1,18141.4,13,159.2,263.1,3.8,74,15691.7,4982.2,1057.9,0,0
BGH-100,1159.5,1402.3,16.2,1109.9,4,299.2,81.6,15178.7,9,174.1,183.2,4.4,86,15157.8,5407.5,1090.7,0,0
BGH-135,1108.1,1436.8,15.2,1084.7,4,304.6,84.0,14642.7,11,119.2,796.9,5.7,64,14651.1,4880.4,1523.1,0,0
BGH-120,1207.9,1460.8,15.0,1123.8,4,308.1,71.3,13823.5,10,112.0,997.0,4.3,86,15262.7,4640.0,926.8,0,0
BGH-142,1253.5,1550.1,16.0,1079.1,5,268.8,82.0,14597.0,13,51.9,9518.5,7.2,54,15091.5,5108.2,1174.3,1,0
BGH-134,1234.5,1433.9,15.2,1098.4,2,298.1,71.9,11850.7,9,116.8,857.9,3.9,86,15814.1,5023.3,775.5,0,0
BGH-112,1208.8,1745.5,14.7,1058.9,4,259.4,71.2,16998.0,12,93.2,1864.9,4.6,64,15849.2,4532.3,785.8,0,0
BGH-148,1262.5,1159.1,16.1,1132.5,1,285.8,84.3,14458.3,8,125.0,669.3,7.5,74,15208.8,4907.8,1865.3,0,0
BGH-109,1254.1,1710.8,15.4,1135.0,2,292.9,77.3,10798.6,11,94.4,1788.4,3.9,86,15190.8,4952.3,644.3,0,0
BGH-143,1183.5,1426.3,16.1,1145.4,1,261.3,72.3,13030.3,13,73.6,3851.1,5.0,74,15936.7,5016.2,707.4,0,0
BGH-146,1212.4,1462.2,15.2,1127.9,1,255.4,78.5,16915.1,6,53.3,8946.2,4.4,86,15843.8,5381.8,905.8,1,0
BGH-109,1214.5,1498.1,16.3,1124.4,4,263.6,73.9,14715.5,13,84.1,2585.7,6.6,100,16074.4,4806.9,1001.9,0,0
BGH-145,1195.7,1641.1,15.5,1047.8,1,279.4,77.0,13422.4,12,53.5,8867.7,4.4,86,14744.5,4820.3,736.7,1,0
BGH-112,1256.7,1323.9,16.3,1045.7,5,312.1,79.4,15264.8,5,64.8,5481.1,3.7,100,14409.2,4960.9,1080.6,1,0
BGH-136,1192.4,1368.6,16.3,1116.6,2,287.2,83.0,14402.6,11,178.2,166.5,7.2,86,15523.5,4781.7,1559.4,0,0
BGH-137,1175.0,1600.1,16.5,1155.0,4,302.4,70.0,15221.0,9,102.2,1371.0,4.4,86,15781.5,4636.3,998.6,0,0
BGH-123,1070.4,1160.4,15.6,1086.6,4,262.2,73.2,15639.2,9,114.5,921.5,6.3,100,15617.0,4981.3,1161.0,0,0
BGH-101,1160.1,1493.2,15.8,1100.3,1,257.4,71.4,13367.3,11,162.3,243.5,4.3,54,16038.6,4452.5,676.2,0,0
BGH-121,1134.2,1340.5,15.3,1100.8,1,266.8,71.5,13847.9,8,179.4,161.9,3.8,74,16264.9,4643.1,696.4,0,0
BGH-116,1198.0,1298.4,14.8,1007.8,3,272.0,84.2,13531.2,5,121.6,741.0,6.6,64,15481.5,4556.2,1115.4,0,0
BGH-135,1137.3,1172.3,17.1,1112.0,3,288.4,84.0,13590.1,10,153.7,302.6,3.3,86,14583.0,4922.4,626.1,0,0
BGH-113,1230.4,1654.5,14.9,1072.5,4,311.7,81.2,13744.0,5,85.8,2429.5,4.5,64,15896.1,4801.5,1047.7,0,0
BGH-109,1255.4,1531.8,16.2,1130.6,4,279.8,79.6,14419.3,5,82.8,2712.9,6.5,54,17048.0,5037.7,1327.6,0,0
BGH-134,1198.4,1365.5,16.1,1098.4,1,286.3,82.7,13784.3,12,96.4,1668.8,5.3,86,15575.0,5114.6,993.1,0,0
BGH-124,1150.8,1467.1,15.6,1091.0,5,250.3,70.9,15319.8,8,134.2,512.7,6.1,100,15631.3,4540.9,886.9,0,0
BGH-102,1214.3,1281.4,15.4,1092.1,5,252.3,71.8,14372.7,9,135.5,494.2,3.3,100,16128.6,4643.3,490.0,0,0
BGH-146,1294.7,1392.8,15.4,1083.6,1,255.9,74.8,13586.9,5,84.1,2585.7,6.4,86,16055.6,4543.9,1035.6,0,0
BGH-137,1279.1,1460.3,15.0,1031.9,3,298.9,82.5,11148.9,11,58.6,7108.0,3.8,100,15424.3,5181.4,694.9,0,0
BGH-116,1129.7,1512.8,15.6,1147.7,3,284.0,77.1,13193.8,6,128.5,603.9,6.6,54,15563.9,4891.5,1322.7,0,0
BGH-111,1127.8,1578.4,14.6,1068.3,5,263.5,77.6,14270.9,10,58.0,7292.8,5.5,74,15840.5,4658.3,769.8,1,0
BGH-123,1115.0,1138.8,16.1,1076.6,4,291.5,73.4,16915.2,13,121.0,754.5,6.3,74,15166.8,5008.8,1623.7,0,0
BGH-128,1143.2,1579.0,15.3,1104.0,1,288.1,79.7,14860.1,6,137.1,472.5,4.0,54,16461.2,4797.9,1059.5,0,0
BGH-142,1212.6,1154.9,14.7,1044.2,4,256.2,83.3,11973.4,10,138.1,459.6,4.8,100,15447.5,4919.6,526.8,0,0
BGH-124,1172.2,1586.3,14.5,1075.0,3,294.8,74.9,15196.0,9,145.5,375.5,6.6,74,14003.5,4794.6,1652.3,0,0
BGH-135,1158.1,1457.3,15.4,1195.8,5,303.7,79.3,14094.9,6,162.2,244.1,7.1,100,15569.9,4629.6,1731.4,0,0
BGH-125,1252.0,1718.3,15.4,1116.8,4,270.1,75.0,16142.0,13,110.0,1062.5,4.0,100,15769.3,5067.7,734.0,0,0
BGH-137,1226.5,1365.1,15.1,1057.1,3,298.1,81.9,12075.1,6,142.2,410.5,6.6,64,16445.6,4803.5,1274.5,0,0
BGH-100,1114.8,1656.2,15.9,995.9,3,264.0,77.1,17422.4,5,126.7,636.6,3.5,74,15202.9,5103.9,754.7,0,0
BGH-119,1249.1,1266.5,15.8,1150.1,3,303.0,75.1,15894.0,13,66.1,5196.7,4.9,100,14796.8,5270.3,1270.5,1,0
BGH-127,1225.3,1521.2,15.5,1049.4,4,313.8,76.3,14582.3,13,43.6,13903.3,7.2,64,16286.0,5015.0,1671.9,1,0
BGH-115,1226.4,1092.4,14.8,1072.9,2,280.9,71.4,11912.3,13,79.8,3035.2,7.3,54,15447.6,5038.6,1157.4,0,0
BGH-146,1171.5,1676.6,14.9,1079.2,5,267.1,83.0,12078.1,12,102.0,1380.2,4.3,74,15918.3,5024.1,529.8,0,0
BGH-116,1190.6,1845.4,14.4,1054.3,3,277.9,84.4,16370.8,8,126.4,642.2,3.9,54,14899.6,4815.9,879.4,0,0
BGH-139,1101.4,1360.4,15.3,1096.2,4,267.5,77.2,16606.4,13,159.0,264.4,3.7,54,15015.1,5054.4,706.2,0,0
BGH-127,1243.3,1524.5,15.9,1072.4,1,250.1,73.3,17083.2,6,67.5,4909.0,5.2,86,15343.1,4880.9,1240.1,0,0
BGH-111,1150.1,1588.8,14.5,1130.6,5,295.5,80.0,18334.5,5,57.6,7419.1,3.4,74,14679.8,4588.1,1035.5,0,0
BGH-126,1156.5,1189.9,15.1,1107.0,1,253.0,76.8,16498.3,11,174.9,179.8,4.6,54,14855.8,4966.6,779.2,0,0
BGH-141,1155.8,1350.2,15.5,1171.6,1,264.7,73.8,15815.0,10,55.1,8267.1,3.1,54,15030.3,5076.1,687.3,0,0
BGH-146,1290.0,1337.8,15.9,1172.6,4,300.6,70.6,19776.9,7,107.0,1170.5,4.2,54,15364.9,4816.8,1538.2,0,0
BGH-129,1166.6,1981.4,14.3,1052.3,2,296.6,83.3,13909.1,6,122.0,732.1,7.1,100,16797.2,4560.8,1889.4,0,0
BGH-140,1247.1,1709.2,17.3,1083.6,4,255.1,82.0,14798.6,12,115.8,884.9,5.0,74,15905.8,5163.7,712.8,0,0
BGH-133,1198.8,1456.6,16.1,1207.7,4,296.2,82.4,11917.5,8,52.0,9476.3,3.3,74,15332.7,5004.1,669.2,1,0
BGH-136,1158.5,1655.8,15.0,1042.1,5,315.1,76.6,16249.0,10,48.0,11345.6,5.9,74,15571.9,5113.7,1732.6,1,0
BGH-105,1149.5,1542.2,14.6,1139.9,4,255.2,81.3,14593.1,8,54.8,8376.1,7.3,74,16264.9,4718.7,1115.1,1,0
BGH-106,1168.6,1618.6,15.7,1127.4,5,279.1,78.7,13759.7,13,122.0,732.1,5.1,74,15637.9,4839.3,826.9,0,0
BGH-131,1196.3,1289.3,15.9,1057.6,3,301.1,75.6,13801.2,9,116.2,874.0,5.8,54,16050.0,4694.4,1400.2,0,0
BGH-131,1230.1,1774.7,14.7,1060.0,5,296.7,82.6,13410.0,10,72.7,3989.4,7.1,64,15866.4,5199.6,1440.4,0,0
BGH-124,1176.5,1346.5,14.6,1192.2,4,265.9,85.0,14662.1,13,129.3,590.0,4.9,86,15558.0,5445.7,836.0,0,0
BGH-132,1174.6,1356.8,14.8,1191.2,3,261.4,83.5,12116.3,10,154.8,294.2,6.0,74,15317.9,4815.7,836.9,0,0
BGH-106,1155.9,1618.0,15.6,1121.5,3,304.9,81.6,12296.5,6,45.8,12550.7,5.0,100,15626.9,4963.4,1166.7,1,0
BGH-111,1140.3,1569.2,15.6,1030.7,2,316.9,81.2,12785.7,5,109.7,1072.8,7.3,64,16162.6,5195.6,1785.8,0,0
BGH-115,1136.1,1504.6,17.2,1162.8,4,303.7,79.8,13759.8,13,136.5,480.5,5.3,100,15912.3,4507.1,1101.6,0,0
BGH-115,1249.4,1667.9,13.8,1030.5,1,317.4,82.8,14072.1,6,75.3,3604.7,7.0,54,15302.8,5428.1,1884.7,0,0
BGH-142,1173.6,1267.8,15.0,1135.8,4,292.3,77.4,10902.3,6,83.1,2682.9,5.3,86,15465.9,5294.2,999.7,0,0
BGH-135,1178.0,1868.9,15.1,1019.0,1,315.0,72.7,13969.7,8,125.9,651.7,6.0,54,16338.9,4678.9,1603.7,0,0
BGH-112,1166.7,1399.9,15.9,1100.4,2,298.3,81.5,13317.5,7,165.7,224.0,4.7,54,15942.4,4711.5,1026.7,0,0
BGH-106,1184.2,1482.3,15.9,1144.2,4,313.6,83.8,16565.5,11,153.4,305.0,7.1,74,15918.4,4576.9,1951.6,0,1
BGH-135,1218.6,1872.0,15.3,958.7,2,261.3,75.1,13200.0,11,121.6,741.0,5.9,100,15439.0,4568.7,910.5,0,0
BGH-146,1175.7,1358.1,16.7,1073.6,1,307.1,81.7,17008.0,7,142.2,410.5,3.1,74,15475.8,5077.9,1008.8,0,0
BGH-108,1209.0,1704.6,14.6,1107.7,5,263.8,74.1,18483.8,7,91.1,2008.0,3.1,54,16327.4,4742.4,602.5,0,0
BGH-131,1270.9,1457.1,14.9,1082.8,4,251.9,84.1,17333.6,13,129.7,583.2,6.0,86,16225.9,4839.2,803.5,0,0
BGH-110,1159.0,1331.6,14.4,1066.4,3,286.2,80.3,13036.5,11,105.3,1237.4,3.5,64,14072.6,5186.0,617.4,0,0
BGH-107,1178.0,1423.3,15.4,1093.3,3,272.3,78.5,16038.9,7,66.6,5091.8,6.2,54,16670.4,5042.5,1331.8,0,0
BGH-132,1232.1,1613.3,15.2,1151.9,2,253.0,81.7,13070.9,7,138.2,458.3,4.4,54,16082.3,5080.0,624.5,0,0
BGH-122,1274.9,1702.9,16.1,1168.4,5,318.6,82.2,13349.0,7,117.9,829.3,5.4,54,15064.2,5057.1,1304.3,0,0
BGH-124,1137.9,1545.1,17.0,1135.3,3,296.7,83.4,13483.2,13,90.2,2073.2,3.8,100,15323.0,5144.2,732.3,0,0
BGH-107,1115.0,1180.4,16.7,1177.7,3,313.1,83.5,15272.3,12,167.6,213.9,4.1,64,15214.6,4944.2,1164.6,0,0
BGH-144,1200.0,1627.1,14.5,1073.3,4,319.9,70.8,13252.1,11,42.9,14367.8,5.0,86,15189.7,4803.5,1267.7,1,0
BGH-121,1194.8,1471.6,15.5,1129.8,3,277.4,71.8,15077.4,12,84.2,2576.2,6.0,54,15678.5,4586.7,1133.6,0,0
BGH-103,1235.0,1279.5,16.1,1049.1,1,267.8,82.4,17524.9,5,48.0,11345.6,3.7,64,15756.4,5101.1,981.0,1,0
BGH-139,1227.4,1569.3,16.0,1246.6,2,262.9,84.2,12796.4,13,147.3,357.9,4.3,54,16385.8,5086.9,625.5,0,0
BGH-102,1198.3,1726.8,17.4,1105.0,3,286.1,74.6,11783.7,9,138.3,457.0,3.9,64,15088.1,4764.3,644.2,0,0
BGH-128,1252.5,1501.3,15.3,1140.2,4,292.4,70.1,13719.7,9,86.4,2377.0,6.9,64,16084.6,4783.4,1533.5,0,0
BGH-140,1165.9,1684.7,15.6,1011.9,1,283.1,74.8,17856.0,9,134.6,506.9,5.9,100,15127.1,4881.7,1715.8,0,0
BGH-128,1210.6,1592.5,17.3,1139.1,3,277.1,75.7,16377.1,13,95.4,1727.4,5.1,100,16246.7,4828.4,978.0,0,0
BGH-133,1139.2,1595.1,15.8,1105.7,2,261.8,81.4,13290.9,9,145.9,371.5,7.3,64,16120.3,4611.1,1132.6,0,1
BGH-133,1197.9,1438.9,15.0,1123.2,2,280.9,70.7,12909.1,6,103.6,1308.7,6.3,74,15624.4,5191.9,1189.6,0,0
BGH-127,1126.9,1663.7,14.7,1100.7,2,256.0,73.2,15647.3,10,97.7,1596.0,7.2,54,15985.4,4676.7,1087.1,0,0
BGH-112,1144.2,1682.8,15.7,1094.0,3,310.6,83.4,15195.2,11,170.9,197.6,5.7,100,16015.9,5007.0,1657.1,0,0
BGH-114,1285.5,1658.5,16.4,1084.6,1,253.3,72.3,16245.5,11,75.1,3632.7,3.6,64,14777.2,4802.6,693.5,0,0
BGH-122,1108.8,1437.2,16.3,1095.5,5,276.6,81.4,12689.5,11,56.9,7646.1,6.0,74,16326.9,4697.9,902.8,1,0
BGH-143,1189.2,1697.0,14.8,1173.4,2,257.0,75.4,14832.4,6,121.8,736.5,3.9,64,15232.9,4833.2,658.6,0,0
BGH-125,1241.4,1577.3,15.6,1081.6,1,304.2,79.9,16791.9,10,175.7,176.4,4.6,86,15757.9,4732.9,1477.9,0,0
BGH-103,1311.1,1305.5,15.1,1212.9,4,271.9,71.1,17257.3,13,92.9,1884.6,5.3,64,15731.8,4556.6,1116.8,0,0
BGH-125,1208.9,1423.7,15.4,1103.1,4,257.9,74.3,12522.5,5,48.7,10990.2,3.7,86,14951.4,4853.2,499.1,1,0
BGH-139,1211.7,1393.9,16.2,1170.0,1,287.2,76.4,14829.3,7,87.5,2284.1,3.1,100,15110.3,5010.7,758.2,0,0
BGH-108,1202.0,1102.4,15.5,1157.2,4,314.1,82.9,14428.1,10,110.8,1035.7,4.5,100,14906.0,5038.9,1242.2,0,0
BGH-104,1252.9,1700.7,16.0,1021.8,4,313.6,78.5,13326.4,11,62.7,5979.1,6.7,64,14842.8,4883.5,1708.3,0,0
BGH-131,1221.6,2120.2,16.0,1032.4,2,267.5,70.7,13529.1,6,132.1,544.3,3.1,100,15561.9,4836.6,519.1,0,0
BGH-119,1171.2,1741.7,15.0,1066.1,3,300.4,82.0,16134.0,12,179.7,160.8,3.5,64,14518.1,4998.8,808.2,0,0
BGH-149,1255.8,1532.6,16.5,1022.8,3,252.1,70.8,13468.1,10,103.2,1326.2,6.6,64,15590.8,4617.5,905.2,0,0
BGH-110,1176.9,1396.8,14.6,1079.3,3,259.2,84.0,14753.5,13,89.7,2110.5,4.4,86,15822.2,5152.9,686.0,0,0
BGH-114,1120.1,1315.0,14.5,1101.4,3,285.0,73.2,15973.5,13,96.1,1686.1,7.2,54,15263.4,4839.2,1605.5,0,0
BGH-131,1120.2,1530.1,15.1,1132.4,1,266.0,77.3,18504.9,13,56.1,7915.3,4.7,64,16202.0,5074.0,1040.8,1,0
BGH-127,1189.9,1693.7,14.7,1109.0,2,305.9,71.1,15598.7,13,163.7,235.2,6.6,54,16617.8,4995.4,1765.9,0,0
BGH-121,1205.2,1365.1,16.0,1100.3,1,315.2,78.4,16441.6,6,98.1,1574.4,4.2,74,16127.3,4904.7,1321.2,0,0
BGH-140,1247.8,2012.9,17.6,1151.2,4,250.3,77.5,15525.9,11,94.2,1800.9,3.3,100,15812.8,4920.5,444.2,0,0
BGH-116,1232.0,1223.2,16.4,1144.5,2,266.3,76.2,14588.8,9,132.4,539.6,7.0,74,15729.2,4607.5,1329.1,0,0
BGH-125,1204.0,1544.9,14.8,1195.4,5,280.8,70.5,14553.1,13,101.9,1384.8,7.2,74,16019.6,4864.9,1180.0,0,0
BGH-143,1250.6,1514.1,14.7,1109.3,3,289.4,83.2,14767.4,5,130.8,565.0,6.2,64,16470.6,4716.0,1337.3,0,0
BGH-106,1200.6,1501.3,16.3,979.5,4,314.1,82.0,10720.9,11,48.6,11040.2,6.5,74,14895.7,4745.1,1264.7,1,0
BGH-141,1135.5,1386.2,14.6,1121.4,3,312.4,79.5,14345.9,9,153.9,301.1,3.0,64,14341.1,5188.3,823.4,0,0
BGH-125,1124.6,1516.5,14.7,1213.5,3,294.6,78.6,15876.6,13,171.7,193.8,6.4,100,15461.8,4765.3,1702.0,0,0
BGH-124,1263.9,1410.0,15.8,1151.3,3,268.0,80.4,13526.1,11,130.8,565.0,5.1,100,15782.2,5092.9,799.0,0,0
BGH-109,1087.7,1757.6,15.1,1162.8,5,304.8,72.2,17905.6,8,173.6,185.3,5.0,74,15999.4,4735.4,1385.9,0,0
BGH-144,1190.0,1824.2,15.6,1104.7,4,264.2,84.0,15250.4,12,61.2,6366.5,5.4,64,16175.8,5053.4,949.5,0,0
BGH-118,1349.1,1422.3,15.2,1145.7,3,317.6,74.3,14737.6,13,106.8,1178.2,4.2,86,16109.6,4755.6,1130.9,0,0
BGH-110,1223.0,1171.0,15.5,1165.4,3,250.4,79.8,16671.7,13,124.3,683.4,6.1,86,16042.2,4797.5,904.5,0,0
BGH-112,1189.6,1563.5,16.2,1083.3,2,289.9,79.1,16128.1,8,121.4,745.4,4.3,54,15406.5,4962.4,1018.9,0,0
BGH-107,1115.8,1556.3,16.0,1075.0,3,256.2,79.5,17265.6,10,96.2,1680.3,5.5,54,15837.9,4936.7,1026.2,0,0
BGH-139,1280.9,1521.0,16.2,1122.7,2,278.5,83.2,17655.2,8,87.3,2300.6,3.6,54,14811.3,4931.2,915.0,0,0
BGH-103,1260.7,1606.6,16.0,1148.5,4,294.4,74.4,17930.6,5,57.8,7355.6,6.0,74,16226.2,4650.4,1820.4,1,0
BGH-146,1234.2,1776.3,16.1,962.2,4,298.3,81.2,15913.7,10,94.8,1763.7,3.9,64,15188.4,4600.2,1042.5,0,0
BGH-130,1200.0,1666.6,15.5,1090.3,4,305.0,79.0,12926.1,12,62.8,5954.2,3.8,54,15173.6,4920.9,851.8,0,0
BGH-127,1228.6,1606.3,14.3,1002.3,2,291.5,71.1,14523.3,10,142.8,403.9,3.1,64,15413.5,5327.7,716.9,0,0
BGH-110,1192.6,1650.8,15.4,1093.9,5,267.6,76.2,18278.0,7,69.2,4584.0,3.5,74,15027.3,4820.6,790.8,0,0
BGH-142,1151.3,1550.3,15.8,1184.5,5,312.2,82.6,15518.8,12,48.2,11242.8,4.0,64,15232.6,5216.8,1069.0,1,0
BGH-100,1247.8,1310.9,15.6,1068.8,3,306.8,74.7,14131.6,13,117.3,844.8,4.0,64,15579.0,5146.8,1046.8,0,0
BGH-148,1197.5,1790.1,15.8,1085.7,4,261.2,77.2,13910.2,5,123.3,704.1,4.5,74,16322.0,5026.7,697.1,0,0
BGH-146,1226.1,1520.5,17.1,1133.1,1,307.9,77.3,12845.1,10,162.1,244.7,3.2,86,15410.7,4712.7,716.1,0,0
BGH-137,1193.9,1310.8,15.1,1149.7,3,318.1,79.3,16838.7,12,120.8,759.1,7.2,64,16527.7,4986.7,2100.0,0,0
BGH-123,1223.1,1274.4,15.2,1147.8,5,294.6,83.3,14096.6,6,88.4,2211.1,3.5,64,15195.9,5041.8,820.9,0,0
BGH-146,1199.3,1316.4,16.5,1101.9,5,269.7,72.6,13034.4,8,152.4,313.0,6.2,100,14926.4,4845.3,949.3,0,0
BGH-130,1195.4,1253.5,15.6,1128.5,4,292.5,77.6,13260.2,5,115.6,890.4,5.4,100,14798.2,4956.2,1092.7,0,0
BGH-140,1201.5,1633.8,15.9,1126.3,2,274.0,76.4,9781.5,8,51.1,9864.2,5.5,54,15855.0,4756.5,720.5,1,0
BGH-145,1348.0,1465.0,15.0,1064.8,3,297.3,74.4,16412.2,6,119.2,796.9,3.5,54,15138.3,5075.5,1099.0,0,0
BGH-149,1240.1,1655.2,14.9,1012.4,2,288.1,83.8,14525.2,7,167.1,216.5,4.1,74,15916.6,5140.2,983.8,0,0
BGH-125,1329.3,1733.9,14.5,1055.1,5,315.1,70.1,12542.6,8,95.5,1721.4,6.5,74,15612.7,4493.1,1559.8,0,0
BGH-148,1199.6,1682.2,15.6,1171.9,4,293.3,71.8,17774.3,7,81.5,2847.5,5.1,100,15576.8,4909.8,1316.3,0,0
BGH-149,1184.5,1626.8,14.7,1210.7,5,265.0,81.0,15093.0,10,60.1,6668.9,5.1,100,15156.0,4562.8,846.5,0,0
BGH-104,1146.3,1557.5,14.6,1095.4,4,300.8,74.0,10517.0,11,61.2,6366.5,5.5,54,14324.6,4755.5,946.2,0,0
BGH-119,1280.2,1461.9,16.0,1170.0,1,271.1,80.8,16443.6,11,100.6,1446.5,5.0,100,15334.4,4956.0,1099.2,0,0
BGH-140,1154.7,1475.3,15.0,1085.1,2,269.1,82.5,12978.5,5,123.4,702.0,6.6,64,15151.9,4916.1,1160.7,0,0
BGH-110,1290.5,1616.9,14.5,1117.5,3,277.4,73.8,16190.9,9,51.3,9776.5,6.4,64,14892.0,4763.3,1489.5,1,0
BGH-132,1149.2,1307.7,14.5,1069.3,4,250.8,72.9,16010.2,7,171.5,194.8,4.4,100,15708.1,5266.9,744.4,0,0
BGH-149,1244.3,1489.2,16.2,1150.7,1,317.8,72.2,15274.7,5,145.7,373.5,6.7,74,15941.2,4943.6,1958.0,0,0
BGH-137,1120.4,1351.4,15.4,1068.1,1,287.3,73.0,12496.6,5,122.1,729.9,5.3,54,15691.9,4783.7,1097.2,0,0
BGH-126,1177.9,1734.6,15.2,1055.4,2,304.1,74.0,12534.7,6,156.0,285.3,5.8,64,15695.8,4969.2,1254.2,0,0
BGH-133,1201.1,1643.4,15.6,1102.3,4,268.0,83.0,14902.2,12,51.2,9820.3,6.9,74,15695.4,4445.0,961.6,1,0
BGH-114,1170.1,1927.5,15.6,1140.8,3,302.3,81.6,13117.2,8,106.8,1178.2,5.1,100,14818.3,4989.7,1119.3,0,0
BGH-131,1191.5,1348.5,15.1,1108.2,3,289.7,70.0,17438.7,7,128.2,609.2,6.4,54,15099.2,4817.6,1747.5,0,1
BGH-120,1191.8,1369.9,15.2,1076.5,3,279.7,83.1,14797.1,12,156.0,285.3,5.8,54,16239.5,5123.3,1042.8,0,0
BGH-145,1240.3,1511.5,16.1,1055.0,5,317.9,71.2,12990.3,6,149.7,335.9,4.9,74,15289.1,4707.8,1217.8,0,0
BGH-104,1095.7,1354.9,16.2,1015.7,5,284.6,79.8,16997.1,13,78.8,3152.2,6.6,74,16671.2,5023.2,1480.0,0,0
BGH-105,1171.9,1607.5,14.8,1077.2,4,296.0,72.3,11178.5,8,171.7,193.8,3.5,74,15886.0,4925.6,573.1,0,0
BGH-137,1262.7,1489.8,16.5,1092.4,3,251.1,70.9,14736.3,13,57.4,7483.1,5.6,100,16793.9,4988.2,784.4,1,0
BGH-121,1228.1,1402.3,17.1,1127.7,1,271.1,81.4,16112.3,5,162.5,242.3,3.2,100,15341.2,5140.8,746.5,0,0
BGH-117,1263.6,1717.5,15.3,1041.6,3,312.2,77.0,12942.0,9,175.9,175.6,3.7,74,15438.7,5022.0,803.4,0,0
BGH-113,1237.9,1130.1,15.2,1133.4,4,303.1,79.0,14135.2,11,64.8,5481.1,5.7,100,14809.8,5098.5,1386.0,1,0
BGH-109,1145.8,1608.4,14.8,1070.3,3,287.6,76.4,13651.2,8,141.1,423.0,4.4,54,15479.0,4973.2,850.8,0,0
BGH-145,1233.0,1389.8,15.0,1074.3,2,313.0,71.0,12751.1,9,45.6,12667.3,4.2,86,15756.2,4803.8,1024.6,1,0
BGH-112,1205.0,1663.4,15.8,1162.4,3,284.0,81.1,15152.9,13,96.8,1646.0,7.3,100,17055.2,5196.9,1578.7,0,0
BGH-130,1313.4,1711.3,17.4,976.1,1,289.7,82.3,16702.0,10,112.3,987.5,4.6,54,15151.9,4503.6,1196.1,0,0
BGH-129,1240.1,1044.7,16.1,1038.7,4,276.8,70.6,19007.5,10,121.3,747.7,5.5,86,15102.0,4631.1,1317.7,0,0
BGH-102,1226.2,1457.7,15.2,1102.3,4,293.4,75.6,16523.9,6,171.0,197.1,5.4,86,16086.2,4823.9,1316.7,0,0
BGH-129,1233.5,1511.6,15.2,1099.8,1,272.3,78.4,14461.3,5,134.1,514.1,3.3,74,14827.9,4794.4,794.9,0,0
BGH-105,1223.4,1028.4,15.0,1014.9,4,277.0,79.1,17229.3,8,107.4,1155.4,6.0,74,15500.0,4849.7,1281.5,0,0
BGH-128,1222.1,1545.6,16.3,1075.3,3,317.6,78.7,12741.7,7,153.4,305.0,5.3,54,16383.4,4926.8,1292.0,0,0
BGH-107,1186.7,1394.4,15.3,1147.9,4,257.8,80.4,13927.4,11,173.1,187.5,4.7,74,15538.2,4718.1,619.3,0,0
BGH-143,1226.8,1258.9,15.9,1041.9,3,257.4,84.5,16905.3,11,43.1,14233.3,3.3,86,15897.9,4995.7,594.3,1,0
BGH-144,1247.4,1369.9,15.3,1154.0,4,253.0,75.9,13683.9,10,177.6,168.8,4.3,54,16390.3,4637.3,568.7,0,0
BGH-142,1253.0,1335.3,17.2,1064.2,3,272.4,78.3,15115.5,9,52.1,9434.3,7.0,54,15571.6,4931.5,1277.9,1,0
BGH-143,1247.0,1385.8,15.1,1006.4,3,277.9,80.5,13597.7,7,154.0,300.3,3.8,54,15279.7,4814.9,751.4,0,0
BGH-132,1275.4,1537.0,14.9,1141.0,1,256.6,78.9,14568.7,8,79.2,3104.8,4.0,74,15390.4,4871.9,760.8,0,0
BGH-116,1256.1,1696.2,15.1,1112.5,1,288.4,75.8,14861.5,9,58.5,7138.4,3.9,74,15471.0,4698.2,921.5,0,0
BGH-147,1231.4,1484.4,15.8,1026.7,5,290.8,79.4,15942.7,8,101.6,1398.8,7.0,74,15340.3,5285.9,1402.6,0,0
BGH-110,1142.8,1720.6,16.6,1072.9,1,302.6,79.8,15331.4,7,130.2,574.8,6.1,100,15276.8,4775.2,1789.3,0,0
BGH-112,1142.8,1290.8,15.8,1186.2,3,318.3,78.8,16430.0,6,93.3,1858.3,7.0,100,14126.7,5228.9,2200.4,0,0
BGH-149,1187.6,1530.6,16.1,1132.9,3,293.4,73.1,15784.2,9,47.6,11554.6,7.1,100,15206.8,4639.5,1597.2,1,1
BGH-110,1202.3,1921.3,16.0,1155.8,4,257.8,77.6,14600.3,6,123.9,691.6,7.2,54,16331.6,4691.9,1051.6,0,0
BGH-130,1269.9,1181.9,14.2,1043.1,4,256.2,83.3,13781.4,6,166.3,220.7,5.2,74,16100.0,4931.7,837.8,0,0
BGH-127,1061.0,1174.2,15.5,1161.3,5,304.4,83.0,13170.8,6,93.7,1832.5,5.1,100,15858.4,4947.2,1071.3,0,0
BGH-143,1148.3,1756.0,15.2,1028.8,3,295.5,81.3,9544.8,6,70.3,4386.8,6.7,54,16376.6,4786.6,1172.0,0,0
BGH-105,1190.3,1544.1,15.4,1030.4,5,261.3,80.5,14769.8,12,102.0,1380.2,4.5,86,16161.6,4857.8,696.7,0,0
BGH-140,1150.2,1379.7,14.8,1141.8,3,267.7,72.3,12713.9,11,46.8,11985.8,3.1,100,15214.6,5148.3,423.8,1,0
BGH-115,1160.1,1274.1,16.2,1033.4,1,302.5,76.9,13247.7,13,154.9,293.5,4.5,54,15781.8,4636.7,1031.4,0,0
BGH-103,1175.0,1492.8,15.5,1175.9,4,289.6,71.7,14398.9,7,155.7,287.5,6.2,64,14973.4,5075.9,1491.2,0,0
BGH-134,1152.7,1526.7,15.5,1037.4,5,291.0,82.3,13957.9,5,122.3,725.5,3.6,100,14903.8,4994.3,762.1,0,0
BGH-147,1161.4,1527.7,15.4,1051.4,2,264.7,74.4,16095.2,10,89.4,2133.3,6.5,86,15874.6,4939.6,1353.4,0,0
BGH-125,1268.2,1272.1,15.0,1157.7,3,294.0,81.5,14666.8,13,152.0,316.3,6.7,54,15200.2,4525.5,1443.7,0,0
BGH-111,1230.7,1432.6,14.1,1069.0,1,303.9,82.2,18253.6,5,117.7,834.4,3.5,100,14414.8,5097.2,1219.2,0,0
BGH-110,1238.2,1386.4,15.7,1139.8,2,312.0,83.4,19388.1,5,155.6,288.2,3.4,100,15448.7,4606.5,1261.2,0,0
BGH-136,1198.3,1629.3,15.6,1044.3,1,301.6,81.3,14387.8,8,128.4,605.7,3.9,64,15828.3,4837.6,982.7,0,0
BGH-124,1250.6,1283.9,15.9,1086.2,1,290.3,78.5,13306.0,5,149.8,335.0,4.6,54,15901.8,4807.0,1171.1,0,0
BGH-117,1242.4,1515.2,15.6,1137.0,3,297.1,79.0,11473.5,13,123.8,693.6,5.4,54,16298.5,4864.0,853.4,0,0
BGH-118,1229.9,2026.8,14.6,1057.7,1,284.0,74.8,18655.6,10,98.0,1579.8,5.2,54,15954.7,4863.9,1580.0,0,0
BGH-122,1167.3,1270.3,14.9,1151.1,5,265.9,72.7,13552.1,9,174.1,183.2,6.8,74,15647.8,4763.2,1040.9,0,0
BGH-137,1177.9,1350.5,16.6,1082.0,2,311.8,72.0,13919.4,9,115.8,884.9,3.6,64,15234.1,4927.9,958.7,0,0
BGH-117,1252.9,1481.2,15.8,1106.0,1,287.3,72.7,13600.7,6,124.7,675.3,6.1,54,15393.9,5069.8,1347.6,0,0
BGH-125,1174.2,911.5,16.1,1049.9,1,291.6,84.0,14346.7,7,70.9,4283.3,5.5,64,15406.8,5447.1,1383.5,0,0
BGH-105,1135.6,1214.6,16.2,1061.5,4,319.3,72.5,14046.1,11,127.6,620.0,6.3,74,15834.3,4514.7,1403.1,0,0
BGH-103,1173.2,1562.1,14.7,1057.8,4,319.0,80.9,16653.6,8,120.0,777.8,4.5,54,15139.7,4755.4,1433.8,0,0
BGH-143,1278.0,1464.9,15.2,1069.6,5,291.0,72.8,9508.4,10,65.9,5239.3,5.1,64,15207.6,4881.1,623.6,0,0
BGH-128,1173.2,1710.9,16.0,1177.3,4,252.4,84.6,14624.7,12,48.3,11191.7,3.1,64,15502.8,4807.8,441.0,1,0
BGH-133,1216.4,1452.4,14.8,1156.0,1,277.7,75.5,16436.0,5,124.6,677.3,3.5,74,16303.0,4890.3,859.0,0,0
BGH-116,1169.2,1434.8,15.2,1122.6,1,315.6,76.2,13619.2,10,146.9,361.7,4.7,64,15880.2,4888.5,1224.7,0,0
BGH-142,1238.2,1359.4,15.1,1067.1,2,270.2,76.1,16176.6,5,113.3,956.9,5.2,74,15063.7,4931.6,1076.6,0,0
BGH-142,1226.8,1431.4,14.9,1057.9,4,319.9,82.2,15179.0,12,71.7,4149.7,3.4,100,14910.7,5250.3,972.5,0,0
BGH-115,1125.4,1257.7,15.4,1051.5,3,255.9,73.3,13564.4,8,133.3,526.0,6.7,64,16461.0,5096.3,920.8,0,0
BGH-101,1213.4,1470.5,15.1,1084.8,4,289.8,82.5,11375.6,9,51.2,9820.3,7.3,74,15818.7,4669.6,1220.0,1,0
BGH-133,1115.9,1305.7,15.2,1114.0,1,286.1,79.9,15813.1,6,101.9,1384.8,5.7,86,15121.4,4700.2,1453.8,0,0
BGH-107,1172.3,1257.8,15.7,1130.7,2,267.9,73.3,15636.6,7,62.9,5929.5,3.2,54,15874.6,4676.2,603.3,0,0
BGH-112,1199.4,1372.1,16.3,1100.7,4,316.4,71.0,13518.7,11,65.8,5260.8,6.3,54,15398.0,4623.5,1522.7,0,0
BGH-141,1292.3,1590.2,16.1,1128.3,2,293.3,81.6,16519.8,11,68.3,4752.9,4.0,54,15468.7,4569.2,982.3,0,0
BGH-107,1215.9,1528.5,15.6,1146.8,4,266.1,73.3,14029.9,12,94.1,1807.1,6.3,74,15603.6,5122.3,1020.7,0,0
BGH-129,1161.6,1633.5,16.8,1081.4,5,276.9,83.3,17068.9,7,47.2,11768.0,5.0,74,14885.9,5065.6,1216.3,1,0
BGH-131,1184.1,1315.4,16.0,1154.9,1,300.5,71.9,15606.0,6,95.7,1709.6,3.2,54,14967.1,4838.2,866.0,0,0
BGH-135,1246.2,1497.4,16.1,1050.8,1,270.8,79.2,17960.0,6,111.6,1009.7,4.3,74,15667.4,4882.4,1108.5,0,0
BGH-146,1162.3,1840.4,15.4,1129.3,3,311.6,80.4,15726.0,10,107.7,1144.2,4.9,64,15155.7,4748.5,1390.9,0,0
BGH-129,1254.8,1779.5,15.2,1101.6,1,261.6,79.9,15056.0,6,93.6,1839.0,6.3,64,15463.5,4603.9,1140.5,0,0
BGH-100,1173.8,1245.1,15.8,1108.8,3,268.5,74.7,11230.8,8,157.5,274.6,3.6,64,14791.1,5072.5,509.0,0,0
BGH-142,1154.2,1298.3,16.2,1081.6,1,260.1,83.1,15107.4,13,60.3,6612.7,4.3,100,15615.6,4958.5,724.5,0,0
BGH-138,1175.4,1839.5,15.6,1162.4,4,257.3,81.5,14521.5,7,110.8,1035.7,3.4,54,15633.5,4705.3,434.0,0,0
BGH-116,1119.2,1590.3,15.0,1069.8,4,271.0,77.7,18230.3,5,48.7,10990.2,5.8,86,15155.4,5210.3,1511.2,1,0
BGH-119,1091.4,1461.9,14.5,1169.4,5,319.9,79.0,15426.9,6,50.0,10363.2,5.1,54,15426.7,5197.1,1505.3,1,0
BGH-123,1195.9,1439.5,14.2,1169.7,4,256.6,78.5,16565.0,11,120.3,770.7,7.2,64,16153.1,4558.5,1171.6,0,0
BGH-149,1196.6,1545.5,15.5,1122.6,2,264.9,84.2,17807.8,13,119.2,796.9,6.3,54,16037.9,4538.9,1147.9,0,1
BGH-121,1212.8,1548.0,16.2,1084.4,4,269.0,83.4,17679.0,13,162.9,239.9,6.5,100,15953.3,4903.1,1287.8,0,0
BGH-128,1195.6,1393.4,13.7,1058.1,3,293.3,73.5,14826.0,8,118.1,824.2,3.7,64,15016.1,5378.9,840.5,0,0
BGH-121,1316.5,1467.4,15.0,1000.3,5,302.2,73.9,19257.9,12,174.4,181.9,4.2,100,15498.6,4744.8,1347.3,0,0
BGH-143,1208.4,1386.4,14.9,1127.0,2,302.6,84.7,13987.8,5,46.8,11985.8,5.3,100,15389.0,5066.9,1418.4,1,0
BGH-108,1131.2,1533.7,15.8,1044.4,2,250.6,73.5,17661.0,10,53.7,8790.0,3.1,100,15547.2,4814.0,551.2,1,0
BGH-136,1144.0,1352.5,15.0,1051.4,1,295.6,84.3,13506.9,12,46.2,12321.2,6.9,64,16051.2,4999.6,1405.7,1,0
BGH-109,1200.0,1246.5,14.5,1127.6,3,294.2,79.7,16720.1,6,65.9,5239.3,6.5,100,16002.8,4470.9,1901.1,0,0
BGH-135,1178.2,1795.1,15.0,1078.5,4,286.2,70.8,13072.4,12,115.8,884.9,3.3,100,15629.6,4764.8,608.4,0,0
BGH-136,1138.6,1486.1,14.9,1110.9,4,276.5,75.0,16237.5,8,130.4,571.5,6.8,86,15982.5,4896.8,1415.6,0,0
BGH-127,1197.1,1839.4,15.5,1123.0,1,305.8,77.1,13292.1,6,46.4,12208.2,3.0,54,15839.1,5014.8,762.9,1,0
BGH-127,1197.8,1113.5,15.3,1180.2,4,274.1,82.5,12926.5,8,172.4,190.7,3.5,86,15009.9,4513.3,559.2,0,0
BGH-141,1279.8,1210.1,15.9,1109.9,2,266.1,74.9,13067.4,12,157.9,271.9,3.2,54,14933.8,4738.9,414.8,0,0
BGH-142,1154.2,1593.4,15.5,1072.5,4,271.7,74.7,15996.0,8,81.5,2847.5,5.2,64,16334.0,4727.3,913.4,0,0
BGH-120,1179.1,1486.3,16.3,1096.2,4,280.8,83.8,15989.0,12,50.8,9997.5,6.5,86,16317.6,4976.8,1320.0,1,0
BGH-123,1279.6,1268.5,15.1,1071.1,2,265.0,71.2,15980.4,11,63.8,5712.1,3.8,74,15866.7,4878.9,786.6,0,0
BGH-141,1216.4,1727.3,16.0,1194.0,3,292.5,78.3,15442.7,9,57.8,7355.6,6.5,64,15529.0,4946.1,1459.7,1,0
BGH-139,1153.9,1326.0,15.8,1118.6,3,311.9,77.6,14031.9,12,57.3,7515.4,3.8,64,16144.6,5206.1,893.2,0,0
BGH-101,1164.3,1739.7,15.3,1129.2,2,291.7,70.9,13557.2,6,112.6,978.2,7.5,54,15244.6,4837.5,1761.2,0,0
BGH-107,1139.3,1485.9,16.1,1167.6,2,281.3,71.3,12929.9,7,74.4,3732.8,6.8,54,15383.9,4993.5,1320.2,0,0
BGH-147,1203.9,1286.0,14.9,1057.6,5,305.8,75.7,12810.1,8,90.1,2080.6,6.3,100,14955.2,5089.8,1413.4,0,0
BGH-126,1251.6,1366.3,16.5,1028.7,5,302.4,72.0,17426.1,9,178.5,165.3,5.7,74,15237.3,4836.6,1676.0,0,0
BGH-121,1281.5,1774.4,14.9,1098.9,4,275.7,77.2,12882.3,9,135.8,490.1,4.1,64,15510.2,4810.8,672.0,0,0
BGH-136,1125.7,1440.5,14.4,1028.8,4,292.3,79.1,13135.7,5,172.9,188.4,3.5,64,15068.1,5082.4,765.0,0,0
BGH-126,1243.5,1694.5,14.4,1079.4,5,301.1,80.4,13003.7,5,60.0,6697.2,5.1,86,15760.3,4991.6,1069.7,1,0
BGH-128,1208.2,1780.1,15.6,991.1,4,267.2,78.2,12346.6,5,93.5,1845.4,4.8,54,15754.6,5112.8,731.3,0,0
BGH-102,1186.9,1483.9,15.0,1032.4,3,275.6,75.7,15609.3,9,117.7,834.4,6.0,86,15930.9,4961.5,1348.2,0,0
BGH-143,1179.1,1455.4,15.6,1161.1,3,257.4,71.9,13928.2,6,50.7,10042.4,3.8,54,16028.6,4849.5,634.4,1,0
BGH-112,1104.0,1419.0,14.6,1120.2,1,319.1,73.7,14672.4,7,40.6,16022.7,5.5,54,16031.2,4954.0,1544.0,1,0
BGH-144,1231.9,1570.4,15.9,1189.9,5,256.0,76.3,14766.9,12,133.9,517.1,6.1,86,16095.7,4678.2,771.9,0,0
BGH-109,1134.1,1801.2,15.6,1098.4,3,261.8,83.9,15577.3,12,129.9,579.8,4.3,86,15753.7,4459.4,660.1,0,0
BGH-135,1162.6,1254.6,15.1,1096.5,1,283.6,73.0,15202.5,6,97.5,1607.0,6.5,86,15332.6,5041.4,1473.4,0,0
BGH-108,1220.9,1543.8,16.0,1110.8,2,310.6,76.2,17367.6,12,108.6,1111.4,4.9,54,16493.9,4680.5,1345.8,0,0
BGH-126,1109.2,1535.2,16.0,1279.4,3,274.9,81.0,13664.2,13,98.2,1569.0,3.7,74,14831.6,4974.2,588.3,0,0
BGH-133,1134.0,1139.2,15.6,1152.6,1,303.8,80.6,13815.7,10,43.4,14034.3,3.9,86,14862.1,4942.3,946.4,1,0
BGH-100,1260.9,1322.5,16.2,1058.0,4,297.3,84.5,14822.1,5,87.0,2325.8,4.3,54,15126.2,4976.4,1116.2,0,0
BGH-131,1206.1,1363.5,16.4,1120.4,1,294.7,72.9,14853.4,7,64.8,5481.1,3.7,86,14064.5,4681.7,1037.6,0,0
BGH-124,1166.9,1652.8,14.9,1107.6,3,309.2,70.2,12034.1,9,53.8,8751.4,5.5,74,15352.3,4608.2,1163.9,1,0
BGH-128,1206.3,1687.8,16.4,1136.0,4,251.0,74.8,11846.7,7,173.9,184.0,7.3,74,16000.9,4802.8,972.4,0,0
BGH-106,1233.5,1124.9,14.8,1193.7,4,315.0,72.2,14718.4,7,123.9,691.6,7.0,100,15178.9,4912.1,1971.2,0,0
BGH-148,1256.2,1627.8,16.1,1129.4,1,308.0,78.2,17771.6,13,142.0,412.8,4.5,100,15400.5,4990.1,1530.1,0,0
BGH-102,1144.4,1602.0,16.3,1081.5,1,315.7,83.5,17969.5,9,84.2,2576.2,6.9,74,14847.5,4758.2,2366.2,0,0
BGH-119,1148.8,1615.7,15.4,1193.2,3,305.6,80.3,12765.6,12,95.0,1751.5,7.3,86,15107.4,4656.5,1684.1,0,0
BGH-119,1230.4,1530.5,15.5,1034.7,4,311.5,72.0,14139.0,11,73.2,3911.9,4.3,100,15663.2,5065.3,1017.3,0,0
BGH-129,1232.0,1690.1,15.3,1086.4,5,264.2,71.7,15325.0,8,53.6,8828.7,7.1,54,16261.7,5166.2,1140.5,1,0
BGH-134,1132.8,1734.3,14.8,1145.1,1,272.3,83.7,15607.8,7,65.1,5413.9,7.5,74,15901.7,4942.6,1638.7,1,0
BGH-134,1150.6,1173.2,15.0,1060.5,5,272.1,77.3,13052.8,7,151.7,318.8,6.6,86,16205.1,5028.2,1004.1,0,0
BGH-148,1190.3,1490.3,15.9,1097.4,5,257.6,83.9,18405.0,6,134.9,502.6,4.8,54,15613.7,4509.1,994.9,0,0
BGH-138,1201.2,1449.1,16.2,1064.9,4,301.1,81.0,13859.5,9,116.6,863.2,5.7,74,15767.0,5074.9,1383.5,0,0
BGH-126,1202.6,1385.5,15.5,1098.1,3,259.5,84.9,15737.8,6,106.5,1189.8,4.6,74,15317.2,4773.0,889.4,0,0
BGH-125,1132.0,1409.1,14.7,1065.0,5,253.7,83.1,14341.5,6,169.1,206.3,7.5,86,15502.8,4724.7,1115.0,0,0
BGH-113,1202.1,1537.4,14.6,1104.0,3,304.3,76.2,14351.3,8,50.2,10270.3,3.3,86,15295.8,5214.8,906.1,1,0
BGH-116,1164.1,1240.7,15.4,1083.5,1,313.3,81.4,16513.4,10,79.3,3093.0,7.0,64,16037.3,4800.8,2211.6,0,0
BGH-117,1141.7,1634.1,15.1,1166.4,4,303.5,77.1,16970.0,10,89.0,2164.0,3.3,86,15222.0,5066.5,917.5,0,0
BGH-144,1199.5,1426.2,16.4,1119.3,2,307.8,73.5,16361.5,12,149.5,337.6,3.2,54,14933.2,4872.9,907.9,0,0
BGH-128,1194.4,1674.9,14.9,1136.9,4,291.7,73.6,13233.7,10,179.0,163.4,7.2,100,16005.5,4514.8,1314.2,0,0
BGH-119,1240.1,1376.0,16.0,1107.2,2,312.1,76.0,12308.8,10,73.7,3836.1,6.9,86,14823.2,5038.5,1510.3,0,0
BGH-126,1157.0,1365.2,15.0,1078.3,1,284.8,71.7,20320.6,8,162.4,242.9,4.6,86,15737.6,4923.8,1414.1,0,0
BGH-117,1211.8,1310.9,15.3,1116.7,3,319.2,72.7,15613.9,9,156.3,283.1,7.3,100,14971.2,4915.3,2142.5,0,0
BGH-103,1121.6,1377.1,15.6,1110.1,1,257.2,77.5,13204.3,11,71.5,4182.7,6.9,100,16209.3,4854.8,906.9,0,0
BGH-100,1186.3,1339.7,15.9,978.9,4,306.6,84.3,16884.4,13,95.9,1697.8,7.1,74,16295.8,5147.0,1797.3,0,1
BGH-149,1223.2,1586.9,15.8,1101.7,2,294.9,78.7,13188.2,8,97.4,1612.5,5.7,74,14964.2,4905.6,1358.5,0,0
BGH-100,1227.4,1709.4,15.1,1133.6,2,290.6,76.1,18936.8,5,177.0,171.2,7.3,100,16549.1,4373.6,2239.3,0,0
BGH-125,1227.7,1577.6,15.6,1064.2,4,300.8,73.6,14184.6,10,65.3,5369.7,6.6,100,16054.5,5181.8,1599.4,0,0
BGH-144,1240.2,1484.5,15.2,1143.4,4,308.8,72.9,16717.8,6,151.9,317.1,7.2,100,15918.8,4938.4,2181.9,0,0
BGH-119,1177.7,1597.4,14.4,1117.8,1,310.4,79.9,14910.2,11,86.8,2342.7,4.3,54,15133.3,4742.1,1221.2,0,0
BGH-122,1224.8,1492.7,15.7,1080.2,5,262.3,82.7,11951.8,10,142.3,409.4,5.4,64,16343.4,5012.8,628.8,0,0
BGH-109,1293.4,1505.7,16.5,1127.1,2,263.8,76.0,13032.1,13,98.8,1537.3,6.9,54,15981.3,4551.0,990.3,0,0
BGH-110,1176.6,1438.7,16.7,1081.6,4,251.1,78.3,13464.9,10,121.0,754.5,5.6,64,15875.4,4412.8,858.5,0,0
BGH-140,1269.0,1667.3,15.8,1113.8,1,259.2,80.6,13630.4,10,156.6,281.0,6.6,74,16744.6,5034.8,973.6,0,1
BGH-140,1243.8,986.8,15.7,1087.0,5,268.5,70.9,15374.9,8,152.6,311.4,7.4,100,16125.1,5038.4,1301.3,0,1
BGH-104,1186.7,1073.4,13.4,1127.5,3,300.5,75.3,10136.4,13,161.3,249.6,6.6,54,15783.1,5096.0,952.1,0,1
BGH-100,1190.9,1705.4,17.7,1167.3,4,283.3,80.9,15388.5,7,48.3,11191.7,4.4,100,15436.8,4824.2,1056.9,1,0
BGH-116,1205.9,1460.7,16.6,1078.2,5,303.1,80.3,11048.4,5,136.9,475.2,3.5,100,14933.4,4881.5,739.8,0,0
BGH-121,1241.0,1683.4,16.1,1145.1,3,284.1,70.8,15715.9,12,59.6,6811.7,4.2,100,15736.9,4809.0,824.4,0,0
BGH-133,1220.1,1378.4,15.6,1085.1,3,288.9,73.6,13398.9,12,98.2,1569.0,6.0,54,15552.0,4586.5,1119.2,0,0
BGH-144,1176.3,1834.8,13.7,1085.4,1,257.8,80.2,15269.2,5,116.8,857.9,3.0,100,16023.1,4854.9,598.0,0,0
BGH-140,1095.9,1472.7,15.6,1080.2,2,304.4,74.1,12332.1,13,96.4,1668.8,3.9,74,15975.8,4866.6,801.1,0,0
BGH-128,1233.6,1589.9,15.5,1015.6,4,303.1,82.2,13741.3,6,112.7,975.1,4.5,64,15228.0,4680.0,1038.7,0,0
BGH-103,1103.4,1410.6,14.4,1125.0,5,271.5,70.4,10907.2,10,179.5,161.6,6.9,86,15909.0,5095.2,804.3,0,0
BGH-104,1131.7,1320.6,15.9,1114.2,3,273.0,72.9,12507.6,13,58.9,7017.6,3.2,74,14879.6,4761.5,422.2,0,0
BGH-110,1179.9,1151.8,16.5,1108.1,2,265.4,74.2,17802.9,10,134.6,506.9,3.2,64,14246.6,5228.4,730.4,0,0
BGH-120,1139.3,1657.1,15.8,1177.7,3,307.0,83.9,17855.7,11,95.4,1727.4,5.5,86,15685.3,5093.1,1772.7,0,0
BGH-134,1215.9,1579.1,15.8,1183.2,4,302.3,81.9,12511.6,13,58.6,7108.0,3.8,100,15071.6,4977.1,821.1,0,0
BGH-111,1185.2,1518.7,15.8,1165.4,4,292.6,83.3,14322.9,9,62.2,6105.2,4.1,74,15765.5,4636.1,828.3,0,0
BGH-125,1239.3,1272.3,15.2,1088.2,1,266.7,76.6,15916.7,5,172.9,188.4,3.8,86,14964.0,5064.9,858.3,0,0
BGH-118,1119.6,1783.1,16.1,1085.7,4,262.0,82.3,15161.0,13,163.1,238.7,5.6,86,15703.3,5240.8,856.2,0,0
BGH-144,1166.9,1521.2,16.7,1049.1,4,253.5,82.8,13848.2,11,167.0,217.0,3.2,86,15439.9,4771.6,433.9,0,0
BGH-106,1200.2,1640.6,15.5,1103.1,4,253.2,76.0,11885.8,12,178.8,164.2,7.2,100,16043.8,4866.0,831.1,0,0
BGH-146,1202.1,1499.4,14.9,1100.4,2,263.1,84.9,16754.1,6,69.2,4584.0,3.6,64,14408.1,4867.6,967.1,0,0
BGH-106,1234.7,1282.1,14.4,1126.9,5,257.0,82.8,13984.3,9,89.8,2103.0,7.3,64,16254.8,4481.1,1314.4,0,0
BGH-125,1154.3,1698.5,15.9,1046.6,5,288.9,84.6,11709.1,12,133.7,520.0,6.5,74,15656.5,4869.1,1037.4,0,0
BGH-139,1176.6,1590.2,16.0,1081.3,4,275.1,83.0,14909.6,11,107.7,1144.2,6.7,100,15111.9,4803.3,1364.1,0,0
BGH-104,1225.4,1463.7,15.8,1015.3,5,281.1,81.6,14312.9,11,98.6,1547.8,3.8,64,16087.1,4644.3,636.9,0,0
BGH-120,1090.1,1586.7,15.3,1064.2,4,291.6,84.2,13982.7,8,90.1,2080.6,6.0,74,16211.8,5074.9,1278.3,0,0
BGH-113,1219.2,1663.5,15.7,1144.6,5,296.1,76.3,15253.1,6,123.1,708.3,6.7,64,15736.6,4709.6,1573.0,0,0
BGH-103,1238.2,1632.0,15.1,1044.9,5,295.4,81.8,14574.3,7,120.6,763.7,5.5,54,15461.0,4776.2,1290.8,0,0
BGH-122,1133.3,1157.7,14.9,1187.2,3,268.3,73.2,17242.6,13,62.6,6004.1,5.5,100,15573.1,4980.5,1091.7,1,0
BGH-141,1184.2,1202.0,14.7,1150.4,2,306.7,81.0,13173.5,8,106.0,1209.3,3.7,54,14773.9,4707.4,932.6,0,0
BGH-119,1274.6,1646.6,14.7,1125.1,3,314.2,81.8,13458.4,5,117.5,839.6,4.9,64,15338.7,5075.8,1261.7,0,0
BGH-114,1233.0,1360.8,15.9,1166.7,3,272.1,80.7,16543.1,8,119.8,782.5,3.7,64,14400.9,4961.1,873.6,0,0
BGH-149,1222.3,1290.3,15.3,1093.9,5,251.2,82.7,19990.7,12,69.4,4547.4,7.4,54,16850.9,4793.4,1245.9,0,0
BGH-144,1249.5,1574.4,15.0,1063.1,1,312.9,76.2,19677.7,12,143.9,392.0,6.1,100,15137.3,5144.8,2181.1,0,0
BGH-128,1290.2,1284.2,14.4,1095.2,1,314.6,78.2,16463.8,6,43.5,13968.6,3.2,74,14479.7,4850.0,1008.0,1,0
BGH-107,1200.9,1404.2,16.0,1014.1,2,253.6,70.2,14298.9,8,89.7,2110.5,5.1,86,14994.0,4691.5,927.8,0,0
BGH-140,1179.6,1670.5,16.4,1159.5,4,250.3,72.2,13931.9,11,149.2,340.3,5.9,54,16104.2,4258.0,636.0,0,0
BGH-147,1249.4,1197.2,14.7,1082.6,5,307.1,79.7,14225.8,12,118.9,804.3,3.4,100,15501.9,4782.8,797.7,0,0
BGH-118,1190.6,1226.3,15.4,1062.2,2,271.1,78.4,11517.6,5,76.6,3428.4,6.0,100,15392.8,4845.7,1057.2,0,0
BGH-147,1153.6,1177.8,14.8,1068.0,3,314.0,73.0,16365.9,12,137.3,469.9,3.8,86,15025.1,4820.1,1052.3,0,0
BGH-138,1173.0,1327.8,15.4,1100.8,5,265.2,73.7,17642.7,5,119.4,792.1,4.8,74,15095.2,4947.8,1067.5,0,0
BGH-145,1215.6,1516.5,16.0,1106.0,3,310.3,75.2,14729.9,10,151.5,320.4,5.8,74,15949.5,4640.6,1478.1,0,0
BGH-127,1177.5,1376.2,16.8,1092.7,2,254.8,80.7,19185.8,9,142.9,402.8,4.6,64,15838.1,4806.5,1111.1,0,0
BGH-145,1181.3,1800.7,15.1,1092.5,1,268.2,79.1,20452.2,11,125.4,661.4,4.7,64,15759.3,5000.7,1070.4,0,0
BGH-126,1148.6,1591.1,16.1,1127.5,2,318.1,71.0,16770.2,10,108.3,1122.2,6.8,54,14941.3,5073.8,2181.8,0,0
BGH-103,1271.8,1496.2,16.1,1045.1,5,266.2,81.4,13659.3,5,58.6,7108.0,4.4,74,15315.0,5205.9,711.5,1,0
BGH-114,1182.9,1753.5,15.4,1111.3,5,259.3,73.9,13283.6,10,76.6,3428.4,5.9,54,15643.0,4706.2,780.1,0,0
BGH-134,1164.4,1233.8,16.4,1084.1,4,310.0,80.1,16548.1,7,98.7,1542.5,6.8,64,16412.2,4638.7,2069.8,0,1
BGH-136,1169.7,1673.3,15.2,1000.1,1,258.2,71.9,17106.6,10,123.9,691.6,3.7,54,15499.3,5082.0,779.8,0,0
BGH-100,1240.1,1452.7,15.8,1045.8,5,256.8,85.0,13686.3,11,111.9,1000.1,3.2,86,15212.7,4920.5,424.7,0,0
BGH-102,1228.7,1408.9,15.0,1060.4,1,272.6,71.2,12680.9,10,80.3,2978.5,6.7,54,16725.8,4725.5,1007.5,0,0
BGH-146,1174.9,1622.2,15.9,1183.5,5,294.5,81.1,11578.6,13,40.9,15795.1,5.5,64,15971.4,4671.4,902.0,1,0
BGH-123,1201.6,1417.5,15.8,1122.6,1,299.8,78.1,12912.7,13,109.5,1079.7,6.7,64,16008.9,4676.1,1439.5,0,0
BGH-126,1213.8,1536.4,16.4,1113.5,2,311.7,71.3,14163.6,12,80.0,3012.3,4.0,86,15967.7,4871.6,1083.9,0,0
BGH-139,1164.8,1480.0,17.0,1075.7,1,287.9,70.4,17180.9,9,142.8,403.9,6.7,86,16110.5,5410.3,1861.7,0,0
BGH-135,1123.0,1561.3,16.2,1074.4,3,277.5,75.4,13854.6,7,43.4,14034.3,3.4,74,15172.5,4923.1,588.3,1,0
BGH-133,1225.8,1398.6,16.0,1040.9,2,275.1,82.0,8864.9,8,121.9,734.3,7.0,86,15612.9,5035.3,930.3,0,0
BGH-128,1167.6,1685.4,15.2,1083.7,5,309.3,70.6,13689.5,12,171.8,193.4,6.7,86,15759.9,4686.7,1624.3,0,0
BGH-123,1222.0,1091.2,13.7,1168.8,5,300.7,80.6,14333.7,13,64.4,5572.2,5.6,74,15604.6,4457.7,1224.9,0,0
BGH-123,1216.1,1628.2,16.5,1034.1,4,313.4,79.8,14289.9,12,106.0,1209.3,5.7,86,14570.7,5037.6,1454.5,0,0
BGH-141,1202.8,1121.8,17.0,1070.7,3,317.5,74.0,9833.1,7,52.8,9146.0,4.6,100,14659.6,4724.0,865.4,1,0
BGH-103,1178.7,1349.3,15.8,1146.3,4,271.0,71.2,14317.7,11,127.6,620.0,3.9,100,15451.0,4708.1,706.2,0,0
BGH-102,1168.3,1604.5,14.7,1146.2,2,287.1,83.7,17640.1,12,117.1,850.0,5.0,100,14599.0,4902.8,1386.8,0,0
BGH-133,1143.1,1097.3,16.6,1064.0,4,294.2,74.5,14067.7,7,97.0,1634.7,6.0,86,14884.7,5187.8,1412.3,0,0
BGH-148,1169.3,1533.3,16.4,1158.2,2,261.5,71.7,13650.4,5,113.0,966.0,7.5,64,15597.2,5014.4,1371.1,0,0
BGH-122,1228.4,1225.7,13.9,1078.3,4,253.7,80.2,13455.7,11,165.5,225.1,6.7,64,16073.5,4655.4,874.1,0,0
BGH-122,1269.9,1306.2,15.6,1042.5,1,310.7,73.3,15306.4,7,67.5,4909.0,5.0,74,15698.5,4984.1,1464.3,0,0
BGH-144,1262.6,1297.0,15.7,1174.9,2,287.5,77.1,11953.4,5,43.2,14166.6,6.3,64,16107.2,4968.5,1082.5,1,0
BGH-104,1207.3,1231.3,14.2,1104.6,2,290.0,70.8,12733.0,11,160.6,254.0,3.5,64,15514.4,5032.6,637.9,0,0
BGH-130,1269.9,1154.1,14.6,1091.6,1,288.8,84.9,17244.2,11,120.8,759.1,4.9,74,16002.0,4834.5,1218.1,0,0
BGH-140,1184.7,1914.2,16.4,1108.7,1,302.8,76.7,16342.1,8,164.7,229.5,4.9,100,15005.4,5024.4,1532.1,0,0
BGH-105,1135.4,1463.5,15.6,1051.5,3,260.2,85.0,13915.2,6,123.6,697.8,7.5,74,15460.5,4914.4,1224.0,0,0
BGH-136,1296.0,1252.5,14.7,1071.9,1,293.0,75.8,15972.7,9,153.4,305.0,4.8,64,15407.5,4981.8,1103.7,0,0
BGH-109,1226.6,1387.6,15.0,1171.8,4,282.9,75.2,13160.7,13,100.2,1466.2,3.4,64,15761.1,4683.8,528.9,0,0
BGH-139,1123.3,1507.3,14.5,1193.0,1,312.8,83.7,13135.8,10,145.0,380.6,3.3,74,15666.6,4950.4,829.4,0,0
BGH-106,1278.0,1424.3,15.6,1044.3,1,286.4,74.9,13095.1,13,167.8,212.8,6.1,86,16259.9,5060.9,1141.7,0,0
BGH-138,1162.8,1246.6,16.1,1080.5,2,316.0,76.5,11860.4,5,120.1,775.4,4.3,64,15610.6,4497.3,975.8,0,0
BGH-137,1173.7,1320.2,16.4,1100.2,2,274.7,71.2,14810.6,6,65.3,5369.7,6.9,64,16687.3,5101.0,1486.1,0,0
BGH-120,1251.1,1737.1,15.0,1110.0,1,317.7,84.3,18980.3,10,77.6,3299.5,5.2,74,15795.4,5090.9,1888.3,0,0
BGH-119,1268.1,1219.5,15.2,1052.5,3,311.3,71.3,11004.8,7,67.8,4849.8,4.5,64,15320.5,5010.8,947.5,0,0
BGH-102,1150.0,1100.6,15.9,1132.5,2,290.9,81.6,18372.0,6,74.6,3703.9,6.4,86,16098.4,4980.4,1872.3,0,0
BGH-121,1273.5,1422.4,16.3,1136.3,4,274.8,78.1,9569.9,10,82.9,2702.9,4.9,86,16360.5,4885.8,592.1,0,0
BGH-146,1243.7,1113.7,15.8,1142.5,4,276.3,70.9,15998.2,11,117.7,834.4,6.3,74,14970.6,4670.5,1390.2,0,0
BGH-103,1160.0,1318.0,16.5,1137.6,1,304.1,70.0,11285.6,8,122.3,725.5,6.2,54,15273.6,4853.7,1338.7,0,0
BGH-127,1187.7,1249.6,17.0,1104.1,1,290.6,84.0,16022.3,13,99.7,1491.1,6.3,100,15162.0,4875.8,1440.6,0,0
BGH-111,1275.8,1251.4,14.2,1149.5,3,278.1,81.1,13374.2,7,126.2,646.0,6.9,86,15727.1,4789.3,1193.8,0,0
BGH-137,1122.0,1513.9,16.7,1127.2,1,294.5,80.3,16436.3,6,51.4,9733.0,6.8,86,15290.7,4963.7,2037.1,1,0
BGH-135,1269.0,1551.4,16.5,1025.8,5,301.3,76.6,13390.5,9,52.3,9350.9,6.0,100,15825.6,4954.5,1273.9,1,0
BGH-146,1242.3,1338.8,14.6,1026.2,5,251.6,73.6,15986.5,13,64.1,5641.6,7.3,74,16940.6,4745.2,979.6,1,1
BGH-140,1225.5,1481.1,15.9,1115.4,1,256.3,80.2,14567.1,5,112.5,981.3,3.1,64,15999.8,5035.0,571.9,0,0
BGH-104,1206.6,1328.9,16.0,1164.3,5,256.6,79.1,17416.3,10,70.0,4439.6,7.2,74,16606.2,4896.0,1157.2,0,1
BGH-112,1298.5,1580.2,14.6,1122.3,4,266.2,80.9,14611.5,12,79.7,3046.6,3.7,54,15628.0,4695.0,641.1,0,0
BGH-122,1305.9,1204.5,15.5,1129.4,1,279.9,75.5,15413.5,11,96.0,1691.9,4.0,54,14976.5,5147.6,854.3,0,0
BGH-149,1169.2,1533.0,15.6,1047.0,4,306.3,84.8,15111.0,10,153.7,302.6,6.7,100,16122.6,4769.1,1937.1,0,0
BGH-129,1230.6,1548.2,14.6,1103.4,4,274.6,71.0,16746.0,7,41.9,15062.3,4.8,54,16169.7,4968.1,1143.9,1,0
BGH-136,1293.7,1967.2,15.2,1157.1,5,251.2,71.2,16861.2,13,130.9,563.4,4.9,54,14239.0,4780.0,698.4,0,0
BGH-124,1160.7,1149.1,16.6,1122.3,3,283.8,83.8,15071.8,9,133.6,521.5,4.2,100,16553.9,4906.7,822.5,0,0
BGH-147,1212.2,2031.2,16.8,1105.2,4,319.8,79.7,11526.9,5,151.8,317.9,4.0,100,14563.0,5183.4,882.2,0,0
BGH-126,1250.2,1651.3,14.6,1129.7,5,274.4,74.9,13041.5,13,170.6,199.0,3.5,100,15039.0,4873.0,525.5,0,0
BGH-113,1099.3,1865.5,13.4,1111.3,3,317.3,81.4,16561.2,13,42.8,14435.6,3.9,100,15650.5,5006.6,1125.2,1,0
BGH-147,1241.4,1681.1,16.5,1158.7,5,257.1,76.8,11894.3,5,61.5,6286.8,5.6,100,15289.5,5045.5,672.8,0,0
BGH-146,1145.6,1311.3,17.0,1111.3,5,262.1,70.3,13519.3,11,164.1,232.9,6.2,86,15910.3,4977.9,849.2,0,0
BGH-135,1209.6,1631.6,16.2,1098.5,1,300.7,79.8,13771.3,13,104.2,1283.0,6.3,64,15009.4,4989.1,1451.6,0,0
BGH-138,1257.2,1366.9,15.3,1047.6,2,285.1,73.6,14523.8,6,119.0,801.8,4.7,100,15783.4,5333.3,1098.0,0,0
BGH-115,1080.5,1482.4,14.6,1160.7,3,303.6,71.7,14238.2,10,132.8,533.5,7.1,64,15513.0,4892.7,1722.2,0,0
BGH-121,1239.3,1265.1,16.0,1053.0,5,310.4,73.4,15063.9,5,135.1,499.8,4.5,54,15137.2,5135.7,1297.0,0,0
BGH-120,1301.9,1364.3,16.3,1111.9,4,267.6,77.1,12850.7,7,170.4,199.9,3.5,86,15815.0,5446.3,523.4,0,0
BGH-120,1173.3,1679.4,15.0,1140.0,4,297.8,70.7,13249.2,9,179.6,161.2,7.3,100,15400.2,4766.5,1762.8,0,0
BGH-107,1228.8,1587.6,15.7,1189.5,2,292.5,83.2,18540.8,11,140.8,426.5,5.4,86,16106.7,5208.8,1362.8,0,0
BGH-148,1266.8,1704.8,15.2,1111.3,3,310.3,78.4,17792.9,9,80.2,2989.7,7.4,74,15277.0,4975.5,2324.9,0,1
BGH-115,1120.4,1220.4,16.1,1169.6,1,280.1,74.4,16014.7,12,163.2,238.1,4.8,64,15146.6,5231.2,958.9,0,0
BGH-130,1237.9,1125.9,13.9,1101.4,3,253.6,80.3,16218.4,9,46.9,11930.9,6.4,100,15996.3,4853.1,1089.9,1,0
BGH-141,1251.2,1720.3,15.8,1072.0,4,290.2,82.1,15511.3,10,72.4,4036.7,3.5,64,15549.3,5102.0,809.5,0,0
BGH-109,1231.9,1705.5,15.2,1238.3,4,317.1,79.2,14858.1,6,165.6,224.5,6.8,64,15491.8,4620.3,1933.1,0,0
BGH-131,1204.3,1542.3,17.0,1039.1,1,251.0,73.0,13224.3,9,75.9,3522.1,3.8,74,15265.9,4663.6,546.4,0,0
BGH-133,1150.0,1583.8,15.7,1246.1,1,266.8,71.7,17861.2,11,70.9,4283.3,3.3,64,14860.5,5051.2,762.5,0,0
BGH-108,1269.6,1673.0,16.1,1181.4,4,272.1,82.9,18698.7,5,59.3,6899.1,3.4,54,15499.1,5052.5,785.9,0,0
BGH-116,1201.7,1536.3,14.7,1071.3,5,303.6,73.5,13854.6,13,160.3,255.9,5.5,64,15677.8,4724.3,1040.5,0,0
BGH-110,1154.8,1607.3,15.3,1132.5,5,272.6,70.3,17155.3,13,110.0,1062.5,4.3,74,15415.5,5038.5,889.5,0,0
BGH-131,1184.1,1663.0,15.8,1030.1,1,266.7,79.6,14083.3,12,134.5,508.4,7.3,74,16714.8,4911.8,1308.0,0,0
BGH-109,1218.4,1481.3,15.2,1129.7,5,295.4,72.3,13361.7,13,73.5,3866.2,6.8,100,15378.7,4971.8,1285.1,0,0
BGH-121,1121.9,1430.9,15.3,1116.1,1,253.2,84.9,14062.1,9,146.1,369.5,6.6,54,16989.5,5020.7,948.0,0,0
BGH-116,1200.9,1576.4,15.7,1143.3,3,261.9,83.0,14179.5,11,146.4,366.6,6.6,64,15616.2,4583.7,1219.6,0,0
BGH-103,1179.2,1952.9,14.1,1079.8,3,278.6,79.1,16127.5,5,83.8,2614.4,7.0,74,16223.6,5032.9,1772.3,0,0
BGH-147,1266.8,1330.5,15.1,1108.0,3,274.9,82.5,14032.0,11,97.5,1607.0,6.9,74,16045.3,4925.6,1142.7,0,1
BGH-146,1106.3,1413.9,16.1,1123.8,1,274.3,77.1,16631.5,13,69.4,4547.4,7.2,64,16481.1,4686.7,1509.4,0,0
BGH-124,1246.9,1148.7,15.2,1075.6,1,257.6,81.8,13460.6,7,176.7,172.4,7.2,64,17069.6,4562.1,1040.6,0,0
BGH-120,1270.9,1587.0,17.4,1170.3,5,275.3,79.7,14802.0,13,130.4,571.5,4.3,100,15714.6,4794.8,720.0,0,0
BGH-136,1108.1,1394.0,15.6,1106.5,5,305.9,70.4,12656.0,9,170.8,198.0,4.0,100,14967.4,4858.0,824.5,0,0
BGH-137,1114.1,1219.9,14.0,1117.2,5,279.0,84.2,12313.2,13,82.5,2743.3,5.9,54,14860.0,4788.6,1015.6,0,0
BGH-148,1289.3,1487.3,15.9,1058.4,2,291.0,82.9,15654.7,12,149.5,337.6,3.6,100,15112.7,4962.7,882.4,0,0
BGH-100,1154.8,1798.9,14.7,1017.4,1,261.5,84.3,15137.1,11,147.2,358.8,4.0,100,16253.3,5103.5,565.2,0,0
BGH-124,1354.7,1429.6,15.8,1032.7,3,254.9,81.0,13999.7,10,136.8,476.5,6.5,86,16477.4,4910.1,1075.6,0,0
BGH-135,1109.7,1447.9,15.0,1129.8,3,311.6,76.2,13066.4,6,175.2,178.5,5.9,64,16075.4,4703.6,1475.0,0,0
BGH-116,1208.5,1791.1,15.1,1060.5,2,273.2,73.1,12598.2,11,95.1,1745.4,5.9,100,15545.4,4945.6,1049.9,0,0
BGH-140,1198.8,1499.0,16.3,1136.4,2,274.5,72.7,15636.7,6,58.3,7199.7,7.3,86,16284.6,4781.3,1662.3,1,0
BGH-123,1189.6,1258.5,14.2,1182.7,3,311.4,72.2,13541.2,10,134.0,515.6,6.0,86,15750.7,4824.5,1506.4,0,0
BGH-101,1223.1,1637.8,15.1,1138.5,1,299.5,73.3,18190.5,10,142.1,411.6,4.9,100,15042.7,4806.4,1455.6,0,0
BGH-139,1226.0,1724.9,15.0,1121.3,3,302.9,78.3,15285.7,13,120.5,766.0,4.3,74,15182.8,4975.0,1093.7,0,0
BGH-114,1191.6,1459.9,16.6,1132.8,3,297.7,80.3,15989.0,8,69.0,4620.9,4.5,100,16300.2,4941.5,1300.3,1,0
BGH-131,1149.3,1526.1,15.2,1155.2,2,257.4,74.7,17755.0,13,110.6,1042.4,4.3,100,15028.7,4732.0,666.4,0,0
BGH-138,1252.4,1237.8,14.7,1115.6,2,317.1,78.2,13281.3,6,83.7,2624.1,3.2,64,15775.9,5024.8,813.1,0,0
BGH-105,1231.4,1325.9,15.7,1133.2,5,313.6,75.1,15835.7,9,99.8,1486.1,4.2,74,14862.9,4889.3,1107.9,0,0
BGH-100,1205.7,1433.4,14.8,1071.7,2,266.5,80.4,15942.1,7,130.3,573.2,6.8,54,15766.5,4790.7,1590.3,0,0
BGH-146,1229.8,1515.4,14.9,1051.2,3,306.3,84.8,13904.3,10,144.3,387.8,6.3,100,16316.1,4929.1,1653.8,0,0
BGH-122,1238.4,1376.1,16.1,1074.7,5,278.7,80.3,11868.8,6,72.5,4020.9,5.8,100,15903.6,4834.9,915.0,0,0
BGH-138,1161.9,1425.8,13.2,1083.7,3,297.9,70.9,10626.0,13,96.7,1651.7,7.1,64,15641.6,4775.6,1230.7,0,0
BGH-116,1228.0,1475.2,14.7,1081.6,1,261.6,77.2,13125.9,8,77.7,3287.0,4.2,54,15474.7,5086.1,609.2,0,0
BGH-133,1172.3,1300.4,15.0,1157.3,1,287.7,81.6,17171.8,11,67.8,4849.8,5.6,86,16228.7,5099.4,1481.7,1,0
BGH-140,1240.1,1446.2,16.7,964.2,2,258.9,78.1,13374.8,9,149.7,335.9,3.1,74,15759.5,4814.4,503.8,0,0
BGH-128,1190.4,1731.2,15.9,1089.3,5,287.5,84.3,16861.6,12,167.3,215.4,7.0,54,16424.8,4900.8,1480.9,0,0
BGH-108,1230.6,1380.8,15.5,1137.2,4,267.1,70.8,13416.1,8,91.8,1958.9,5.0,100,16149.5,4801.2,796.4,0,0
BGH-112,1178.3,1319.8,15.4,1135.3,1,281.7,74.4,15031.2,11,145.2,378.5,3.8,86,15842.9,4865.2,840.4,0,0
BGH-105,1233.2,1917.0,15.6,1059.1,1,296.8,73.3,16000.5,9,165.6,224.5,4.1,64,15487.5,4821.4,1221.6,0,0
BGH-105,1151.1,1545.1,15.7,1186.9,1,311.4,81.5,17003.0,7,158.5,267.8,6.8,100,15211.8,4680.1,2150.4,0,0
BGH-119,1201.8,1345.4,15.6,1030.8,1,261.6,77.9,14020.1,12,65.6,5304.0,3.5,64,15722.7,4907.1,542.2,0,0
BGH-102,1249.0,1628.7,17.1,1082.5,2,312.5,72.1,13659.8,10,173.9,184.0,7.2,74,15482.5,4844.7,1763.6,0,0
BGH-116,1223.4,1551.2,15.1,1084.5,5,277.3,74.3,10983.0,8,92.7,1897.9,4.7,64,14708.5,4830.3,691.3,0,0
BGH-148,1209.6,1386.0,15.6,1084.0,1,309.1,77.8,14083.1,13,87.5,2284.1,4.1,54,16169.8,5182.7,1008.3,0,0
BGH-111,1290.2,1490.2,15.5,1168.0,2,285.9,84.9,21584.3,13,48.7,10990.2,4.5,54,14934.5,4977.2,1418.6,1,0
BGH-147,1251.2,1441.7,16.3,1100.8,5,310.4,75.5,14506.7,6,108.1,1129.5,4.8,74,15238.4,4984.8,1187.6,0,0
BGH-146,1242.8,1698.0,14.9,1116.0,5,296.4,72.4,12099.8,13,55.3,8195.3,5.5,74,15150.2,5216.6,901.7,1,0
BGH-144,1232.9,1636.3,15.2,1144.0,4,285.6,77.5,14640.1,8,74.8,3675.2,5.6,74,15100.5,4994.4,1365.7,0,0
BGH-100,1239.1,1071.4,14.3,1068.0,3,271.9,74.7,16423.5,13,84.4,2557.3,5.0,54,15159.8,5277.2,928.9,0,0
BGH-116,1282.9,1880.6,16.3,1092.3,1,317.8,78.5,13745.0,12,153.2,306.6,5.0,100,15167.9,4853.8,1314.9,0,0
BGH-102,1179.1,1442.3,14.3,1183.8,2,306.1,77.0,12768.4,7,162.6,241.7,4.3,54,15476.0,4933.1,974.6,0,0
BGH-125,1250.5,1844.5,15.9,1118.9,5,276.7,80.3,20025.2,11,82.3,2763.8,4.7,64,15814.2,5075.3,999.5,0,0
BGH-114,1217.8,1643.2,16.8,1045.3,4,261.7,83.7,15743.9,6,160.2,256.6,5.1,74,15998.1,4469.2,1049.6,0,0
BGH-135,1180.8,1549.6,17.0,1057.2,3,304.6,73.0,18063.3,6,160.0,257.9,5.7,86,15238.3,4952.9,1969.9,0,0
BGH-131,1195.0,1481.2,15.3,1144.6,5,319.3,82.3,14199.4,8,147.1,359.8,3.6,54,13989.6,5457.5,970.0,0,0
BGH-131,1211.0,2051.8,15.2,1043.5,5,269.5,84.2,18546.8,11,60.5,6557.1,6.4,86,16302.2,4655.7,1485.0,1,0
BGH-103,1157.0,1445.7,15.4,1076.4,1,314.1,75.6,16814.9,8,136.6,479.2,6.1,100,15937.6,5191.4,1962.5,0,0
BGH-117,1243.2,1365.7,16.2,1110.2,3,258.8,71.7,16022.3,6,172.3,191.1,4.3,54,15275.0,4860.4,756.5,0,0
BGH-148,1194.9,1383.7,15.4,1100.7,3,316.7,82.3,12542.5,6,135.6,492.8,5.1,100,15802.6,5480.3,1223.9,0,0
BGH-118,1204.2,1500.2,15.3,1174.2,2,302.2,80.5,13528.6,9,86.4,2377.0,7.3,100,15741.5,4724.3,1710.6,0,0
BGH-142,1267.9,1499.9,16.4,977.5,4,274.3,73.2,15900.1,7,110.1,1059.1,3.1,54,15505.0,4781.1,592.7,0,0
BGH-134,1206.5,1700.8,15.5,1124.1,2,271.3,76.7,14305.4,7,130.4,571.5,6.7,54,15925.5,4666.4,1283.7,0,0
BGH-139,1277.6,1651.6,15.4,1085.9,4,295.0,78.7,15745.1,5,111.5,1012.9,5.3,100,14961.5,4945.7,1437.1,0,0
BGH-113,1173.8,1651.9,14.8,1165.9,2,291.5,72.5,14046.4,7,56.8,7679.2,5.8,74,15184.1,4821.4,1431.0,1,0
BGH-132,1145.1,1454.4,16.3,1088.2,4,314.3,80.7,15843.0,8,83.7,2624.1,6.1,54,15682.6,4789.1,1849.0,0,0
BGH-113,1185.5,1635.3,15.7,1089.7,1,303.6,80.3,13689.5,10,152.3,313.8,5.1,100,15370.0,4989.7,1335.8,0,0
BGH-133,1059.3,1656.3,15.5,1099.8,4,287.8,83.3,15900.5,10,160.6,254.0,3.9,64,15433.5,5041.2,810.6,0,0
BGH-103,1245.3,1484.1,14.0,1066.9,2,314.9,78.5,12983.0,9,59.2,6928.5,7.1,86,16076.2,4478.9,1763.6,1,0
BGH-123,1148.1,1555.8,16.3,1070.5,3,291.5,78.6,14314.4,8,173.3,186.6,6.3,64,14284.2,5060.8,1427.7,0,0
BGH-128,1169.1,1656.0,14.6,1092.6,5,309.5,79.3,14570.0,10,86.0,2411.8,5.5,54,16060.9,4663.0,1399.3,0,0
BGH-118,1235.8,1542.2,15.9,1182.2,4,308.9,74.1,13196.4,9,132.7,535.0,5.0,54,15486.8,4850.8,1120.9,0,0
BGH-105,1206.0,1561.3,14.9,1075.4,4,314.3,81.4,13716.5,5,145.3,377.5,5.2,54,15383.8,4846.0,1364.7,0,0
BGH-132,1178.0,1781.4,14.6,1065.6,3,254.7,79.9,15560.1,6,153.7,302.6,6.7,54,16065.5,4898.2,1168.3,0,0
BGH-148,1098.2,1543.8,16.2,1080.0,1,290.9,82.6,16415.7,13,172.4,190.7,3.1,64,15098.4,4784.4,796.8,0,0
BGH-139,1265.0,1378.5,15.6,1100.2,2,282.8,81.5,15501.4,8,83.8,2614.4,6.9,74,15108.9,5025.9,1698.7,0,0
BGH-118,1236.2,1230.9,15.5,1189.6,1,284.3,79.6,16013.5,10,160.2,256.6,3.2,100,15656.6,4773.1,741.9,0,0
BGH-100,1302.8,1522.6,17.1,1061.8,4,282.2,72.4,15171.6,9,58.4,7169.0,5.8,100,16408.6,5093.3,1310.1,1,0
BGH-104,1170.2,1433.7,17.0,1225.0,4,308.6,83.8,13610.2,6,138.7,452.0,4.5,100,15920.8,4895.5,1114.2,0,0
BGH-126,1127.3,1661.7,15.3,1122.6,1,272.3,75.5,11546.3,5,143.9,392.0,6.1,86,16111.8,4920.8,1121.5,0,0
BGH-115,1249.7,1815.5,14.5,1050.0,2,282.4,84.5,13940.9,5,134.9,502.6,3.4,54,14565.9,5137.7,714.9,0,0
BGH-105,1190.6,1294.1,16.6,1072.6,4,264.0,76.0,14756.8,5,75.3,3604.7,5.5,64,16140.3,4818.6,915.4,0,0
BGH-139,1231.4,1322.8,14.4,1003.2,4,267.6,72.2,13744.4,10,162.2,244.1,6.8,64,15676.8,5254.4,1040.8,0,0
BGH-112,1281.0,1495.2,15.9,1105.3,1,296.2,83.3,18105.7,11,63.6,5759.6,5.2,64,15186.7,4865.0,1518.5,1,0
BGH-147,1219.4,1340.0,15.3,1152.6,5,258.2,81.9,15552.8,11,47.5,11607.5,3.4,74,15544.6,4929.7,472.7,1,0
BGH-134,1208.4,1455.6,15.6,1101.6,3,263.1,81.8,14817.0,13,140.4,431.3,3.2,54,16170.5,5227.7,479.7,0,0
BGH-118,1211.5,1392.8,16.5,1140.1,4,287.0,71.3,16094.1,7,106.6,1185.9,5.8,100,15150.9,4979.6,1343.7,0,0
BGH-111,1118.1,1298.4,14.9,1121.4,2,253.1,83.2,19044.9,13,158.9,265.1,3.3,100,15329.3,5076.3,604.5,0,0
BGH-115,1255.4,1665.2,15.0,1160.5,5,258.9,78.9,14436.9,5,93.7,1832.5,3.3,54,14724.6,4844.5,562.3,0,0
BGH-142,1258.6,1515.1,16.1,1051.0,1,310.4,77.1,13071.5,6,63.6,5759.6,4.9,100,14476.1,4516.2,1225.5,0,0
BGH-109,1226.5,1866.1,16.9,1144.1,1,309.2,83.7,15643.7,11,157.1,277.4,3.9,100,15153.7,4814.5,1065.4,0,0
BGH-124,1124.2,1571.8,17.5,1194.3,2,274.3,80.0,12701.4,6,116.8,857.9,3.9,54,15972.0,4908.4,687.4,0,0
BGH-119,1193.9,1757.7,14.3,1228.3,5,274.4,72.0,13093.3,8,66.5,5112.6,5.2,64,16178.0,4735.5,914.3,0,0
BGH-130,1271.9,1354.2,15.2,1171.0,2,315.6,77.8,17848.0,6,140.9,425.4,4.3,86,15440.7,4944.6,1468.4,0,0
BGH-103,1171.7,1351.8,14.7,1108.6,4,251.8,79.5,17591.6,6,111.6,1009.7,4.0,54,15639.3,4577.7,685.6,0,0
BGH-143,1259.2,1944.2,16.2,1051.7,5,290.6,83.5,16300.5,5,124.6,677.3,5.3,100,15243.3,4904.0,1216.8,0,0
BGH-122,1202.8,1378.2,15.5,1059.2,3,291.8,74.2,15779.7,13,104.5,1270.4,4.3,100,14657.4,4758.5,915.3,0,0
BGH-101,1235.6,1310.2,16.2,1091.3,3,305.2,81.9,12558.0,7,156.0,285.3,3.4,86,14567.2,4619.7,816.9,0,0
BGH-121,1179.4,1265.8,15.2,1193.0,2,316.6,82.0,13382.7,5,156.1,284.6,6.1,86,16123.1,4928.5,1561.9,0,0
BGH-136,1204.2,1883.2,16.1,1073.5,3,274.9,71.9,17646.1,10,139.3,444.5,5.6,86,14974.0,4872.6,1253.5,0,0
BGH-107,1221.8,1445.1,15.4,1109.0,2,280.6,70.3,13986.2,12,54.8,8376.1,4.0,54,14590.1,4842.4,718.2,1,0
BGH-106,1145.8,1580.7,15.6,1147.0,4,297.0,78.7,13400.2,11,157.4,275.3,5.6,64,15167.3,4698.2,1096.0,0,0
BGH-113,1213.7,1530.3,15.0,935.7,4,317.7,81.8,14620.1,11,133.9,517.1,7.3,86,14581.1,4678.7,2042.0,0,0
BGH-102,1065.6,1355.3,16.6,1046.8,2,312.4,78.3,16154.1,6,137.6,466.0,7.3,74,16090.3,5182.3,2256.2,0,0
BGH-149,1169.9,1440.7,14.5,1197.7,4,296.7,82.2,14585.0,8,90.8,2029.5,5.4,64,15507.5,5029.6,1162.2,0,0
BGH-115,1227.2,1669.1,15.4,1152.1,3,310.0,79.3,14644.0,10,163.1,238.7,3.4,86,15078.6,4822.8,812.2,0,0
BGH-118,1256.0,1254.8,16.9,1152.5,4,256.0,79.8,10643.9,6,141.6,417.3,5.1,100,15947.4,4739.5,550.0,0,0
BGH-117,1223.6,1634.8,16.5,1053.0,3,276.4,70.4,14858.4,9,55.8,8019.0,3.1,54,15758.0,4713.8,557.2,1,0
BGH-115,1130.5,1786.8,14.8,1172.6,3,250.9,71.3,16994.8,9,97.1,1629.1,4.9,100,15710.2,4834.1,892.9,0,0
BGH-107,1251.6,1558.5,14.9,1059.2,1,262.4,80.9,14862.8,7,164.1,232.9,7.1,100,15847.7,5077.4,1316.3,0,0
BGH-132,1143.0,1766.7,15.9,1104.6,4,294.1,81.4,19139.9,6,46.6,12096.4,5.1,54,14804.8,5003.5,1609.9,1,0
BGH-148,1230.7,1225.7,16.0,1134.7,4,312.0,78.1,13555.4,11,174.6,181.0,5.5,64,15134.3,5083.8,1289.9,0,0
BGH-111,1144.7,1134.0,16.5,1141.6,2,294.3,78.9,14021.0,12,135.1,499.8,3.7,100,15703.7,4690.1,783.7,0,0
BGH-110,1161.3,1548.5,14.4,1124.7,2,296.5,79.2,13658.9,8,128.4,605.7,3.1,64,15235.6,4832.5,770.3,0,0
BGH-104,1152.2,1382.7,16.6,1090.0,5,257.3,71.6,13603.1,8,77.9,3262.0,7.5,54,16618.8,4857.5,1143.3,0,0
BGH-126,1206.9,1675.8,14.8,1007.6,3,296.5,80.0,16073.8,13,74.8,3675.2,4.5,86,15836.2,4473.4,1223.9,0,0
BGH-111,1190.2,1437.9,16.6,1104.1,1,281.8,77.2,14450.2,8,171.9,192.9,4.3,100,14448.7,4780.6,884.3,0,0
BGH-116,1225.4,1529.4,14.2,991.6,3,295.6,79.0,18888.7,7,81.8,2815.8,5.6,100,15734.2,4726.6,1727.4,0,0
BGH-105,1199.1,1516.2,14.6,1128.4,4,272.8,78.4,15494.4,5,148.6,345.8,6.4,54,15687.1,5124.2,1359.7,0,0
BGH-132,1124.1,1522.6,16.9,1051.1,5,290.7,81.4,13256.0,7,95.0,1751.5,4.1,54,14409.2,5100.1,918.1,0,0
BGH-104,1213.8,1391.5,16.9,1092.0,3,279.7,74.8,13014.8,9,59.5,6840.7,5.4,86,14583.7,4971.6,913.1,1,0
BGH-127,1111.9,1227.1,15.6,1074.4,5,289.1,75.6,18333.4,6,41.5,15350.7,4.5,54,15050.2,4907.9,1340.0,1,0
BGH-113,1155.8,1456.2,15.2,1128.3,3,260.3,75.9,15441.4,9,116.2,874.0,5.2,74,15527.7,4963.2,851.2,0,0
BGH-104,1181.8,1790.0,15.5,1060.5,4,277.7,81.4,17610.5,13,176.6,172.8,3.7,74,15807.7,4861.0,833.9,0,0
BGH-132,1178.3,1378.2,15.8,1112.8,4,276.2,76.5,15139.0,10,91.7,1965.9,5.3,54,15076.9,5062.5,1011.4,0,0
BGH-149,1117.6,1377.1,15.9,1109.2,3,301.5,72.7,15031.8,7,90.0,2088.1,3.2,86,16125.1,4761.1,794.6,0,0
BGH-147,1268.6,1531.5,15.3,1103.3,1,299.4,84.7,17679.6,9,88.2,2227.1,6.8,74,15906.9,4670.6,2105.5,0,0
BGH-140,1282.4,1264.6,14.0,1119.6,4,313.6,77.4,15745.6,5,112.9,969.0,5.8,100,15371.2,4895.0,1747.3,0,0
BGH-118,1312.5,1700.7,15.1,1039.9,2,294.2,71.6,15723.6,12,101.7,1394.1,7.2,86,16055.0,4876.4,1399.4,0,0
BGH-121,1257.4,1283.7,14.3,1041.7,1,272.0,80.1,14189.5,13,163.2,238.1,5.7,54,16589.0,5107.1,1060.5,0,0
BGH-104,1180.2,1442.1,16.1,1171.7,3,304.8,81.1,16742.8,9,110.8,1035.7,3.8,74,15238.3,4763.9,1010.4,0,0
BGH-101,1179.4,2007.8,15.8,1023.0,1,284.8,77.5,14851.5,13,111.1,1025.9,5.2,86,15457.2,4878.5,1065.2,0,0
BGH-129,1176.6,1271.5,15.4,1208.3,2,263.5,79.7,13889.9,12,59.4,6869.8,6.0,100,16064.9,4861.1,915.1,1,0
BGH-146,1299.3,1794.5,15.3,1093.1,4,302.3,72.6,19305.0,12,177.6,168.8,4.7,54,14957.2,4756.8,1164.7,0,0
BGH-138,1194.2,1524.2,17.1,1057.5,4,259.3,75.5,14400.8,6,75.0,3646.8,5.5,64,15730.0,4962.3,862.8,0,0
BGH-103,1263.5,1552.5,16.4,1143.1,4,262.5,72.4,13419.3,9,50.3,10224.3,3.7,74,15147.9,4700.3,566.2,1,0
BGH-132,1259.6,1338.1,15.7,1071.9,2,303.1,75.8,17274.9,12,132.8,533.5,6.5,100,15929.5,4872.6,2133.4,0,0
BGH-112,1209.5,1659.8,15.1,1116.9,1,303.9,78.4,16357.4,7,123.4,702.0,7.1,86,15516.5,4967.1,2222.0,0,0
BGH-119,1127.4,1426.8,16.5,1162.2,3,305.4,76.6,13674.2,5,98.1,1574.4,4.4,74,15748.8,5010.0,1151.1,0,0
BGH-106,1195.3,1270.4,15.6,1135.7,3,270.5,78.9,14842.3,8,99.1,1521.7,6.6,74,15788.3,4861.4,1053.3,0,0
BGH-114,1207.3,1791.1,15.0,1121.3,1,310.7,77.5,16337.8,8,149.9,334.1,3.4,54,14527.6,4709.9,1062.8,0,0
BGH-122,1263.9,1422.8,15.0,1132.7,4,300.6,74.8,15422.6,8,67.4,4929.0,4.1,100,16097.5,5148.0,1201.4,0,0
BGH-113,1201.0,1128.1,16.0,1102.0,3,308.4,72.2,16572.0,8,154.8,294.2,5.1,74,14946.2,4911.1,1617.0,0,0
BGH-122,1139.6,1446.3,16.3,1140.6,4,299.6,73.8,14986.8,13,130.8,565.0,4.7,74,15519.5,4595.4,1014.0,0,0
BGH-118,1249.4,1661.6,16.0,1046.4,5,290.6,73.0,16636.2,5,98.7,1542.5,5.8,100,15689.2,4659.2,1532.4,0,0
BGH-128,1188.6,1629.7,16.0,1173.0,5,257.7,80.6,14382.2,13,104.1,1287.3,5.5,86,16247.8,4555.4,787.3,0,0
BGH-119,1072.7,1371.8,15.3,1092.2,3,299.8,82.3,13708.1,11,75.9,3522.1,3.4,54,16031.1,4720.3,800.8,0,0
BGH-128,1216.2,1304.5,15.1,1108.9,1,298.3,80.8,17106.0,9,145.3,377.5,3.6,74,15140.3,4890.9,1066.7,0,0
BGH-123,1225.0,1226.8,15.6,1084.3,1,271.9,79.7,15582.2,6,111.8,1003.3,3.2,100,14866.2,4458.5,701.3,0,0
BGH-117,1157.9,1495.4,15.4,1130.3,1,301.5,74.6,16373.9,8,84.9,2510.8,7.3,64,14414.8,5047.8,2265.2,0,1
BGH-109,1190.4,1530.2,14.7,1152.7,4,288.5,80.7,17448.7,8,123.4,702.0,5.9,86,15457.8,5140.4,1641.9,0,0
BGH-140,1232.9,1641.8,15.5,1050.4,5,289.2,79.1,13854.9,8,179.4,161.9,6.9,54,14543.7,5067.1,1352.2,0,0
BGH-107,1216.6,1470.2,16.1,1096.5,4,275.7,70.7,16064.8,6,100.9,1432.0,5.4,64,15143.5,4607.2,1027.0,0,0
BGH-125,1121.9,1464.3,15.2,1108.5,2,258.2,83.6,19640.0,12,168.9,207.3,3.9,86,15500.4,5009.5,794.0,0,0
BGH-128,1262.7,1444.3,16.8,1121.8,2,265.2,71.2,14679.7,8,88.3,2219.1,5.8,74,16488.6,5052.9,955.6,0,0
BGH-109,1285.3,1530.5,14.5,1085.4,3,303.8,77.5,12587.2,13,47.7,11502.0,5.3,54,15318.2,5317.3,1222.6,1,0
BGH-116,1174.5,1473.3,14.8,1078.4,2,269.0,77.7,16644.1,6,68.6,4695.8,4.8,86,15941.4,4623.2,1002.4,0,0
BGH-101,1104.5,1687.8,15.0,1144.3,1,250.2,82.6,11670.4,11,98.6,1547.8,4.7,86,15705.4,5002.7,548.7,0,0
BGH-105,1238.6,1562.2,16.2,1125.4,3,319.8,83.7,12804.7,9,70.7,4317.5,5.9,86,15430.8,4842.2,1445.4,0,0
BGH-104,1166.3,1521.6,15.7,1110.8,5,264.7,84.1,15012.4,9,40.0,16489.3,5.8,86,16300.6,4929.0,915.6,0,0
BGH-127,1226.8,1491.7,14.8,1162.5,5,295.9,78.5,14942.5,11,168.1,211.3,3.7,64,15477.7,4822.7,856.7,0,0
BGH-140,1310.1,1311.6,14.0,1033.1,2,314.9,80.2,15376.4,8,158.1,270.5,6.7,54,15281.5,4966.2,1971.1,0,0
BGH-104,1122.7,1499.9,14.6,1139.9,2,292.0,71.3,19413.8,7,143.9,392.0,5.9,74,16104.7,5298.7,1997.8,0,0
BGH-117,1160.2,1370.7,14.1,1118.7,5,305.9,77.3,15169.2,13,63.5,5783.5,5.4,54,15188.7,4737.8,1356.9,1,0
BGH-125,1190.3,1569.3,16.2,1027.3,2,318.3,83.5,13845.3,7,56.9,7646.1,6.4,64,14958.1,4639.8,1695.3,1,0
BGH-119,1264.6,1458.2,14.7,1158.3,2,310.2,76.8,13717.7,9,49.5,10599.4,3.7,54,14700.5,4804.3,897.3,1,0
BGH-140,1377.8,1832.9,16.0,1129.5,4,289.1,71.0,14087.8,6,141.4,419.6,7.1,64,15503.4,4970.9,1480.4,0,0
BGH-148,1212.4,1247.6,15.9,1136.2,5,275.5,73.0,12572.6,11,170.0,201.9,4.2,64,15536.9,5004.1,642.7,0,0
BGH-126,1118.4,879.9,16.5,1084.8,5,283.8,76.4,16120.1,11,100.3,1461.2,4.2,64,15585.6,4532.5,953.6,0,0
BGH-148,1182.7,1553.5,14.9,1138.1,2,308.9,73.6,15603.4,9,56.7,7712.4,6.7,64,15450.9,4841.0,1808.7,1,1
BGH-111,1161.3,1371.4,15.8,1063.5,1,309.7,75.9,15933.5,12,111.7,1006.5,4.5,86,15189.3,5037.7,1281.9,0,0
BGH-106,1236.1,1532.2,15.6,1032.7,4,309.2,75.0,16601.4,13,88.8,2179.6,6.7,54,15755.3,4934.6,1794.0,0,0
BGH-102,1218.8,1252.9,15.6,1099.3,1,291.8,74.8,16238.5,8,92.5,1911.2,4.5,100,15926.7,4969.6,1158.7,0,0
BGH-109,1147.9,1881.8,15.5,1133.8,2,283.4,71.4,12237.1,6,127.0,631.0,5.5,64,13890.0,5170.0,1097.9,0,0
BGH-133,1158.3,1422.7,16.2,1150.7,5,271.8,83.2,14437.5,6,140.6,428.9,4.0,64,14448.2,4866.7,790.7,0,0
BGH-124,1182.0,1358.4,16.1,1107.5,1,250.2,80.4,14519.9,8,55.5,8124.3,6.3,54,16176.0,4932.4,1199.4,1,1
BGH-134,1188.0,1878.1,15.5,1103.7,3,303.5,79.4,17754.5,10,45.0,13024.5,3.8,86,15078.4,4740.2,1290.8,1,0
BGH-115,1197.9,1668.1,15.1,1150.7,1,269.4,79.1,17930.2,10,179.2,162.7,7.0,74,16173.7,5140.5,1698.4,0,0
BGH-101,1202.4,1777.9,15.0,1083.3,5,273.1,75.9,14148.0,6,72.6,4005.1,4.7,64,14868.4,4643.5,826.7,0,0
BGH-123,1261.7,1465.6,15.5,1071.9,2,309.0,82.3,13017.4,5,47.5,11607.5,5.1,86,15366.1,4806.6,1270.2,1,0
BGH-109,1180.2,1509.4,15.7,1180.9,1,253.7,84.0,15317.1,6,66.6,5091.8,3.1,86,14790.7,4912.9,480.4,0,0
BGH-137,1172.8,1380.7,15.4,1086.1,2,314.9,70.1,14362.6,12,45.5,12726.1,7.4,100,15741.1,4797.4,2033.5,1,0
BGH-121,1133.1,1357.3,14.5,1145.8,4,250.1,71.2,14832.9,9,94.9,1757.6,6.7,64,15829.3,4892.1,982.7,0,1
BGH-125,1188.8,1579.6,15.3,1168.0,3,315.7,80.1,17431.2,7,152.3,313.8,5.0,86,14619.9,4634.1,1667.5,0,0
BGH-142,1212.8,1426.3,15.1,1110.5,5,281.8,73.5,15537.8,13,87.8,2259.5,7.1,100,16210.9,4451.1,1249.8,0,1
BGH-138,1113.8,1944.2,15.5,1113.2,5,257.1,83.7,14040.3,11,102.2,1371.0,7.2,86,16308.1,4602.6,1032.6,0,0
BGH-126,1182.9,1668.5,17.5,1189.9,2,297.2,80.0,13682.3,12,134.6,506.9,5.4,100,15383.9,5117.9,1085.5,0,0
BGH-128,1258.0,1876.7,15.8,1034.6,3,312.7,75.5,12127.9,10,111.2,1022.6,4.1,100,15034.3,4552.7,951.4,0,0
BGH-146,1232.4,1054.3,16.5,1033.8,5,280.7,76.2,16124.8,11,160.6,254.0,5.2,100,16048.8,4977.6,1092.7,0,0
BGH-137,1218.7,1879.1,15.0,1140.8,1,298.4,80.4,15564.4,7,161.2,250.2,4.5,86,15516.3,5119.8,1313.2,0,0
BGH-119,1231.1,1023.0,15.5,1079.6,5,318.6,72.1,16127.0,5,41.4,15423.7,5.0,74,15361.6,4954.5,1542.8,1,0
BGH-126,1171.3,1247.8,16.5,1143.1,1,266.8,83.3,14966.4,5,148.9,343.0,7.1,54,15180.0,4647.8,1406.2,0,0
BGH-140,1164.7,1149.5,14.2,1097.2,5,307.4,70.1,12887.6,5,104.5,1270.4,4.3,100,16357.5,4773.9,927.2,0,0
BGH-119,1263.6,1548.6,15.3,1141.6,1,270.7,84.7,15111.4,11,178.4,165.7,6.8,64,15712.6,5060.6,1384.3,0,0
BGH-143,1241.4,1496.4,16.0,1055.9,4,279.8,72.5,17279.0,6,107.7,1144.2,7.2,54,16584.2,4834.7,1773.0,0,0
BGH-118,1162.7,1659.0,15.4,1130.7,2,269.7,81.1,15116.5,10,178.2,166.5,6.6,74,15533.9,4859.7,1188.2,0,0
BGH-119,1106.1,1482.3,15.0,1075.0,4,281.2,70.6,18285.4,5,145.6,374.5,5.4,54,15344.3,4866.3,1442.2,0,0
BGH-134,1163.7,1745.0,15.1,1136.0,1,250.4,76.5,15504.5,12,74.8,3675.2,5.5,54,15493.4,4878.9,915.6,0,0
BGH-146,1227.2,1313.5,15.8,1218.2,2,271.2,79.5,18935.4,9,115.4,896.0,6.7,74,15926.4,4855.8,1499.6,0,0
BGH-101,1167.1,1749.6,14.2,1059.8,3,281.2,71.1,19098.0,13,178.9,163.8,3.2,64,15372.9,5109.1,750.8,0,0
BGH-129,1216.5,1493.9,15.6,1082.3,1,294.3,76.6,13204.8,7,160.1,257.2,6.3,100,15932.3,4768.6,1303.9,0,0
BGH-133,1271.0,1971.2,16.1,1093.6,5,294.6,74.5,13706.6,6,53.6,8828.7,5.4,86,15424.2,4696.5,1102.0,1,0
BGH-121,1195.3,1674.4,15.2,1116.1,5,290.9,77.5,14085.9,12,138.9,449.5,4.8,64,15716.4,4889.4,899.9,0,0
BGH-102,1211.7,1439.3,14.3,985.4,3,270.5,77.6,11584.1,9,88.4,2211.1,6.5,64,15979.9,4832.7,1015.7,0,0
BGH-105,1234.2,1493.2,15.1,1101.7,4,316.3,81.8,15927.9,5,41.0,15720.0,4.2,100,14596.4,4936.4,1279.9,1,0
BGH-114,1145.9,1298.2,15.4,1089.1,1,277.4,71.9,15873.2,10,96.5,1663.1,7.0,64,15143.8,5248.3,1656.7,0,0
BGH-126,1161.3,1571.9,14.6,1089.4,5,265.2,71.2,15384.2,7,72.9,3958.2,6.1,64,15121.9,4714.0,1142.1,0,0
BGH-109,1236.3,1439.2,15.5,1114.7,2,288.8,76.0,12553.0,12,154.6,295.7,5.7,54,15961.7,5038.1,966.9,0,0
BGH-108,1201.8,1644.8,15.6,1117.7,3,302.4,83.3,18177.0,10,87.2,2309.0,5.4,54,15985.8,4843.1,1857.8,0,0
BGH-132,1206.1,1232.4,16.5,1116.9,4,250.9,82.8,11239.2,6,155.9,286.0,4.0,74,15296.1,5025.5,496.8,0,0
BGH-131,1201.7,1434.1,15.4,1046.1,4,269.3,78.4,12354.0,10,40.1,16410.4,5.8,74,15926.8,4897.8,955.4,1,0
BGH-147,1248.9,1268.1,15.6,1087.5,2,307.7,83.3,16772.3,7,83.1,2682.9,6.3,74,15252.1,4992.0,2021.7,0,0
BGH-105,1221.8,1280.5,15.1,1085.4,2,285.5,82.1,15631.8,11,73.8,3821.1,3.1,86,15651.6,5054.8,689.6,0,0
BGH-140,1222.4,1621.2,15.1,1126.4,3,278.6,74.2,13771.8,5,72.7,3989.4,4.6,100,16944.1,4771.4,904.1,0,0
BGH-135,1261.1,1724.9,16.1,1051.7,2,315.2,72.6,15110.0,5,49.5,10599.4,6.7,86,16317.5,4415.1,1885.2,1,0
BGH-101,1280.3,1033.5,15.3,1109.7,5,256.3,74.5,15258.3,8,66.2,5175.5,5.8,86,16513.2,5011.9,915.8,0,0
BGH-128,1312.2,1872.4,16.2,1180.4,4,293.1,73.4,17355.2,11,117.8,831.9,5.8,74,16492.8,4398.2,1465.9,0,0
BGH-103,1171.0,1780.8,15.5,967.0,2,274.0,79.3,12567.4,8,80.8,2923.1,4.0,100,15722.5,4773.7,651.2,0,0
BGH-100,1323.5,1230.7,14.6,1091.5,1,255.0,78.8,15583.8,13,98.4,1558.4,5.8,86,16454.2,4617.5,880.7,0,0
BGH-118,1145.2,1665.4,14.9,1000.8,2,265.0,79.0,17157.5,12,92.8,1891.2,6.5,54,15574.9,5009.2,1307.9,0,0
BGH-125,1296.8,1408.0,17.4,1100.0,4,294.0,72.8,13003.9,9,162.6,241.7,4.8,86,15898.5,5219.8,837.1,0,0
BGH-124,1168.3,1480.4,15.4,1141.8,5,252.0,81.9,14896.9,5,166.7,218.6,3.8,54,15021.8,4917.1,655.7,0,0
BGH-109,1196.6,1620.4,14.2,1074.5,2,291.5,76.5,14882.1,7,109.0,1097.2,3.3,86,16049.2,4855.4,864.6,0,0
BGH-114,1200.9,1596.0,14.6,1146.3,5,317.0,77.1,11772.9,12,86.2,2394.3,5.3,100,15011.1,4756.2,1072.1,0,0
BGH-121,1156.7,1385.4,14.9,1168.0,1,305.7,85.0,15584.3,11,55.0,8303.2,6.1,54,15465.4,4968.4,1701.6,1,0
BGH-147,1204.3,1384.6,14.8,1120.1,4,274.2,74.2,15703.7,12,173.5,185.8,3.7,54,15267.7,4626.0,696.4,0,0
BGH-120,1159.2,1396.4,14.6,1074.3,3,259.7,75.9,17992.5,5,48.4,11141.0,4.9,74,15608.6,4540.6,1138.6,1,0
BGH-121,1138.3,1728.6,16.7,1126.8,4,282.6,80.1,14957.4,6,81.7,2826.3,5.6,54,15747.1,4728.1,1417.3,0,0
BGH-135,1198.1,1127.6,16.0,1184.0,3,277.5,83.2,15875.5,11,81.7,2826.3,3.7,86,14625.4,4816.5,721.6,0,0
BGH-133,1279.5,1467.6,15.3,1033.4,3,318.0,71.9,17944.4,9,84.9,2510.8,4.2,86,15327.0,4499.5,1442.0,0,0
BGH-129,1187.3,1814.5,15.0,1155.4,4,319.3,81.0,13716.4,9,63.0,5904.9,5.7,74,16106.5,5245.9,1495.9,0,0
BGH-124,1247.1,1640.7,15.4,1035.6,3,278.7,83.8,12638.3,13,149.6,336.8,6.3,64,15769.8,4710.0,955.8,0,0
BGH-144,1157.7,1710.2,16.9,1024.1,5,260.4,76.3,15244.1,5,57.1,7580.4,5.9,54,16168.6,4650.7,1012.8,1,0
BGH-127,1135.8,1470.4,14.8,1038.3,1,313.7,74.3,14605.5,9,128.9,596.9,6.2,54,14533.0,5047.7,1732.5,0,0
BGH-100,1222.7,1267.3,14.2,1098.0,2,305.5,80.2,14818.4,11,57.3,7515.4,5.6,54,15025.2,4615.4,1393.9,1,0
BGH-148,1287.8,1511.1,16.0,1163.1,3,285.8,73.7,14154.0,9,49.9,10409.9,6.8,86,16525.8,4778.9,1414.0,1,0
BGH-144,1210.4,1362.2,16.3,999.4,3,275.6,75.8,13320.3,11,167.3,215.4,6.7,100,15449.8,4876.2,1076.1,0,0
BGH-103,1241.3,1946.1,16.7,1149.5,4,281.4,83.5,16868.5,5,66.6,5091.8,6.6,100,15450.0,4667.1,1593.5,0,0
BGH-106,1274.8,1468.4,15.2,1092.3,5,313.1,78.9,14959.2,9,155.0,292.7,5.6,100,15316.9,4884.3,1602.8,0,0
BGH-148,1198.2,1627.5,15.2,1044.9,2,262.9,71.4,19490.9,10,116.2,874.0,7.5,74,15787.7,4903.1,1685.4,0,1
BGH-108,1192.4,1840.5,17.1,1129.6,3,306.5,74.9,12920.0,10,50.9,9952.9,3.2,74,13776.5,4840.9,691.8,1,0
BGH-135,1223.6,1280.7,16.0,1076.3,5,251.3,79.4,19012.7,8,173.8,184.5,3.9,86,16004.4,5260.6,690.0,0,0
BGH-118,1232.5,1044.1,15.4,1212.9,2,314.4,77.2,15585.0,9,74.6,3703.9,6.6,100,15727.5,4853.4,1968.0,0,0
BGH-100,1130.1,1598.0,15.9,1124.9,4,285.0,79.9,15037.1,12,160.4,255.3,6.7,64,16202.5,4841.8,1317.0,0,1
BGH-109,1214.8,1635.7,15.2,1102.8,3,265.9,81.4,12798.7,10,63.6,5759.6,6.7,54,16010.8,4790.1,990.2,1,0
BGH-135,1200.0,1417.2,15.7,1132.4,4,250.2,77.2,13674.9,5,159.6,260.5,6.9,100,15687.5,4796.5,974.8,0,0
BGH-108,1160.5,1268.7,15.7,1167.2,4,289.2,84.8,17517.3,9,41.9,15062.3,4.9,64,15661.7,4798.3,1357.4,1,0
BGH-144,1196.5,1562.0,16.2,1172.0,3,267.1,83.7,9669.0,11,111.6,1009.7,7.2,54,15590.1,5061.3,833.1,0,0
BGH-145,1141.7,1495.3,14.7,1146.4,5,294.2,70.9,11409.6,12,147.7,354.1,3.9,54,15636.3,5186.2,613.8,0,0
BGH-141,1124.5,1564.4,15.8,1168.8,5,269.7,74.0,11776.2,8,170.9,197.6,7.2,74,16472.1,4935.9,1014.6,0,0
BGH-131,1203.3,1273.4,14.6,1160.2,4,256.2,74.5,17342.1,6,167.3,215.4,5.5,64,16290.6,4844.5,988.8,0,0
BGH-131,1245.1,1565.0,17.0,1145.5,4,285.4,72.8,16361.5,8,154.7,295.0,3.7,100,15260.0,4827.7,867.7,0,0
BGH-105,1182.6,1663.9,15.2,1080.3,1,289.5,74.7,12974.0,10,164.3,231.8,6.3,100,14975.6,4781.5,1220.6,0,0
BGH-147,1152.0,1198.8,14.2,1162.9,2,281.7,76.4,14056.8,10,67.9,4830.2,4.3,86,15606.4,5350.2,863.9,0,0
BGH-137,1159.7,1792.1,17.7,1078.6,4,282.1,70.8,15259.7,10,79.8,3035.2,4.0,64,15493.9,4837.3,807.7,0,0
BGH-116,1227.4,1550.9,15.1,1113.2,4,291.3,71.9,17039.3,5,80.5,2956.2,3.8,54,15028.4,4549.8,1038.2,0,0
BGH-109,1283.4,1670.2,15.6,1081.2,2,286.8,71.4,12973.9,11,92.8,1891.2,3.1,74,15865.6,5249.8,590.0,0,0
BGH-149,1238.5,1244.2,14.1,1133.7,3,259.3,70.7,15266.4,11,95.1,1745.4,6.4,86,15996.0,4521.4,1049.1,0,0
BGH-126,1265.0,1636.5,15.5,1164.0,5,263.8,77.2,14311.4,9,116.2,874.0,5.2,74,16026.4,4650.4,879.7,0,0
BGH-149,1147.6,1171.1,16.8,1079.7,3,259.9,75.0,14794.0,8,62.4,6054.4,7.4,54,14701.4,4797.4,1317.9,0,0
BGH-134,1196.3,1310.4,16.1,1029.4,2,298.5,84.0,13207.0,7,136.8,476.5,5.0,54,14254.7,4914.0,1249.9,0,0
BGH-120,1250.9,1552.7,14.1,1150.5,2,287.0,71.5,15419.6,12,63.5,5783.5,6.8,74,16060.0,4840.9,1452.9,1,0
BGH-124,1130.0,1444.8,14.9,1151.8,1,280.1,83.9,13435.1,12,83.4,2653.3,7.4,86,16130.3,4873.5,1386.0,0,0
BGH-127,1167.1,1505.5,16.2,1178.2,1,305.9,71.3,15191.0,7,110.5,1045.7,3.1,54,14786.3,4815.3,901.0,0,0
BGH-146,1247.1,1885.5,16.0,1144.7,5,272.8,79.3,18125.0,9,151.5,320.4,3.5,100,16013.9,4587.6,754.3,0,0
BGH-114,1212.9,1502.4,15.1,1145.8,4,289.8,73.7,17087.4,12,143.5,396.3,4.6,100,16089.7,4827.7,1095.8,0,0
BGH-103,1151.7,1641.9,15.8,1064.1,2,255.2,82.4,17779.6,10,130.4,571.5,6.9,100,15918.4,4569.7,1315.4,0,0
BGH-128,1118.5,1486.6,14.5,1136.9,1,302.1,70.9,15632.8,6,61.8,6208.2,6.8,86,15976.2,5051.2,2033.9,0,0
BGH-108,1266.9,1480.7,14.5,1207.3,3,298.7,84.3,17265.7,5,116.6,863.2,4.7,86,15746.3,4812.6,1552.6,0,0
BGH-126,1097.3,1304.3,13.5,1072.4,1,306.2,70.7,11395.6,11,52.2,9392.5,3.9,64,15915.6,4888.4,779.2,1,0
BGH-125,1231.6,1573.6,16.2,1039.1,3,311.9,73.6,11610.8,6,92.8,1891.2,6.6,64,15609.3,5171.3,1466.2,0,0
BGH-118,1173.3,2007.1,15.4,1107.0,1,303.1,77.0,12990.0,8,97.9,1585.2,5.7,100,15683.2,4954.2,1416.6,0,0
BGH-127,1252.4,1517.6,15.5,1146.9,3,309.1,81.3,13128.0,10,45.6,12667.3,3.1,74,15542.7,4783.9,728.5,1,0
BGH-116,1147.9,1446.6,13.0,1110.8,1,274.2,84.3,17095.8,11,78.4,3200.5,6.6,74,15407.8,4781.9,1435.5,0,0
BGH-142,1330.7,1728.0,15.5,1189.2,1,274.0,76.4,11982.5,11,173.8,184.5,7.3,100,15186.5,4835.3,1141.9,0,1
BGH-140,1220.1,1704.6,15.9,1057.0,5,316.1,81.4,12286.5,11,173.5,185.8,3.2,64,14872.8,5073.9,752.2,0,0
BGH-141,1228.4,1587.8,13.8,1024.2,4,314.0,80.9,14756.2,8,89.3,2140.9,4.3,86,15741.2,4931.4,1214.0,0,0
BGH-149,1161.3,1438.3,15.5,1171.5,2,288.4,78.6,15274.0,10,46.0,12435.4,6.7,74,15353.3,4696.6,1634.8,1,0
BGH-119,1193.3,1728.9,15.4,1029.6,4,275.7,80.4,16750.1,7,65.1,5413.9,5.6,86,14824.1,5103.4,1242.9,1,0
BGH-144,1194.6,1524.2,15.1,1115.9,5,310.6,70.6,14465.2,12,94.9,1757.6,7.5,100,14442.3,4628.7,1800.1,0,0
BGH-139,1289.8,1682.8,16.5,1170.1,3,272.6,76.6,14634.6,5,172.7,189.3,7.1,86,15728.7,4968.4,1513.2,0,0
BGH-138,1220.0,1336.1,16.4,1110.8,4,260.8,81.8,16774.4,12,59.8,6754.2,3.8,74,16091.8,4943.3,630.3,1,0
BGH-148,1227.2,1382.7,18.2,1065.1,2,294.8,77.1,13200.2,9,146.9,361.7,6.0,64,15148.7,4878.6,1377.4,0,0
BGH-122,1226.6,1519.4,14.5,1163.6,2,253.0,83.1,15245.3,12,55.2,8231.1,5.9,74,15815.3,4627.7,896.8,1,0
BGH-146,1231.4,1253.0,15.8,1108.5,3,276.5,82.5,16139.9,8,177.4,169.6,3.5,54,15002.5,4398.4,823.9,0,0
BGH-131,1130.5,1426.0,16.7,1089.0,2,306.5,83.0,14259.2,6,93.4,1851.9,3.4,86,15087.0,4622.9,860.6,0,0
BGH-146,1302.5,1244.1,14.9,1182.2,5,270.7,71.9,16721.4,8,148.5,346.7,5.6,86,15499.3,4928.8,1071.0,0,0
BGH-132,1156.1,1191.0,16.9,1081.2,4,315.2,73.7,13286.5,12,88.0,2243.2,4.8,86,14924.5,5000.2,1109.1,0,0
BGH-145,1198.1,1987.2,15.8,1070.0,2,316.9,70.4,18124.7,5,127.9,614.6,5.5,100,16042.3,5219.5,1907.3,0,0
BGH-104,1276.6,1378.2,14.1,1054.9,4,307.1,84.7,14370.5,9,66.9,5030.0,4.1,100,15609.0,4936.4,1004.9,0,0
BGH-142,1296.7,1395.8,14.5,1160.8,1,319.1,73.5,14122.0,10,60.4,6584.8,5.5,74,14838.6,4924.0,1486.1,1,0
BGH-147,1240.3,1516.0,15.0,1121.4,4,287.2,75.5,12078.3,8,171.3,195.7,4.7,64,15201.2,4754.7,761.3,0,0
BGH-133,1174.8,1287.7,15.4,1075.6,3,289.8,74.1,12759.8,8,168.5,209.3,7.0,54,15466.4,4798.5,1490.3,0,0
BGH-139,1206.4,1399.7,16.5,1028.1,5,308.5,70.6,13376.8,8,164.2,232.3,4.4,64,15375.6,4931.5,1126.1,0,0
BGH-110,1208.3,1866.9,15.4,1170.4,2,284.5,73.9,12744.1,7,127.6,620.0,6.9,64,15756.9,5203.5,1408.5,0,0
BGH-149,1210.1,1571.6,16.5,1076.4,5,278.5,71.5,12635.0,9,153.2,306.6,4.8,54,15390.6,4953.7,754.0,0,0
BGH-102,1138.5,1697.2,15.6,1009.0,4,293.0,75.9,15087.7,10,49.7,10504.2,5.6,100,15464.6,4804.6,1257.9,1,0
BGH-132,1263.0,1814.7,15.5,1104.4,2,296.0,84.5,16202.3,7,86.9,2334.2,4.3,86,15483.0,4790.8,1276.8,0,0
BGH-110,1206.7,1542.1,15.3,1151.6,5,302.6,80.5,15559.1,7,83.9,2604.8,6.6,100,15399.0,4435.2,1557.5,0,0
BGH-115,1163.9,1455.8,16.3,1136.0,3,296.8,80.6,8606.2,13,129.0,595.2,6.8,86,16349.3,4594.0,835.2,0,1
BGH-117,1175.1,1213.2,15.6,1104.1,1,302.2,76.8,12917.0,6,89.8,2103.0,6.6,86,16011.4,4820.3,1585.6,0,0
BGH-129,1213.5,1423.4,14.9,1077.9,1,297.2,82.2,17274.2,10,60.8,6474.6,5.9,100,15398.4,4899.8,1792.2,1,0
BGH-147,1129.9,1467.5,15.8,1072.0,3,283.6,83.6,12312.6,12,123.5,699.9,4.4,64,16047.4,4734.3,783.3,0,0
BGH-109,1243.9,1338.5,15.1,1163.8,1,259.4,84.4,14757.9,12,154.0,300.3,5.9,86,15923.7,5086.1,1109.7,0,0
BGH-117,1211.7,1809.0,15.1,1002.4,3,305.0,71.5,12807.7,5,93.5,1845.4,7.3,100,15844.3,5026.3,1574.9,0,0
BGH-137,1278.3,1720.5,16.4,1052.5,4,252.2,83.2,17610.8,5,58.5,7138.4,5.9,64,16610.5,4911.3,1035.9,1,0
BGH-118,1203.9,1697.1,15.4,1095.2,3,319.5,73.4,13410.9,12,67.5,4909.0,7.3,54,16012.9,5104.7,1820.8,1,0
BGH-135,1145.7,1476.8,17.2,1000.3,1,308.0,76.0,16375.5,5,73.2,3911.9,4.4,86,15849.8,5173.4,1378.5,0,0
BGH-112,1140.1,1293.4,16.1,1089.1,4,297.0,75.2,13551.2,7,82.0,2794.8,6.8,64,14985.5,4781.6,1607.2,0,0
BGH-145,1180.5,1765.6,14.9,1038.7,3,317.7,80.1,10148.3,13,130.0,578.2,6.2,86,15515.7,4793.2,1064.6,0,0
BGH-102,1185.8,1567.1,14.8,1123.7,3,292.9,79.0,15941.9,7,124.1,687.5,6.7,64,15225.5,4859.1,1792.1,0,0
BGH-109,1171.6,1654.6,14.5,1071.3,4,254.0,71.6,11161.7,6,137.5,467.3,6.2,54,15357.9,4706.3,605.1,0,0
BGH-137,1206.4,1623.8,16.0,1080.0,2,289.2,81.7,13173.5,5,90.8,2029.5,5.2,86,14619.4,4583.0,1181.8,0,0
BGH-100,1170.4,1562.1,14.8,1067.8,1,269.4,76.6,18731.8,5,155.4,289.7,6.1,100,15999.9,4961.7,1626.1,0,0
BGH-126,1212.7,1899.9,13.7,1133.8,2,275.9,70.0,21259.5,7,68.6,4695.8,7.2,64,15867.3,4851.0,2152.9,0,0
BGH-145,1174.0,1368.5,14.2,1096.6,4,282.2,76.2,15040.2,10,105.7,1221.3,4.9,54,14836.4,5114.1,954.6,0,0
BGH-107,1231.6,1438.2,14.6,1147.3,4,304.2,77.7,13217.1,11,152.1,315.5,7.3,86,15659.0,4585.4,1565.5,0,0
BGH-145,1184.5,1828.2,15.8,1160.4,5,285.2,71.0,15051.8,10,65.2,5391.7,3.2,54,15083.5,5101.8,658.6,0,0
BGH-141,1262.3,1516.4,15.4,1085.6,5,283.2,72.3,12371.9,10,55.4,8159.7,3.1,54,14791.0,5355.7,566.8,1,0
BGH-116,1232.6,1474.8,16.3,1065.1,4,271.1,84.9,14155.6,13,163.7,235.2,5.2,86,16139.7,4679.0,732.7,0,0
BGH-108,1209.7,1449.4,14.8,1079.1,5,287.8,83.1,18204.8,8,88.0,2243.2,6.8,86,15592.1,4743.8,1741.1,0,0
BGH-105,1189.6,1635.9,15.2,1233.1,3,267.4,72.0,15418.9,9,135.7,491.4,4.1,64,15956.9,4940.6,792.2,0,0
BGH-142,1124.0,1454.1,16.9,1069.1,2,268.3,78.7,12155.2,5,43.5,13968.6,6.1,100,15392.9,4958.0,1010.6,1,0
BGH-124,1270.7,1431.7,15.2,1091.3,4,303.0,75.7,15812.9,8,136.6,479.2,5.5,54,14312.6,4479.2,1506.4,0,0
BGH-138,1166.0,1632.6,15.7,1110.7,3,274.0,78.2,11576.7,10,84.3,2566.7,4.3,86,15574.9,5066.6,600.2,0,0
BGH-148,1204.5,1518.7,15.0,1127.3,1,253.6,77.1,11246.3,11,47.8,11449.6,4.3,54,15723.7,4521.1,541.1,1,0
BGH-127,1217.2,1298.1,15.3,1105.2,1,274.1,70.7,16531.5,6,125.4,661.4,3.3,64,15312.5,5083.4,679.4,0,0
BGH-132,1190.8,1506.4,15.9,1188.7,5,294.7,74.7,13472.5,10,73.7,3836.1,5.4,64,15709.4,4502.8,996.1,0,0
BGH-136,1267.7,1778.9,16.0,1111.8,5,307.0,71.9,18147.0,7,94.2,1800.9,5.0,64,15144.2,4780.6,1736.0,0,0
BGH-108,1138.9,1653.1,15.6,1092.5,3,317.3,77.3,12891.3,11,51.3,9776.5,4.3,100,15260.8,5117.2,970.8,1,0
BGH-117,1286.7,1803.6,15.3,1147.8,1,302.2,83.6,17455.0,13,60.6,6529.5,7.4,74,15734.0,4723.1,2027.7,1,0
BGH-120,1233.6,1353.7,15.6,1055.7,4,280.0,84.9,18283.1,8,81.7,2826.3,6.7,74,16209.9,5056.0,1575.2,0,0
BGH-101,1187.7,1714.0,14.9,1127.0,2,270.9,84.2,15311.2,12,52.6,9227.3,5.4,74,15604.1,4864.4,951.8,1,0
BGH-142,1188.2,1370.3,15.3,1081.5,5,259.1,84.8,14394.8,10,167.5,214.4,5.3,100,15394.4,4862.4,765.5,0,0
BGH-137,1089.2,1253.5,15.8,1164.3,3,293.9,70.2,13799.1,7,40.8,15870.5,3.9,100,15067.1,4839.4,957.0,1,0
BGH-139,1157.6,1339.4,16.3,1168.1,5,285.7,80.9,13924.3,7,107.7,1144.2,5.9,54,15526.0,4686.9,1221.3,0,0
BGH-135,1182.3,1526.3,14.8,1091.3,3,297.4,74.1,11796.1,7,57.3,7515.4,7.3,54,14995.0,5229.4,1446.4,1,0
BGH-149,1208.8,1705.6,15.4,1056.5,1,266.6,83.0,16281.4,8,83.1,2682.9,7.0,64,15228.3,4877.7,1681.8,0,0
BGH-142,1263.0,1562.1,14.7,1006.9,5,272.7,82.2,16211.3,6,169.6,203.8,3.4,100,15378.8,4612.7,684.4,0,0
BGH-136,1301.9,1469.3,15.1,1111.3,3,270.4,76.4,14541.1,9,62.6,6004.1,3.2,74,16232.8,5039.3,580.4,0,0
BGH-114,1213.6,1293.6,16.3,993.4,3,305.8,77.1,15059.9,12,175.2,178.5,7.3,74,16027.4,4570.7,1851.8,0,0
BGH-127,1210.3,1641.1,15.1,1095.7,5,262.0,74.0,14092.1,11,68.8,4658.2,3.9,54,15480.0,4866.8,595.9,1,0
BGH-117,1175.5,1692.7,15.4,1072.0,2,292.6,74.3,12567.2,13,143.8,393.1,5.5,64,15125.6,4614.7,936.6,0,0
BGH-133,1114.2,1559.7,14.5,1127.9,4,253.6,84.7,12391.9,7,116.5,865.9,3.3,64,14786.7,4712.8,394.6,0,0
BGH-121,1169.7,1289.5,15.1,1099.3,1,288.5,83.3,13863.2,8,163.8,234.6,6.8,86,16122.6,4912.4,1632.8,0,0
BGH-110,1189.7,1661.7,14.3,1071.7,5,254.5,72.9,14214.9,12,117.6,837.0,3.5,100,15893.4,4941.8,522.4,0,0
BGH-112,1248.8,1745.4,15.7,1142.5,5,262.3,74.1,17311.0,7,114.8,912.9,5.9,74,16094.7,4578.1,1110.6,0,0
BGH-103,1226.0,1806.6,15.8,1045.4,2,257.9,71.6,16336.9,5,67.4,4929.0,3.3,74,15330.2,4936.1,599.5,0,0
BGH-121,1211.1,1412.5,15.8,1128.2,1,274.3,84.8,18080.7,6,63.3,5831.7,3.7,54,15018.3,4571.0,900.0,0,0
BGH-106,1171.0,1587.3,15.8,1203.1,5,274.1,83.6,16380.3,12,168.3,210.3,5.3,54,15016.7,5093.7,1066.5,0,0
BGH-142,1100.9,1393.1,15.8,1148.3,2,307.8,78.3,11830.1,11,85.9,2420.6,3.2,100,15387.3,4941.5,601.2,0,0
BGH-123,1103.9,1315.5,14.3,1079.7,4,265.8,80.4,12030.9,8,92.1,1938.3,3.9,54,14800.2,4895.9,552.9,0,0
BGH-103,1116.8,1816.6,14.9,1049.1,3,256.0,81.2,12879.6,12,146.4,366.6,3.6,54,15737.3,4720.7,450.3,0,0
BGH-127,1185.4,1612.9,13.7,1146.7,4,292.2,73.1,14294.6,7,87.4,2292.3,3.2,74,15308.4,4781.7,687.9,0,0
BGH-114,1249.7,1758.5,15.1,1038.8,4,298.1,84.0,13447.6,5,173.3,186.6,7.4,100,15657.2,5032.0,1634.9,0,1
BGH-100,1248.4,1255.0,14.8,1100.3,4,270.6,77.9,16384.0,8,143.3,398.4,5.0,74,15537.5,4958.4,1066.2,0,0
BGH-102,1239.7,1557.7,15.5,1136.2,4,292.2,71.4,17357.0,10,123.6,697.8,6.9,74,15706.9,5053.3,1872.3,0,0
BGH-113,1174.2,1601.7,17.5,1049.6,3,304.3,76.0,12583.4,10,163.3,237.6,4.6,54,15993.2,4779.9,1075.2,0,0
BGH-137,1257.2,1333.6,16.1,1046.8,1,274.3,79.0,11714.2,8,46.9,11930.9,3.2,74,15323.5,4888.1,545.1,1,0
BGH-149,1153.4,1797.6,16.7,1034.1,1,286.8,75.3,18288.8,12,76.0,3508.5,6.1,100,15550.7,4936.2,1631.8,0,0
BGH-100,1242.7,1450.9,16.2,1179.7,2,260.3,80.5,15462.9,13,105.1,1245.5,3.2,54,15481.8,4863.6,522.9,0,0
BGH-137,1116.3,1590.7,15.4,1184.9,2,251.7,83.2,13929.3,6,71.8,4133.4,5.5,100,15502.6,4951.3,926.7,0,0
BGH-137,1141.1,1389.9,15.5,1184.2,5,318.7,81.6,18163.1,7,144.1,389.9,3.6,64,14709.9,4818.4,1154.6,0,0
BGH-120,1282.6,1261.1,16.2,1190.9,4,271.0,79.6,17490.4,12,168.7,208.3,6.0,100,16034.7,4602.0,1226.9,0,0
BGH-147,1189.8,1682.6,15.7,1068.3,4,269.5,77.7,13816.7,5,99.3,1511.5,7.0,100,14883.0,4910.4,1210.0,0,1
BGH-128,1166.0,1575.8,15.3,1009.4,3,318.1,73.8,16740.9,5,87.9,2251.3,7.3,86,15390.7,4592.4,2338.2,0,0
BGH-104,1255.1,1547.5,16.6,1185.2,4,301.0,76.8,17304.6,11,174.6,181.0,5.4,100,15223.3,5297.6,1370.8,0,0
BGH-148,1260.9,1444.4,15.9,1146.5,3,291.0,74.4,16677.1,11,102.3,1366.5,5.4,74,14777.1,4831.1,1410.1,0,0
BGH-109,1178.3,1570.4,14.4,1142.4,5,299.0,84.0,17536.3,11,108.5,1115.0,3.2,74,15865.4,4858.3,880.9,0,0
BGH-127,1213.9,1753.2,15.4,1048.0,2,299.7,83.6,13100.9,9,89.2,2148.6,6.5,54,15481.5,4924.3,1396.8,0,0
BGH-120,1206.8,1363.2,15.5,1104.9,2,303.4,72.3,15052.2,11,167.3,215.4,7.3,64,15867.9,4949.7,1820.2,0,0
BGH-149,1058.6,1612.1,15.2,1108.0,5,254.7,82.3,18291.0,13,119.7,784.9,5.0,54,16150.5,4724.6,773.1,0,0
BGH-106,1130.2,1540.5,15.2,1096.8,5,278.9,80.5,14220.4,10,146.7,363.6,6.6,100,15773.4,4880.9,1177.6,0,1
BGH-102,1247.1,1463.1,15.2,1057.5,4,270.7,84.6,13709.7,10,153.7,302.6,6.6,100,16512.0,4750.3,1244.6,0,0
BGH-144,1158.4,1170.9,14.1,1005.0,2,254.9,76.9,15222.1,7,87.9,2251.3,6.5,74,16215.3,5045.4,968.8,0,0
BGH-146,1226.5,1497.6,13.9,1062.4,1,278.9,80.8,11833.9,11,100.7,1441.7,6.4,100,15858.1,5032.7,1069.7,0,0
BGH-119,1213.2,1634.5,15.0,956.4,5,293.1,77.8,15652.7,10,158.8,265.8,4.0,100,15872.5,4816.8,936.4,0,0
BGH-118,1260.8,1564.8,15.2,1079.4,2,262.5,71.0,11668.2,9,90.9,2022.3,6.4,74,15849.4,4746.8,842.2,0,0
BGH-134,1131.8,1212.3,14.4,1069.3,2,271.4,70.7,17533.5,7,151.2,322.9,3.6,64,15413.9,4794.4,751.7,0,0
BGH-103,1219.7,1749.4,14.7,1041.6,3,294.7,71.8,11757.7,7,171.7,193.8,6.2,100,15988.7,4874.0,1195.7,0,0
BGH-104,1196.7,1829.6,15.3,1120.0,2,290.6,74.4,16698.5,10,127.2,627.3,3.0,86,15108.2,5032.9,706.6,0,0
BGH-100,1160.5,1478.1,16.3,1082.8,5,310.8,73.9,13540.6,10,143.8,393.1,7.1,64,15327.9,5015.3,1726.0,0,0
BGH-103,1160.2,1962.2,16.3,1086.4,4,305.4,80.9,12884.6,9,152.7,310.6,6.7,64,15111.5,4896.2,1349.6,0,1
BGH-111,1211.4,1334.1,16.3,1169.5,2,317.6,80.7,15052.5,7,158.3,269.1,6.1,74,15063.6,4945.1,1756.8,0,0
BGH-126,1231.5,1245.6,14.7,1083.9,1,291.8,84.6,15598.6,6,95.3,1733.4,3.4,54,15370.1,4922.6,877.6,0,0
BGH-141,1203.2,1297.0,15.3,1122.7,5,298.9,74.7,15184.1,8,47.2,11768.0,6.7,100,16571.6,5070.9,1764.2,1,0
BGH-122,1204.7,1549.0,16.5,1045.8,4,310.2,84.1,15679.9,8,96.3,1674.5,6.9,100,15166.0,4825.6,2070.0,0,0
BGH-124,1175.1,1144.3,14.1,1112.8,4,308.8,79.2,16382.0,6,134.3,511.2,6.1,54,15571.5,5288.1,1846.0,0,0
BGH-120,1178.4,1437.8,15.1,1094.9,5,300.3,77.4,10977.8,13,103.0,1335.0,7.4,100,16031.2,5108.1,1099.3,0,0
BGH-123,1160.4,2086.9,15.7,1104.6,4,285.0,80.0,15270.5,7,144.9,381.6,3.4,86,14977.7,4881.5,859.1,0,0
BGH-124,1174.1,1199.2,14.1,1038.8,1,269.1,80.5,12272.1,5,90.0,2088.1,6.2,54,15951.5,4848.8,1071.6,0,0
BGH-144,1229.7,1390.6,15.8,1043.5,2,311.4,72.6,12463.0,9,128.9,596.9,5.4,74,14848.3,4312.0,1287.6,0,0
BGH-145,1235.3,1292.8,16.7,1082.7,5,304.4,81.3,12799.4,7,66.1,5196.7,3.7,54,14838.7,4686.2,812.3,0,0
BGH-131,1136.2,1443.0,16.5,1166.5,2,308.7,80.9,11055.0,10,144.9,381.6,6.0,64,15409.1,4811.3,1203.8,0,0
BGH-131,1155.2,1430.4,15.4,1028.0,2,259.9,85.0,14977.9,5,116.4,868.6,6.6,74,15235.1,4752.3,1193.9,0,0
BGH-104,1164.5,1366.1,16.2,1184.0,4,272.0,83.7,11465.7,8,68.6,4695.8,3.7,64,14790.2,5002.1,459.1,0,0
BGH-135,1196.8,1468.7,14.1,1064.7,5,279.7,80.3,15810.1,5,80.9,2912.1,6.6,74,14714.7,5030.4,1671.3,0,0
BGH-145,1115.8,1626.6,15.7,1104.2,2,308.7,80.7,18037.5,5,144.8,382.6,3.4,54,15063.4,4617.5,1173.4,0,0
BGH-141,1156.1,1777.1,15.3,1150.1,3,312.5,84.2,18129.6,12,107.6,1148.0,5.7,64,16557.4,4674.6,1830.1,0,0
BGH-148,1130.7,1443.1,15.4,1082.2,1,269.9,84.5,12818.0,8,70.2,4404.3,6.6,74,16220.3,4590.9,1216.1,0,0
BGH-141,1220.0,1501.2,15.6,1087.8,4,298.1,82.4,12625.6,7,175.4,177.7,3.7,100,14450.7,4648.7,751.4,0,0
BGH-138,1198.5,1592.7,15.8,1172.3,5,255.4,81.5,16562.6,10,140.1,434.8,5.6,64,15230.7,4825.5,920.1,0,0
BGH-115,1176.9,1252.8,14.3,1154.8,5,278.7,71.7,15113.3,13,174.0,183.6,4.9,86,15445.5,5055.4,810.5,0,0
BGH-132,1146.8,1469.5,14.7,1135.0,4,284.1,82.5,14851.9,10,99.8,1486.1,5.7,74,15724.1,5129.0,1121.8,0,0
BGH-148,1177.6,1398.9,15.3,1092.7,2,303.6,73.8,12384.2,5,106.5,1189.8,4.9,100,15440.1,5160.1,1161.0,0,0
BGH-120,1171.8,1690.4,14.1,1096.2,4,312.4,78.5,15240.8,12,165.7,224.0,4.1,100,15229.3,4555.5,1103.4,0,0
BGH-108,1281.7,1850.4,15.6,1046.4,5,273.6,76.1,16730.2,5,113.5,950.9,4.1,54,15254.8,4809.6,885.8,0,0
BGH-105,1249.9,1344.6,16.2,1085.8,3,286.9,75.2,13454.9,7,139.0,448.2,6.9,54,14853.9,4908.6,1506.3,0,0
BGH-144,1165.5,1756.0,16.6,1103.4,2,295.3,74.7,15927.5,13,75.3,3604.7,3.7,64,14953.0,5074.7,843.5,0,0
BGH-134,1208.3,1208.3,15.6,1098.3,4,273.0,82.8,15319.4,8,102.5,1357.4,3.6,64,15108.6,4400.1,650.9,0,0
BGH-138,1247.2,1540.1,17.0,1114.8,5,319.0,81.5,13694.5,12,57.3,7515.4,3.4,86,14271.9,4786.7,809.8,1,0
BGH-121,1165.4,1552.0,15.5,1155.6,5,311.3,77.9,14897.8,13,68.8,4658.2,3.3,100,14838.7,5230.3,789.6,0,0
BGH-140,1129.1,1203.2,14.5,1024.4,5,270.7,80.0,12906.8,12,40.1,16410.4,3.1,74,16094.4,4893.9,424.9,0,0
BGH-104,1110.2,1334.3,15.5,1068.3,3,285.6,84.8,16711.7,10,45.5,12726.1,3.7,86,15244.2,5195.4,852.9,1,0
BGH-141,1263.6,1314.9,15.3,1157.2,2,266.2,76.0,12940.6,13,176.8,172.0,3.9,86,15653.5,5037.4,603.9,0,0
BGH-122,1190.4,1237.7,15.9,1223.3,4,286.0,78.3,13804.2,10,73.9,3806.3,4.2,86,16225.6,4798.6,897.5,0,0
BGH-116,1214.6,966.8,15.7,1046.3,2,297.8,78.0,16805.1,9,132.9,532.0,3.6,74,16063.6,5041.1,1013.4,0,0
BGH-111,1171.3,1458.6,15.7,1068.7,5,256.0,84.0,13953.2,12,157.5,274.6,3.4,86,14939.8,5112.6,460.0,0,0
BGH-122,1136.6,1482.6,16.3,1034.6,3,310.9,75.3,13128.3,8,117.1,850.0,5.4,54,15604.7,4838.0,1285.1,0,0
BGH-115,1145.9,1481.1,15.2,998.2,3,291.6,84.8,15367.4,7,61.4,6313.2,6.2,54,16006.2,4743.5,1526.1,1,0
BGH-102,1132.9,1653.1,15.9,1113.7,5,319.3,74.6,18590.6,8,141.9,413.9,5.8,54,15060.8,4699.6,2063.0,0,0
BGH-129,1242.5,1112.4,15.7,1129.7,2,251.8,71.6,17328.2,13,124.0,689.5,5.5,86,16161.9,4985.4,841.9,0,0
BGH-121,1274.6,1423.8,15.6,1085.0,2,308.2,72.9,16220.3,8,142.4,408.3,5.0,86,15342.5,5101.4,1551.7,0,0
BGH-108,1201.9,2012.0,15.4,1085.5,3,305.4,76.4,16988.4,11,147.8,353.2,5.9,100,15799.0,4716.3,1616.6,0,0
BGH-128,1124.1,1677.4,14.5,1094.4,1,259.3,79.7,16032.8,5,176.6,172.8,7.1,64,15882.6,4596.8,1577.4,0,1
BGH-146,1224.8,1678.5,15.3,1071.6,3,273.5,77.8,15457.4,10,120.3,770.7,5.8,100,16128.0,4751.6,1198.6,0,0
BGH-136,1263.2,1296.7,15.3,1097.8,3,311.9,75.6,16828.0,12,87.8,2259.5,3.3,54,14831.0,4898.4,1061.1,0,0
BGH-122,1248.6,1460.8,14.9,1169.3,4,286.3,78.4,15694.2,11,130.8,565.0,5.6,64,15695.5,5026.5,1289.3,0,0
BGH-112,1198.5,1040.0,14.4,1058.6,3,278.1,82.6,14893.5,9,49.6,10551.6,5.4,100,16353.6,5212.7,1246.3,1,0
BGH-131,1188.3,1617.1,15.1,1085.8,1,313.4,82.6,15372.7,8,165.6,224.5,5.0,74,15663.1,4785.6,1470.6,0,0
BGH-145,1198.1,1780.1,15.1,1093.6,3,256.5,80.9,15664.2,6,56.7,7712.4,5.6,74,16204.7,5165.7,894.8,1,0
BGH-146,1261.3,1210.0,14.4,1071.6,2,283.1,84.3,15612.7,5,85.9,2420.6,6.0,74,15011.4,4669.5,1504.4,0,0
BGH-147,1238.0,1268.2,14.4,1103.4,4,295.7,78.9,15730.0,5,154.2,298.8,3.2,54,14298.4,5069.4,830.2,0,0
BGH-122,1180.7,1493.6,13.8,975.0,4,292.6,70.1,13026.2,9,123.6,697.8,5.2,64,15519.0,5137.0,930.4,0,0
